1,150.9999999975,77.0000000000
2,-155.5562953676,19.2160115668
3,-156.0438119880,21.4160943482
4,-156.5513668112,23.6367871537
5,-157.0814256850,25.8764523148
6,-157.6368002408,28.1333253357
7,-158.2207123399,30.4055124279
8,-158.8368730966,32.6909874455
9,-159.4895804044,34.9875877914
10,-160.1838401112,37.2930087010
11,-160.9255176423,39.6047951061
12,-161.7215291234,41.9203300040
13,-162.5800841432,44.2368178705
14,-163.5109965561,46.5512611263
15,-164.5260856345,48.8604269039
16,-165.6396980893,51.1608002794
17,-166.8693928875,53.4485185507
18,-168.2368465507,55.7192788197
19,-169.7690580229,57.9682076808
20,-171.4999602706,60.1896766631
21,-173.4725798442,62.3770393758
22,-175.7419195212,64.5222549144
23,-178.3787513857,66.6153457326
24,178.5255623206,68.6436162538
25,174.8534100308,70.5905340587
26,170.4555275876,72.4341637335
27,165.1491941750,74.1450938601
28,158.7281397334,75.6840396287
29,-153.8131708246,17.6943040862
30,-153.4740906592,20.3159314165
31,-153.6391607374,23.1058503217
32,-154.1346315565,25.3016757886
33,-154.6476264396,27.5240680147
34,-155.1805847280,29.7708867883
35,-155.7363089576,32.0398197180
36,-156.3180370958,34.3283845566
37,-156.9295326012,36.6339320192
38,-157.5751975714,38.9536486283
39,-158.2602160764,41.2845589306
40,-158.9907373296,43.6235261791
41,-159.7741119742,45.9672502311
42,-160.6191999460,48.3122609495
43,-161.5367758820,50.6549047178
44,-162.5400690389,52.9913207126
45,-163.6454909686,55.3174021091
46,-164.8736285559,57.6287351681
47,-166.2506167675,59.9205056568
48,-167.8100611028,62.1873564963
49,-169.5957637486,64.4231715129
50,-171.6656319406,66.6207453467
51,-174.0973223169,68.7712749990
52,-176.9963893060,70.8635678590
53,179.4921460338,72.8827956524
54,175.1682315244,74.8085272846
55,169.7588728601,76.6116675160
56,-152.0824201795,16.1420021869
57,-151.0644528762,18.6885118629
58,-151.3410676487,21.4015233955
59,-151.4778378436,24.1572165645
60,-151.6309014545,26.9288517209
61,-152.1262288180,29.1244016897
62,-152.6350057395,31.3535096648
63,-153.1593684518,33.6132955543
64,-153.7017932198,35.9006253654
65,-154.2651675109,38.2121235707
66,-154.8528802764,40.5441885660
67,-155.4689375476,42.8930107245
68,-156.1181119374,45.2545922975
69,-156.8061380983,47.6247681181
70,-157.5399712894,49.9992256876
71,-158.3281338312,52.3735227378
72,-159.1811858463,54.7430996873
73,-160.1123747082,57.1032834206
74,-161.1385461312,59.4492772919
75,-162.2814459236,61.7761297893
76,-163.5696175707,64.0786701630
77,-165.0412295595,66.3513921488
78,-166.7483890257,68.5882540673
79,-168.7638914162,70.7823397828
80,-171.1920596898,72.9252794721
81,-174.1865831997,75.0062392152
82,179.2308164849,77.2947769951
83,-150.3629553751,14.5612956286
84,-149.3878427863,17.1135122141
85,-148.9763610120,19.7555228438
86,-149.1562031463,22.4694710146
87,-149.2572086435,25.1958033060
88,-149.3748551907,27.9299436300
89,-149.5031393099,30.6858648874
90,-149.9881251354,32.8851144922
91,-150.4797684060,35.1264068623
92,-150.9793714357,37.4056698491
93,-151.4884582329,39.7184205686
94,-152.0088208696,42.0597996344
95,-152.5425792762,44.4246146948
96,-153.0922592690,46.8073924307
97,-153.6608956345,49.2024377094
98,-154.2521701269,51.6038981340
99,-154.8705988605,54.0058318131
100,-155.5217907997,56.4022757856
101,-156.2128105805,58.7873121674
102,-156.9526977918,61.1551286775
103,-157.7532267177,63.5000696261
104,-158.6300460309,65.8166724663
105,-159.6044381297,68.0996831294
106,-160.7061263010,70.3440395842
107,-161.9779295723,72.5448052015
108,-165.5044800173,75.1235299417
109,-170.4093296995,77.6057155631
110,-148.6535994996,12.9544816424
111,-147.7146049617,15.5099458700
112,-146.6520915495,18.0623962312
113,-146.8311135950,20.8048520385
114,-146.9186738870,23.5163231310
115,-146.9764951527,26.2176855929
116,-147.0496453077,28.9203266870
117,-147.1346970607,31.6341775014
118,-147.2228106730,34.3760232169
119,-147.6839617702,36.5830966929
120,-148.1401694423,38.8429091045
121,-148.5908494887,41.1492596850
122,-149.0353156009,43.4952100686
123,-149.4727480671,45.8731726899
124,-149.9021530525,48.2750244924
125,-150.3223093224,50.6922425233
126,-150.7316978713,53.1160563838
127,-151.1284077678,55.5376111944
128,-151.5100081233,57.9481338571
129,-151.8733706374,60.3390950580
130,-152.2144182003,62.7023596726
131,-152.5277598509,65.0303189482
132,-152.8061458622,67.3159988983
133,-153.0396285925,69.5531405028
134,-154.6414388494,72.2456797115
135,-156.7577150232,74.8941482146
136,-159.7570220385,77.5020359934
137,-146.9530961156,11.3239591892
138,-146.0440156339,13.8802675836
139,-145.0376601055,16.4392438175
140,-144.5573088172,19.0963783967
141,-144.6283744036,21.8326579493
142,-144.6279013339,24.5385125394
143,-144.6352278136,27.2187813723
144,-144.6549335310,29.8953041999
145,-144.6852724413,32.5748179949
146,-144.7215019638,35.2682917046
147,-144.7504512802,37.9963867443
148,-145.1690373900,40.2158974180
149,-145.5621017666,42.5022395910
150,-145.9249863900,44.8448899355
151,-146.2522084075,47.2318341190
152,-146.5372721335,49.6498265478
153,-146.7724278444,52.0847239202
154,-146.9483600210,54.5218719247
155,-147.0537808090,56.9465172545
156,-147.0748943609,59.3442128101
157,-146.9946828540,61.7011831515
158,-146.7919430218,64.0046197785
159,-146.4399695732,66.2428806807
160,-146.9373156354,68.9645088997
161,-147.5403455496,71.6505091164
162,-148.3486097030,74.3197530281
163,-149.5122796182,76.9808807563
164,-145.2601180882,9.6722226044
165,-144.3752754434,12.2271066620
166,-143.4160534288,14.7890341989
167,-142.3146106568,17.3441909999
168,-142.3980932171,20.1087158340
169,-142.3681338868,22.8349641109
170,-142.2835998005,25.5323787930
171,-142.2333066941,28.1948830819
172,-142.1908738401,30.8499954773
173,-142.1553784006,33.5020710333
174,-142.1245036067,36.1577277760
175,-142.0919460652,38.8288228859
176,-142.0380531075,41.5414091542
177,-142.3863916866,43.7793921307
178,-142.6700421164,46.1036508056
179,-142.8754343355,48.4931356882
180,-142.9870240862,50.9233697616
181,-142.9871360121,53.3675031613
182,-142.8558199673,55.7976174945
183,-142.5707332671,58.1861185001
184,-142.1070708409,60.5070358967
185,-141.4375804759,62.7370698987
186,-141.3103895748,65.4494006743
187,-141.1204169690,68.1195740368
188,-140.8837034544,70.7740562817
189,-140.5944249056,73.4248190499
190,-140.2302855169,76.0784732639
191,-143.5732759254,8.0018546174
192,-142.7075173034,10.5532574270
193,-141.7870988477,13.1147555819
194,-140.7572839090,15.6776279682
195,-140.2121623045,18.3449754802
196,-140.1750701645,21.0948589086
197,-140.0507628558,23.8076923390
198,-139.8858269923,26.4941954804
199,-139.7710656297,29.1416956703
200,-139.6581960493,31.7793906527
201,-139.5463450419,34.4100058882
202,-139.4340988704,37.0371955260
203,-139.3185910702,39.6668056627
204,-139.1922385337,42.3106977518
205,-139.0263844783,45.0021615282
206,-139.2581554119,47.2692833684
207,-139.3392561445,49.6490804852
208,-139.2364962698,52.0859640309
209,-138.9178042855,54.5162657096
210,-138.3554978857,56.8755029964
211,-137.5296565371,59.1057977007
212,-137.0453555981,61.7893432405
213,-136.4384809423,64.4207044228
214,-135.7053806272,67.0346062309
215,-134.8070978973,69.6424530680
216,-133.6734115875,72.2487059090
217,-132.1826562414,74.8544335638
218,-141.8911256648,6.3155187485
219,-141.0398146698,8.8616677841
220,-140.1505759732,11.4196655872
221,-139.1800912516,13.9849625674
222,-138.0471228449,16.5401363633
223,-138.0364423629,19.3192067136
224,-137.8893828553,22.0501323461
225,-137.6770670587,24.7467020071
226,-137.4350356901,27.4202020831
227,-137.2493373986,30.0548811159
228,-137.0582896287,32.6784154948
229,-136.8604315551,35.2925753804
230,-136.6540051389,37.8993087696
231,-136.4367464679,40.5010421935
232,-136.2052873520,43.1015787549
233,-135.9524698410,45.7097302828
234,-135.6417178102,48.3652168250
235,-135.6435742747,50.6912657760
236,-135.2337124116,53.1164635268
237,-134.3868923854,55.3893424676
238,-133.6938359573,58.0259891187
239,-132.8702582991,60.6064372152
240,-131.9069231725,63.1729375379
241,-130.7617781496,65.7330244127
242,-129.3700794148,68.2880096640
243,-127.6322356014,70.8363188381
244,-125.3883706636,73.3733464533
245,-140.2121763606,4.6159511020
246,-139.3711902054,7.1554259432
247,-138.5062239967,9.7072736797
248,-137.5837071459,12.2701797281
249,-136.5408400100,14.8344581858
250,-135.9355094079,17.5073948518
251,-135.7895274977,20.2613190877
252,-135.5427532894,22.9697929687
253,-135.2483406872,25.6478352456
254,-134.9321248955,28.3066403916
255,-134.6695174159,30.9301092637
256,-134.3932837735,33.5420056355
257,-134.1009285202,36.1437305682
258,-133.7895092437,38.7366212402
259,-133.4555103316,41.3219539538
260,-133.0946753393,43.9009450149
261,-132.7017805744,46.4747489305
262,-132.2703238082,49.0444530175
263,-131.7920880894,51.6110669625
264,-130.9756766814,54.1484147889
265,-130.0522309131,56.6808061885
266,-128.9946327008,59.2079525011
267,-127.7661870718,61.7289965658
268,-126.3160545232,64.2422338072
269,-124.5718887425,66.7446513619
270,-122.4275593536,69.2311376670
271,-119.7219288088,71.6930666405
272,-138.5348972431,2.9059515872
273,-137.7006248410,5.4377453733
274,-136.8537503649,7.9813190587
275,-135.9688300874,10.5376785980
276,-134.9987646776,13.1030618269
277,-133.8444073914,15.6561942749
278,-133.7392031083,18.4415984896
279,-133.4743226253,21.1656521224
280,-133.1375385020,23.8490958825
281,-132.7664164082,26.5069677025
282,-132.3784883469,29.1497952838
283,-132.0336228409,31.7631144977
284,-131.6661188414,34.3651890835
285,-131.2722422722,36.9575484671
286,-130.8475601337,39.5418412752
287,-130.3867941873,42.1200807369
288,-129.8838006290,44.6953676458
289,-129.3328005859,47.2746820891
290,-128.7487360075,49.8863167481
291,-127.8777999004,52.5583153510
292,-126.7270117501,55.1096159368
293,-125.4729721619,57.6230801930
294,-124.0371603910,60.1161439796
295,-122.3616455029,62.5909643495
296,-120.3731521947,65.0448593762
297,-117.9702031237,67.4716126625
298,-115.0071593129,69.8606114286
299,-136.8577246343,1.1883746159
300,-136.0270672418,3.7119481163
301,-135.1928407812,6.2457441889
302,-134.3361887478,8.7922358723
303,-133.4229693338,11.3518114573
304,-132.3815299380,13.9151452230
305,-131.7209433591,16.5891795966
306,-131.4626981738,19.3356066334
307,-131.0946221411,22.0265527883
308,-130.6767784258,24.6833680916
309,-130.2337091089,27.3200642036
310,-129.7760579421,29.9460394489
311,-129.3443434678,32.5497574098
312,-128.8806035659,35.1431752530
313,-128.3799521259,37.7283687908
314,-127.8368021478,40.3080608809
315,-127.2452391124,42.8865164059
316,-126.6013382291,45.4721060272
317,-125.9182993425,48.0865483238
318,-125.4027537300,50.8098768547
319,-123.8012770872,53.3714299336
320,-122.3322351948,55.8877043727
321,-120.7173944328,58.3638070264
322,-118.8705291117,60.8074089064
323,-116.7149755810,63.2180985023
324,-114.1566981047,65.5901180241
325,-111.0699177394,67.9124772565
326,-135.1790687205,-0.5338806643
327,-134.3494437004,1.9814466205
328,-133.5231704612,4.5046642856
329,-132.6865500045,7.0389585404
330,-131.8157400056,9.5872274116
331,-130.8615483750,12.1483120956
332,-129.7008838073,14.6980568567
333,-129.4969607132,17.4796235657
334,-129.1118725261,20.1822699251
335,-128.6551529152,22.8384892999
336,-128.1642314389,25.4680879768
337,-127.6532502392,28.0832383171
338,-127.1273393057,30.6918813925
339,-126.6050804051,33.2860902371
340,-126.0414520645,35.8714480760
341,-125.4308311268,38.4509344510
342,-124.7675336789,41.0289862568
343,-124.0479474908,43.6133381837
344,-123.2799752687,46.2200933574
345,-122.5372420971,48.8903226052
346,-121.3139584220,51.5356340316
347,-119.5761339456,54.0411847377
348,-117.7883565032,56.5018011278
349,-115.8031443928,58.9181202772
350,-113.5322909169,61.2903031126
351,-110.8869438775,63.6132903472
352,-107.7592855114,65.8765620308
353,-133.4973202856,-2.2578805269
354,-132.6666684801,0.2497242922
355,-131.8444165458,2.7623331985
356,-131.0207286898,5.2832267770
357,-130.1795734270,7.8163968026
358,-129.2891661541,10.3653617603
359,-128.2705836523,12.9245930757
360,-127.5601177693,15.5948827476
361,-127.1815607544,18.3176813528
362,-126.6940202175,20.9746236888
363,-126.1615930571,23.5961728280
364,-125.6043935421,26.1989685261
365,-125.0287095124,28.7928144804
366,-124.4354365801,31.3840157895
367,-123.8199684290,33.9684244280
368,-123.1542947517,36.5458601270
369,-122.4328218988,39.1205294979
370,-121.6515800909,41.6991549867
371,-120.8140245409,44.2939875151
372,-119.9546245978,46.9307357020
373,-119.2650353760,49.6713762174
374,-117.1911866140,52.1233225193
375,-115.2219497562,54.5590249197
376,-113.1155762946,56.9474734141
377,-110.7617376988,59.2839634353
378,-108.0720161316,61.5629008003
379,-104.9520918175,63.7742476476
380,-131.8108575254,-3.9806671343
381,-130.9776546369,-1.4796850064
382,-130.1562715463,1.0231062534
383,-129.3395987864,3.5306281678
384,-128.5171731167,6.0468583692
385,-127.6698203085,8.5770607522
386,-126.7517698895,11.1257011428
387,-125.6105982147,13.6711567928
388,-125.2950784667,16.4331362049
389,-124.7863511383,19.0937575640
390,-124.2178307571,21.7060947435
391,-123.6205608603,24.2946825269
392,-123.0024973170,26.8720416860
393,-122.3644008234,29.4453910029
394,-121.7040635488,32.0193749752
395,-120.9938781072,34.5933983139
396,-120.2256579750,37.1627241440
397,-119.3949612827,39.7331074858
398,-118.5020764417,42.3141246155
399,-117.5639482630,44.9235632983
400,-116.6603329344,47.5983957517
401,-115.1527684808,50.1718355400
402,-112.9855432174,52.5625677635
403,-110.7641247226,54.9174846065
404,-108.3455800270,57.2184800170
405,-105.6363623753,59.4568053769
406,-102.5505459710,61.6221351472
407,-130.1180530626,-5.6992692276
408,-129.2813253461,-3.2032182605
409,-128.4584576686,-0.7085992803
410,-127.6441056820,1.7868848853
411,-126.8314439547,4.2864649918
412,-126.0096227158,6.7950101084
413,-125.1552824649,9.3199419638
414,-124.1932989337,11.8669397352
415,-123.4392895512,14.5260944260
416,-122.9255559867,17.1976144795
417,-122.3253207841,19.7989170206
418,-121.6933069597,22.3707104381
419,-121.0395694223,24.9295884199
420,-120.3644874298,27.4837407718
421,-119.6652696385,30.0379019611
422,-118.9375384724,32.5951801122
423,-118.1323944016,35.1580425316
424,-117.2629085894,37.7188979606
425,-116.3272508191,40.2854030591
426,-115.3331643291,42.8706185384
427,-114.3188121068,45.4989977413
428,-113.4301751632,48.2205012799
429,-111.0454353825,50.5371383769
430,-108.7078603221,52.8478262036
431,-106.2331634791,55.1105918028
432,-103.5172877770,57.3097833026
433,-100.4778500107,59.4333515457
434,-128.4172812902,-7.4107129498
435,-127.5766257575,-4.9173051355
436,-126.7507418322,-2.4283453536
437,-125.9352789954,0.0577757950
438,-125.1254846584,2.5432290110
439,-124.3152772164,5.0313126845
440,-123.4942725851,7.5278104252
441,-122.6340293270,10.0440185471
442,-121.5672163724,12.5806806308
443,-121.1054325317,15.2876932783
444,-120.4764761718,17.8743203282
445,-119.8145575420,20.4252957995
446,-119.1316168624,22.9632970145
447,-118.4269442340,25.4970661552
448,-117.6969704852,28.0309775895
449,-116.9368598138,30.5676757794
450,-116.1407605559,33.1089903555
451,-115.2417695026,35.6598406185
452,-114.2741617717,38.2118587420
453,-113.2404744981,40.7750200074
454,-112.1596168667,43.3666180777
455,-111.0995057133,46.0190998090
456,-109.3690070344,48.5047312621
457,-106.9098189501,50.7559326998
458,-104.3810180699,52.9747823528
459,-101.6633738516,55.1342116871
460,-98.6738059136,57.2184911531
461,-126.7069261746,-9.1120327106
462,-125.8625353899,-6.6183900614
463,-125.0329511648,-4.1317151276
464,-124.2142453972,-1.6509442537
465,-123.4025774264,0.8251568895
466,-122.5939739449,3.2981928001
467,-121.7837653285,5.7707049296
468,-120.9642348857,8.2481673135
469,-120.1042037429,10.7482521993
470,-119.3201140917,13.3653016005
471,-118.6631132767,15.9276914641
472,-117.9768977180,18.4515112469
473,-117.2718102638,20.9664745706
474,-116.5448805697,23.4796538908
475,-115.7917034713,25.9939975459
476,-115.0071384685,28.5112108331
477,-114.1852588157,31.0324881728
478,-113.3191667876,33.5587482077
479,-112.3288490880,36.0967821282
480,-111.2681529976,38.6397626117
481,-110.1459701110,41.2004901665
482,-108.9964148134,43.8013940674
483,-107.9259101990,46.4844683531
484,-105.3373604855,48.6571399307
485,-102.7523067821,50.8236273065
486,-100.0326484630,52.9405836259
487,-97.0910822263,54.9862809077
488,-124.9853896464,-10.8002820090
489,-124.1380810668,-8.3029542872
490,-123.3049887199,-5.8143549648
491,-122.4822407813,-3.3336255391
492,-121.6661739520,-0.8599193096
493,-120.8532635097,1.6075945455
494,-120.0400591042,4.0697273540
495,-119.2231237919,6.5272674607
496,-118.3989740285,8.9809765599
497,-117.5640184224,11.4315855482
498,-116.8787278450,13.9283273201
499,-116.1780994645,16.4243821185
500,-115.4584959957,18.9205956522
501,-114.7159164665,21.4177769397
502,-113.9458990733,23.9166913863
503,-113.1434036029,26.4180512293
504,-112.3026667632,28.9225024798
505,-111.4170215820,31.4306071645
506,-110.4786689467,33.9428192123
507,-109.4009729557,36.4674057259
508,-108.2540780370,39.0014862916
509,-107.0553653331,41.5612992995
510,-105.8583034883,44.1754766417
511,-103.9620595354,46.5648294365
512,-101.3160199265,48.6680763074
513,-98.5908661780,50.7378964712
514,-95.6922488235,52.7440478759
515,-123.2511007069,-12.4725441325
516,-122.4023503717,-9.9675376322
517,-121.5668491294,-7.4720155931
518,-120.7406210989,-4.9848025347
519,-119.9198770549,-2.5045057962
520,-119.1009149806,-0.0292115322
521,-118.2800145676,2.4444640630
522,-117.4534905024,4.9253593144
523,-116.6225572557,7.4579710346
524,-115.7080241031,9.6010144933
525,-114.9742594865,11.9303770820
526,-114.4983525558,14.2097702968
527,-113.7199102083,16.7658959410
528,-112.9537020455,19.2767286091
529,-112.1661359195,21.7764623019
530,-111.3478382951,24.2725218227
531,-110.4919559421,26.7677387279
532,-109.5915896224,29.2635593195
533,-108.6390746913,31.7608280792
534,-107.6255718117,34.2600242267
535,-106.4658528787,36.7708300355
536,-105.2414076914,39.2966482479
537,-103.9802935815,41.8578783287
538,-102.7593629532,44.4905674631
539,-100.0461255031,46.5176758895
540,-97.3100264953,48.5339393969
541,-94.4474933201,50.4980480785
542,-121.5025253727,-14.1259426666
543,-120.6545055808,-11.6087596748
544,-119.8186338688,-9.1005916524
545,-118.9908711607,-6.5992685786
546,-118.1674173318,-4.1015987247
547,-117.3447629300,-1.6019840741
548,-116.5203036697,0.9119087784
549,-115.6968990500,3.4773480530
550,-114.7545490461,5.5469354101
551,-113.8711090365,7.7597244510
552,-113.0704159278,10.0655808649
553,-112.3738607851,12.4056465480
554,-111.7980045870,14.7193018448
555,-111.3529548675,16.9514150509
556,-110.4937464369,19.5190136959
557,-109.6414451082,22.0417948074
558,-108.7638868323,24.5464976166
559,-107.8474225202,27.0424426263
560,-106.8821578078,29.5337574246
561,-105.8586039528,32.0224967779
562,-104.7664748992,34.5096627266
563,-103.5314323762,37.0067705240
564,-102.2396864300,39.5256079800
565,-100.9321070709,42.0915607501
566,-98.9207751333,44.3807442944
567,-96.1671507906,46.3355056188
568,-93.3328857127,48.2536989090
569,-119.7381775671,-15.7576517564
570,-118.8937979989,-13.2233401413
571,-118.0605657809,-10.6961588869
572,-117.2346107370,-8.1721440044
573,-116.4126244953,-5.6448169857
574,-115.5925498637,-3.1018038213
575,-114.7766955706,-0.5143386154
576,-113.8324060984,1.5308116203
577,-112.9200313597,3.6783349448
578,-112.0483978539,5.9087352789
579,-111.2261489087,8.1990270726
580,-110.4614216742,10.5237933666
581,-109.7615399646,12.8565149600
582,-109.1327485689,15.1710114691
583,-108.5800103869,17.4428127391
584,-108.1068806605,19.6502969157
585,-107.1598541222,22.2149852599
586,-106.2069091933,24.7391944706
587,-105.2198017484,27.2424153581
588,-104.1826846586,29.7331482447
589,-103.0829298338,32.2155199095
590,-101.9081612854,34.6915259429
591,-100.6057346524,37.1755413922
592,-99.2583257048,39.6894433980
593,-97.9216048942,42.2645094601
594,-95.1432952210,44.1485494451
595,-92.3290649460,46.0157446075
596,-117.9566310562,-17.3649060795
597,-117.1195825914,-14.8081182827
598,-116.2930024818,-12.2550083325
599,-115.4735973535,-9.6989359093
600,-114.6593934307,-7.1285108129
601,-113.8517711064,-4.5212859820
602,-112.9106966729,-2.4842609376
603,-111.9919012479,-0.3698348408
604,-111.0988874207,1.8118190692
605,-110.2350846541,4.0489954634
606,-109.4038127702,6.3287226085
607,-108.6082487477,8.6371059557
608,-107.8513969455,10.9597297898
609,-107.1360626187,13.2820902812
610,-106.4648284869,15.5900295407
611,-105.8400341622,17.8701403270
612,-105.2637584048,20.1101148676
613,-104.7378043809,22.2990180949
614,-103.6891170732,24.8523424632
615,-102.6188154464,27.3687490470
616,-101.5013879081,29.8624460219
617,-100.3193761497,32.3403615866
618,-99.0574780829,34.8058990844
619,-97.6967060134,37.2780422342
620,-96.3064032871,39.7899075849
621,-94.2227630793,41.9783034951
622,-91.4202436587,43.7883751548
623,-116.1565325019,-18.9450105033
624,-115.3313327654,-16.3600710570
625,-114.5164482493,-13.7736769425
626,-113.7097252848,-11.1755881259
627,-112.9116454153,-8.5478426145
628,-111.9757324164,-6.5103564092
629,-111.0582059594,-4.4120668324
630,-110.1601472896,-2.2592258503
631,-109.2825632305,-0.0588439075
632,-108.4263937378,2.1814012423
633,-107.5925212240,4.4532810709
634,-106.7817810986,6.7481546644
635,-105.9949729217,9.0571238745
636,-105.2328715586,11.3711988627
637,-104.4962377562,13.6814668560
638,-103.7858276288,15.9792566631
639,-103.1024006377,18.2562918335
640,-102.4467257702,20.5048262196
641,-101.8195857510,22.7177570289
642,-101.2217792535,24.8887120689
643,-100.0537087526,27.4233187455
644,-98.8462349767,29.9229972803
645,-97.5751380140,32.3980265830
646,-96.2212138217,34.8535524235
647,-94.8120624958,37.3157300651
648,-93.3924793835,39.8293674688
649,-90.5934508930,41.5753126561
650,-114.3366156784,-20.4953494163
651,-113.5286551085,-17.8763299651
652,-112.7315639935,-15.2489742081
653,-111.9450203872,-12.5985204059
654,-111.0154996563,-10.5546295035
655,-110.1029941121,-8.4618796464
656,-109.2072647389,-6.3245221081
657,-108.3280146769,-4.1472149868
658,-107.4648997716,-1.9349858123
659,-106.6175392623,0.3068152704
660,-105.7855264402,2.5725709756
661,-104.9684391185,4.8564598350
662,-104.1658497669,7.1525250800
663,-103.3773351793,9.4547475722
664,-102.6024855624,11.7571206845
665,-101.8409129463,14.0537249150
666,-101.0922588417,16.3388000252
667,-100.3562010852,18.6068126140
668,-99.6324598350,20.8525172791
669,-98.9208027009,23.0710098371
670,-98.2210490069,25.2577714658
671,-97.5330732104,27.4087030553
672,-96.2247991798,29.9167341313
673,-94.8571551208,32.3900308510
674,-93.4059782443,34.8357215840
675,-91.9591471472,37.2905781070
676,-89.8379524891,39.3798749720
677,-112.4957168605,-22.0133957372
678,-111.7113038525,-19.3541964183
679,-110.9391749105,-16.6780044427
680,-110.0173292914,-14.6228341760
681,-109.1124298003,-12.5279714211
682,-108.2233971876,-10.3965026495
683,-107.3491301923,-8.2317425708
684,-106.4885106772,-6.0372177894
685,-105.6404081113,-3.8166465516
686,-104.8036834279,-1.5739147618
687,-103.9771922847,0.6869514268
688,-103.1597877555,2.9618160138
689,-102.3503224785,5.2464660012
690,-101.5476502869,7.5366460486
691,-100.7506273444,9.8280942166
692,-99.9581128047,12.1165780360
693,-99.1689690108,14.3979301243
694,-98.3820612464,16.6680825828
695,-97.5962570497,18.9230994569
696,-96.8104250918,21.1592066115
697,-96.0234336221,23.3728184716
698,-95.2341484757,25.5605611864
699,-94.4414306356,27.7192919054
700,-93.6441333339,29.8461139746
701,-92.1719959800,32.3183607873
702,-90.6180898220,34.7540778976
703,-89.1448044526,37.2050234004
704,-110.6327913465,-23.4967196204
705,-109.8791947781,-20.7911555457
706,-108.9667938851,-18.7202654566
707,-108.0720032456,-16.6171051746
708,-107.1931265437,-14.4840102097
709,-106.3284958808,-12.3234459678
710,-105.4764688608,-10.1380012839
711,-104.6354251491,-7.9303801016
712,-103.8037625626,-5.7033913508
713,-102.9798927318,-3.4599371214
714,-102.1622363616,-1.2029992781
715,-101.3492181052,1.0643752977
716,-100.5392610555,3.3390906083
717,-99.7307808441,5.6180183229
718,-98.9221793334,7.8980151505
719,-98.1118378718,10.1759404947
720,-97.2981100797,12.4486740681
721,-96.4793141189,14.7131331453
722,-95.6537243946,16.9662891401
723,-94.8195626276,19.2051832098
724,-93.9749882279,21.4269406139
725,-93.1180878917,23.6287835865
726,-92.2468643365,25.8080425176
727,-91.3592240842,27.9621652780
728,-90.4529641907,30.0887245661
729,-89.5257578241,32.1854231929
730,-87.8634756721,34.6106901693
731,-85.1475875676,34.4079795440
732,-85.7320949521,36.6041159328
733,-86.3572539860,38.8192298873
734,-87.0289504290,41.0514005807
735,-87.7542020807,43.2985118670
736,-88.5414400502,45.5582301195
737,-89.4008760630,47.8279746766
738,-90.3449871614,50.1048777032
739,-91.3891623456,52.3857288233
740,-92.5525750957,54.6668976758
741,-93.8593743711,56.9442241624
742,-95.3403290716,59.2128608586
743,-97.0351231788,61.4670436532
744,-98.9955879457,63.6997531861
745,-101.2902775426,65.9022078585
746,-104.0109313130,68.0630941547
747,-107.2814390801,70.1673853015
748,-111.2696492463,72.1945207704
749,-116.2008626008,74.1156330402
750,-122.3668289219,75.8895151395
751,-130.1106687226,77.4574912908
752,-139.7421049851,78.7392514808
753,-151.3207582710,79.6363096486
754,-164.3435976579,80.0542859213
755,-177.6628588589,79.9448866184
756,170.0270798993,79.3365265993
757,159.5314750096,78.3190669972
758,-83.1572984095,32.8898300692
759,-82.7581961267,35.5102831094
760,-82.9352580737,38.3008251454
761,-83.5132674858,40.4977351305
762,-84.1295686774,42.7198553423
763,-84.7903751845,44.9648180787
764,-85.5032185936,47.2300215378
765,-86.2773154533,49.5126124927
766,-87.1240620272,51.8094618794
767,-88.0577109497,54.1171293467
768,-89.0963109585,56.4318107299
769,-90.2630337366,58.7492590745
770,-91.5880808666,61.0646643389
771,-93.1114766787,63.3724676185
772,-94.8872396509,65.6660696152
773,-96.9897365216,67.9373643266
774,-99.5235371893,70.1759764083
775,-102.6388947606,72.3679829594
776,-106.5560383498,74.4937184624
777,-111.6019485708,76.5239362587
778,-118.2587767734,78.4131131224
779,-127.1962735519,80.0884689672
780,-139.1642699615,81.4359676485
781,-154.4425530970,82.2983894664
782,-171.8041887817,82.5260301103
783,171.5048163312,82.0849954752
784,157.6987331807,81.0942874895
785,-81.2157573726,31.3255345980
786,-80.0182507471,33.8574041081
787,-80.2788067582,36.5745069428
788,-80.3802083300,39.3319246545
789,-80.5019108156,42.1054647558
790,-81.0560955963,44.3073913284
791,-81.6427703891,46.5418088541
792,-82.2678726062,48.8056918098
793,-82.9387388265,51.0957151236
794,-83.6645429372,53.4082505096
795,-84.4569092242,55.7393589687
796,-85.3307867861,58.0847753199
797,-86.3057234053,60.4398780801
798,-87.4077658827,62.7996336976
799,-88.6723712632,65.1584964832
800,-90.1490018623,67.5102314011
801,-91.9086252168,69.8475993268
802,-94.0564219451,72.1617881287
803,-96.7542173408,74.4413517402
804,-100.2617934915,76.6701432410
805,-105.0158465897,78.8230647480
806,-111.7822618089,80.8568174925
807,-121.9201087916,82.6890677689
808,-137.5646115567,84.1552304294
809,-160.1653661229,84.9642052232
810,174.4718318152,84.8403524874
811,152.4623519278,83.2215024173
812,-79.3210335272,29.7180088923
813,-78.1568454410,32.2474013731
814,-77.5995790218,34.8774255963
815,-77.7078100496,37.5951519913
816,-77.7217035975,40.3230275333
817,-77.7509533865,43.0591042599
818,-77.7875323166,45.8171704690
819,-78.2928743490,48.0279502781
820,-78.8185752441,50.2799073820
821,-79.3688926400,52.5689216132
822,-79.9492017890,54.8904427379
823,-80.5663888393,57.2395172384
824,-81.2294247053,59.6108208567
825,-81.9502239386,61.9986939339
826,-82.7449678539,64.3971745539
827,-83.6362120068,66.8000210772
828,-84.6563762461,69.2007093164
829,-85.8537965002,71.5923767241
830,-87.3038138851,73.9676573900
831,-89.1305074663,76.3182821210
832,-91.5529942540,78.6341300734
833,-94.9950364739,80.9008419962
834,-100.3817643147,83.0930257223
835,-110.0827243082,85.1508966871
836,-131.1460299290,86.8793092418
837,174.6284749576,87.0789820792
838,142.5495455641,85.2698699167
839,-77.4710152594,28.0702278250
840,-76.3335714315,30.5952374533
841,-75.0219153989,33.1069442733
842,-75.0874281004,35.8540595744
843,-75.0443786392,38.5665261090
844,-74.9586864543,41.2675987271
845,-74.8807905767,43.9704099771
846,-74.8045770001,46.6847257828
847,-74.7155508338,49.4269216470
848,-75.1350895796,51.6497799231
849,-75.5511041297,53.9243575816
850,-75.9630181348,56.2444602029
851,-76.3700744606,58.6031562398
852,-76.7712543048,60.9928652668
853,-77.1651543310,63.4054715360
854,-77.5497941386,65.8324593952
855,-77.9223029449,68.2650654748
856,-78.2783859386,70.6944411513
857,-78.6113638844,73.1118177082
858,-78.9103237435,75.5086657522
859,-79.1562405543,77.8768392263
860,-79.3128863446,80.2086906418
861,-79.3019822936,82.4971289945
862,-78.9178046315,84.7355167966
863,-86.0669380480,87.4399397665
864,177.1227934888,89.3502108603
865,119.5099852951,87.0047495765
866,-75.6634542832,26.3852152024
867,-74.5468012667,28.9038392320
868,-73.2878808396,31.4152569957
869,-72.5822892481,34.0453502165
870,-72.4817971763,36.7812144495
871,-72.2886407668,39.4828023567
872,-72.0912760674,42.1589170860
873,-71.8914590989,44.8315705446
874,-71.6837900069,47.5073507405
875,-71.4574245433,50.1968745202
876,-71.1871387217,52.9198939407
877,-71.4650631310,55.1570970612
878,-71.6930466877,57.4589192833
879,-71.8586347854,59.8146456978
880,-71.9453386974,62.2119995122
881,-71.9308576174,64.6373617989
882,-71.7842808932,67.0760391151
883,-71.4615254210,69.5125380260
884,-70.8975783267,71.9307788071
885,-69.9926479139,74.3141333316
886,-68.5859777190,76.6450702901
887,-66.4028875245,78.9039354716
888,-62.9391287336,81.0656756514
889,-58.7716558844,83.7394230586
890,-48.7121235660,86.2976856818
891,-7.8280126802,88.3453911693
892,70.4292793332,87.5322117550
893,-73.8960037665,24.6660344617
894,-72.7947817420,27.1762740952
895,-71.5788366960,29.6842933018
896,-70.1667068526,32.1706506924
897,-70.0454445879,34.9344594592
898,-69.7837500751,37.6526830571
899,-69.4418573933,40.3380924129
900,-69.1210034389,42.9901712576
901,-68.7847940900,45.6346276592
902,-68.4273224979,48.2756346810
903,-68.0391214207,50.9194772109
904,-67.6023316014,53.5772920641
905,-67.0742335868,56.2731863423
906,-67.1239019917,58.5256165621
907,-67.0311817644,60.8580575006
908,-66.7561131690,63.2481281436
909,-66.2457649423,65.6694758833
910,-65.4289089764,68.0925293775
911,-64.2080533307,70.4853152245
912,-62.4474756745,72.8140538398
913,-59.9554999458,75.0431457786
914,-56.4597104367,77.1340544003
915,-52.1939599889,79.7101209751
916,-45.2425400095,82.1509591633
917,-32.5949269460,84.3685145568
918,-7.2134493323,86.0152295198
919,32.8369054205,86.2525748140
920,-72.1662508495,22.9157799913
921,-71.0756636288,25.4157374750
922,-69.8938568462,27.9172623186
923,-68.5555338467,30.4067773868
924,-67.7135976963,33.0285451936
925,-67.4133352980,35.7674724736
926,-66.9955843255,38.4622345990
927,-66.5065927425,41.1265355364
928,-66.0510383045,43.7545771319
929,-65.5647393716,46.3716359415
930,-65.0401260459,48.9801295666
931,-64.4669136126,51.5832778625
932,-63.8297852003,54.1862384192
933,-63.1014916229,56.7995216039
934,-62.2122227431,59.4524836990
935,-61.8912718606,61.7198191819
936,-61.2288462666,64.0810534008
937,-60.1278634964,66.4750175655
938,-58.4747962136,68.8305695764
939,-56.1441817835,71.0733343211
940,-53.0102497491,73.1327731154
941,-49.2979723960,75.6360493382
942,-44.1252736254,78.0067953824
943,-36.5924431694,80.2257128864
944,-25.0637879202,82.1886841314
945,-7.1784893130,83.6604307948
946,17.4699899401,84.2463294093
947,-70.4717439649,21.1375688555
948,-69.3875280211,23.6255394788
949,-68.2319140254,26.1176317410
950,-66.9534317933,28.6052014174
951,-65.4568999448,31.0625480338
952,-65.1584800901,33.8302080310
953,-64.6893145668,36.5375888224
954,-64.1209853150,39.2037231794
955,-63.4868653108,41.8424025371
956,-62.8863885152,44.4455159619
957,-62.2376176803,47.0348526627
958,-61.5303335642,49.6116222065
959,-60.7515439485,52.1770536317
960,-59.8842377490,54.7326209002
961,-58.9049318999,57.2807849852
962,-57.7763706101,59.8281252940
963,-56.3957524336,62.4073816230
964,-55.4137654797,64.6920094989
965,-53.5780227635,67.0120857271
966,-50.8628457526,69.1057967422
967,-47.6540544337,71.5417151444
968,-43.5547541537,73.8559876802
969,-38.1805902997,76.0602573652
970,-30.9279593162,78.1068801194
971,-20.9336488941,79.9016991797
972,-7.2553003652,81.2845691012
973,10.1997610347,82.0310482628
974,-68.8100154449,19.3345327464
975,-67.7284094485,21.8090905424
976,-66.5918989516,24.2891081815
977,-65.3606323359,26.7699047327
978,-63.9612267804,29.2350584192
979,-62.9963026789,31.8412183838
980,-62.5058500114,34.5679086657
981,-61.8782813504,37.2381454255
982,-61.1651514162,39.8712113303
983,-60.3882641510,42.4802129365
984,-59.6340492252,45.0566903013
985,-58.8123257032,47.6169525989
986,-57.9095218204,50.1614444987
987,-56.9085983831,52.6902892899
988,-55.7878458843,55.2031986808
989,-54.5191655718,57.6993382103
990,-53.0655659059,60.1771241621
991,-51.3774432377,62.6339117969
992,-49.3869441268,65.0655061574
993,-46.6055776103,67.3950794001
994,-43.2285892835,69.6675954896
995,-39.0534284683,71.8620869936
996,-33.7966487664,73.9462513767
997,-27.0734840069,75.8699197285
998,-18.4101287629,77.5558906471
999,-7.3728468309,78.8912633077
1000,6.0592847210,79.7323846240
1001,-67.1785999373,17.5098100244
1002,-66.0963159675,19.9698860875
1003,-64.9726386677,22.4356136734
1004,-63.7772826346,24.9053059426
1005,-62.4551451469,27.3698817950
1006,-60.8931202914,29.7963444459
1007,-60.4267299472,32.5548631267
1008,-59.7620521869,35.2340961870
1009,-58.9867860517,37.8627712578
1010,-58.1348745297,40.4591053773
1011,-57.2180141747,43.0348619991
1012,-56.3030776964,45.5822925781
1013,-55.3004165730,48.1112594688
1014,-54.1927947723,50.6218065314
1015,-52.9585699496,53.1136910074
1016,-51.5701710218,55.5864841380
1017,-49.9919430846,58.0400974310
1018,-48.1776042997,60.4774144470
1019,-46.0831677304,62.9239829651
1020,-43.2591897093,65.3577230343
1021,-39.7242248545,67.5901094573
1022,-35.5723635379,69.7164975776
1023,-30.5373129378,71.7189412806
1024,-24.3588871508,73.5579671192
1025,-16.7581247848,75.1736968266
1026,-7.5098794353,76.4842676393
1027,3.3896679975,77.3906350908
1028,-65.5750491543,15.6665377565
1029,-64.4892464953,18.1114902149
1030,-63.3729139975,20.5612585105
1031,-62.2034553686,23.0162231445
1032,-60.9406794123,25.4727151537
1033,-59.5025725198,27.9125552200
1034,-58.4287525001,30.4967908211
1035,-57.7563832277,33.1944012353
1036,-56.9353739643,35.8216085556
1037,-56.0230784055,38.4055533450
1038,-55.0385606012,40.9622978268
1039,-53.9849749617,43.5017527270
1040,-52.9045711127,46.0171786906
1041,-51.7160358682,48.5119815202
1042,-50.3986345200,50.9861306871
1043,-48.9265251077,53.4396924462
1044,-47.2673900273,55.8735948822
1045,-45.3819366801,58.2922527373
1046,-43.2347594197,60.7147263441
1047,-40.9933612374,63.2489638953
1048,-37.0505426630,65.3974128673
1049,-32.9044238700,67.4740924754
1050,-28.0925570723,69.4185977794
1051,-22.3956057122,71.1987902678
1052,-15.6282442293,72.7686829402
1053,-7.6578782030,74.0674539846
1054,1.5173087703,75.0233405326
1055,-63.9969434637,13.8078436949
1056,-62.9052056685,16.2375185168
1057,-61.7914760529,18.6703107309
1058,-60.6391603240,21.1078265723
1059,-59.4198372691,23.5499874461
1060,-58.0766564741,25.9892586566
1061,-56.4727228283,28.3851928212
1062,-55.8444988665,31.1198108412
1063,-54.9960167887,33.7512531109
1064,-54.0360587609,36.3238943398
1065,-52.9970819691,38.8612068781
1066,-51.8861768612,41.3763103379
1067,-50.6995606169,43.8769264365
1068,-49.4515302975,46.3570368469
1069,-48.0756875164,48.8144355507
1070,-46.5484874494,51.2493597025
1071,-44.8413294561,53.6629014658
1072,-42.9206829885,56.0589584646
1073,-40.7545911679,58.4505508510
1074,-38.3669068369,60.8856089873
1075,-35.0828038092,63.1750803780
1076,-30.8767614567,65.1828003222
1077,-26.2467599142,67.0767725603
1078,-20.9488977464,68.8124193757
1079,-14.8348777223,70.3507886386
1080,-7.8128062216,71.6447818864
1081,0.1226314526,72.6402150766
1082,-62.4419008001,11.9368381801
1083,-61.3422165193,14.3516201382
1084,-60.2270617622,16.7671626711
1085,-59.0843572379,19.1855818622
1086,-57.8946017356,21.6087741894
1087,-56.6203676427,24.0359219489
1088,-55.1727086454,26.4505830656
1089,-54.0044524146,29.0070384252
1090,-53.1549158250,31.6541590525
1091,-52.1589077456,34.2176740152
1092,-51.0762215228,36.7352352198
1093,-49.9202835688,39.2252404943
1094,-48.6891170984,41.6974295437
1095,-47.3735737516,44.1571844342
1096,-45.9586018086,46.5985404146
1097,-44.3978233010,49.0152417899
1098,-42.6660862902,51.4082095665
1099,-40.7344594203,53.7804346986
1100,-38.5739225848,56.1407591745
1101,-36.1766508239,58.5158415968
1102,-33.6921608713,60.9973731411
1103,-29.3521194282,62.8840551523
1104,-24.8494335385,64.7193223802
1105,-19.8706464886,66.4146659568
1106,-14.2708156258,67.9282456279
1107,-7.9725388944,69.2202647207
1108,-0.9642321800,70.2477407866
1109,-60.9075833347,10.0566059805
1110,-59.7983312582,12.4574592571
1111,-58.6784084103,14.8562951312
1112,-57.5389695398,17.2551851583
1113,-56.3669259719,19.6566856247
1114,-55.1389717952,22.0632986460
1115,-53.8021841112,24.4728181329
1116,-52.1902638287,26.8415123098
1117,-51.3984224070,29.5311949366
1118,-50.3784083104,32.0897806226
1119,-49.2606738861,34.5870842257
1120,-48.0696555445,37.0509552912
1121,-46.8055326026,39.4941066173
1122,-45.4599830725,41.9228272791
1123,-44.0199543606,44.3401928503
1124,-42.4417037484,46.7394732360
1125,-40.7022719253,49.1124723875
1126,-38.7765491709,51.4613404649
1127,-36.6385050253,53.7920962652
1128,-34.2709607922,56.1210511863
1129,-31.7104253639,58.4947614021
1130,-28.2237127944,60.6130172771
1131,-23.7940946897,62.3680630337
1132,-19.0635829645,64.0188028143
1133,-13.8700055001,65.5083580804
1134,-8.1358801957,66.7979341715
1135,-1.8415652541,67.8508721813
1136,-59.3917023032,8.1701981094
1137,-58.2716404380,10.5586961955
1138,-57.1442672014,12.9422397852
1139,-56.0028986142,15.3224916845
1140,-54.8387306226,17.7017318073
1141,-53.6379269420,20.0831774702
1142,-52.3721806656,22.4706166711
1143,-50.9566755472,24.8582331309
1144,-49.7093942353,27.3793526148
1145,-48.6828224673,29.9425558939
1146,-47.5368427324,32.4183971747
1147,-46.3189290970,34.8543698759
1148,-45.0315301373,37.2676022019
1149,-43.6667537353,39.6653265299
1150,-42.2122885220,42.0506568934
1151,-40.6524533418,44.4245630605
1152,-38.9175549359,46.7788169919
1153,-37.0095468534,49.1057391110
1154,-34.9053353829,51.4094261017
1155,-32.5855341609,53.7003755646
1156,-30.0529164087,56.0055187740
1157,-27.4089524288,58.3986498093
1158,-23.0040666955,60.0416337645
1159,-18.4615419041,61.6363825205
1160,-13.5896234622,63.0978360355
1161,-8.3021293572,64.3818041246
1162,-2.5700666122,65.4537573275
1163,-57.8920213446,6.2806236803
1164,-56.7602807582,8.6589683937
1165,-55.6234158609,11.0295405447
1166,-54.4760381978,13.3934397321
1167,-53.3119031903,15.7521696903
1168,-52.1228008976,18.1080571627
1169,-50.8950892932,20.4651314644
1170,-49.5943037089,22.8299704835
1171,-48.0379967718,25.1768699837
1172,-47.0616942174,27.7778862213
1173,-45.8924710132,30.2291215907
1174,-44.6548481671,32.6340249060
1175,-43.3527849509,35.0161277672
1176,-41.9779908176,37.3830858381
1177,-40.5185861227,39.7375807981
1178,-38.9601009660,42.0801184171
1179,-37.2852492788,44.4099014405
1180,-35.4031402332,46.7167928158
1181,-33.3400913508,48.9962111442
1182,-31.0771643032,51.2551127594
1183,-28.6055197430,53.5102638388
1184,-25.9558669979,55.8029268364
1185,-22.4231127867,57.7559350451
1186,-18.0181163129,59.2776349771
1187,-13.4007384954,60.7029344330
1188,-8.4708691478,61.9758348762
1189,-3.1892095060,63.0600719441
1190,-56.4063586647,4.3908418759
1191,-55.2624417442,6.7618715034
1192,-54.1146703005,9.1227146344
1193,-52.9582885256,11.4739722547
1194,-51.7882987852,13.8163386253
1195,-50.5991870966,16.1507663542
1196,-49.3842062659,18.4789355428
1197,-48.1324854403,20.8048415733
1198,-46.8055686407,23.1406336931
1199,-45.5056705376,25.5972775536
1200,-44.3164005133,28.0145895923
1201,-43.0670094028,30.3831755088
1202,-41.7588423467,32.7333623262
1203,-40.3822277518,35.0708305195
1204,-38.9256859670,37.3967628157
1205,-37.3759712922,39.7107578030
1206,-35.7176441409,42.0114873783
1207,-33.9325342935,44.2968243501
1208,-31.9151540616,46.5548531917
1209,-29.7135295991,48.7865608049
1210,-27.3150110459,51.0028723781
1211,-24.7250171398,53.2289142851
1212,-22.0092412266,55.5243551663
1213,-17.6998788759,56.9516547290
1214,-13.2831318911,58.3295021368
1215,-8.6418537727,59.5838984670
1216,-3.7257607115,60.6731835569
1217,-54.9325883008,2.5037541182
1218,-53.7763715155,4.8709408597
1219,-52.6168953688,7.2262141517
1220,-51.4495698560,9.5699583839
1221,-50.2697414998,11.9024916137
1222,-49.0726210953,14.2240543278
1223,-47.8532088767,16.5347966934
1224,-46.6062149015,18.8347637208
1225,-45.3259723292,21.1238776732
1226,-44.0063410741,23.4019169407
1227,-42.8051967070,25.7444938133
1228,-41.5551706348,28.0780080142
1229,-40.2483757257,30.4020566869
1230,-38.8758671968,32.7159971893
1231,-37.4274189445,35.0188952696
1232,-35.8912539402,37.3094592751
1233,-34.2537185094,39.5859562906
1234,-32.4988890112,41.8461048240
1235,-30.6080988668,44.0869369963
1236,-28.4694673945,46.2956246632
1237,-26.1479917414,48.4808423830
1238,-23.6392777770,50.6587660585
1239,-20.9662250594,52.8651898874
1240,-17.4821845822,54.6664847005
1241,-13.2222675107,55.9829885718
1242,-8.8149455618,57.2097458823
1243,-4.1985097236,58.2962345102
1244,-53.4686407254,0.6221965295
1245,-52.3003818304,2.9896335915
1246,-51.1290147069,5.3443888728
1247,-49.9498350203,7.6871171850
1248,-48.7580256371,10.0186299708
1249,-47.5484999424,12.3401823927
1250,-46.3156091441,14.6543907353
1251,-45.0524342445,16.9691610649
1252,-43.7501279909,19.3282427507
1253,-42.4058443093,21.2830468276
1254,-41.1898796789,23.4466571662
1255,-40.2291501788,25.6022730872
1256,-38.8613207194,27.9699384927
1257,-37.4779172929,30.2883723737
1258,-36.0323550893,32.5844051424
1259,-34.5079789859,34.8626488607
1260,-32.8908102465,37.1234298736
1261,-31.1660794995,39.3654416056
1262,-29.3171628047,41.5863292242
1263,-27.3249456595,43.7827777832
1264,-25.0806600207,45.9428063128
1265,-22.6595685015,48.0843157817
1266,-20.0672075968,50.2301433193
1267,-17.3464868733,52.4291528883
1268,-13.2074401957,53.6684315789
1269,-8.9900772469,54.8569767773
1270,-4.6210357368,55.9321837488
1271,-52.0125030003,-1.2510672247
1272,-50.8328525720,1.1213116176
1273,-49.6500197232,3.4814510246
1274,-48.4590806804,5.8309458469
1275,-47.2549160788,8.1723487886
1276,-46.0320063856,10.5105456553
1277,-44.7842360288,12.8571207143
1278,-43.5061005975,15.2490502285
1279,-42.1717010162,17.1261701972
1280,-40.8501946782,19.1483969507
1281,-39.5726780827,21.2710282032
1282,-38.3711541462,23.4408281418
1283,-37.2751445995,25.6023562500
1284,-36.3086065857,27.7046336914
1285,-34.7936018723,30.0496124873
1286,-33.2529609031,32.3437417119
1287,-31.6423175370,34.6061934679
1288,-29.9394744504,36.8422566196
1289,-28.1263631347,39.0525591031
1290,-26.1848031497,41.2354539708
1291,-24.0949585298,43.3877324903
1292,-21.7616504373,45.5010326221
1293,-19.2619307519,47.6032311217
1294,-16.6125674664,49.7253066790
1295,-13.2306010759,51.3904389599
1296,-9.1672284417,52.5290122844
1297,-5.0033993331,53.5838267499
1298,-50.5622186612,-3.1133526259
1299,-49.3722358162,-0.7307742470
1300,-48.1789776927,1.6414426716
1301,-46.9773570129,4.0066542708
1302,-45.7621471996,6.3706997259
1303,-44.5280397104,8.7453512529
1304,-43.2707912767,11.1591880795
1305,-41.9592244028,13.0110840303
1306,-40.6431298701,14.9634535312
1307,-39.3328832235,16.9987978715
1308,-38.0396712460,19.0963176608
1309,-36.7751218799,21.2328942780
1310,-35.5508824540,23.3843294382
1311,-34.3781809489,25.5266913014
1312,-33.2674085332,27.6375942064
1313,-32.2277594657,29.6972566153
1314,-30.5595820730,32.0014578655
1315,-28.8470654548,34.2551869240
1316,-27.0509708113,36.4706964007
1317,-25.1466154032,38.6516115648
1318,-23.1128786029,40.7975967106
1319,-20.9286459233,42.9059247445
1320,-18.5234424969,44.9757116803
1321,-15.9661259701,47.0445923840
1322,-13.2855879765,49.1531705589
1323,-9.3464103897,50.2290713471
1324,-5.3532160655,51.2538036441
1325,-49.1158874922,-4.9620604475
1326,-47.9170595994,-2.5634988738
1327,-46.7150389792,-0.1717937257
1328,-45.5047755900,2.2191076940
1329,-44.2814199145,4.6200763268
1330,-43.0411548734,7.0533723118
1331,-41.7504333556,8.8967250520
1332,-40.4520324760,10.8145568568
1333,-39.1498034805,12.7975441511
1334,-37.8478297617,14.8348973296
1335,-36.5503839510,16.9146156152
1336,-35.2618808800,19.0238184792
1337,-33.9868271914,21.1491340595
1338,-32.7297683145,23.2771181983
1339,-31.4952335481,25.3946739827
1340,-30.2876801395,27.4894417382
1341,-29.1114375040,29.5501332765
1342,-27.9706530261,31.5667910772
1343,-26.1366483879,33.8165598331
1344,-24.2373266712,36.0144899351
1345,-22.2373817515,38.1677098391
1346,-20.1109888377,40.2775684338
1347,-17.8349690015,42.3420905144
1348,-15.3749936305,44.3728505454
1349,-12.7805418804,46.4159175462
1350,-9.5276557241,47.9601508983
1351,-5.6763599666,48.9446010174
1352,-47.6716653276,-6.7946822894
1353,-46.4659314822,-4.3738759315
1354,-45.2574433698,-1.9546411327
1355,-44.0415152800,0.4727785887
1356,-42.8143966515,2.9261254275
1357,-41.5408837917,4.7694264215
1358,-40.2604387757,6.6704402031
1359,-38.9742433103,8.6232761588
1360,-37.6834741988,10.6212927009
1361,-36.3893030853,12.6571870862
1362,-35.0928985077,14.7231111180
1363,-33.7954299995,16.8108091937
1364,-32.4980738086,18.9117735402
1365,-31.2020196668,21.0174101682
1366,-29.9084779507,23.1192082357
1367,-28.6186865285,25.2089052298
1368,-27.3339166074,27.2786407059
1369,-26.0554769607,29.3210922125
1370,-24.7847160341,31.3295883759
1371,-23.5230215862,33.2981957688
1372,-21.5086803173,35.4801469811
1373,-19.4075593361,37.6066071231
1374,-17.1871489819,39.6807309476
1375,-14.8212558577,41.7014446781
1376,-12.3231967035,43.6988789712
1377,-9.7110113818,45.7250100731
1378,-5.9774375555,46.6585505394
1379,-46.2277640036,-8.6088054486
1380,-45.0175419858,-6.1590693965
1381,-43.8055255030,-3.7037298166
1382,-42.5878260512,-1.2282913501
1383,-41.3276242636,0.6206754278
1384,-40.0626880096,2.5155974292
1385,-38.7928923089,4.4523408597
1386,-37.5180270307,6.4263472103
1387,-36.2378007858,8.4326707892
1388,-34.9518462797,10.4660260839
1389,-33.6597270180,12.5208441605
1390,-32.3609452239,14.5913368892
1391,-31.0549508047,16.6715673943
1392,-29.7411511804,18.7555248059
1393,-28.4189217772,20.8372011646
1394,-27.0876169751,22.9106682084
1395,-25.7465812940,24.9701517807
1396,-24.3951606069,27.0101017179
1397,-23.0327131669,29.0252553163
1398,-21.6586202492,31.0106928039
1399,-20.2722962169,32.9618836329
1400,-18.8731978371,34.8747228413
1401,-16.6643375079,36.9745272965
1402,-14.3477545067,39.0128511189
1403,-11.8931953583,40.9895471959
1404,-9.3729581175,42.9604810280
1405,-6.2601150917,44.3978262766
1406,-44.7824515644,-10.4021170898
1407,-43.5706679542,-7.9164033786
1408,-42.3587193663,-5.4159550720
1409,-41.1079086028,-3.5567188314
1410,-39.8552493845,-1.6603235207
1411,-38.5998663561,0.2701223538
1412,-37.3407860414,2.2312542510
1413,-36.0769391983,4.2194683950
1414,-34.8071634137,6.2309425657
1415,-33.5302059155,8.2616606843
1416,-32.2447265918,10.3074408674
1417,-30.9493012194,12.3639665083
1418,-29.6424249210,14.4268198271
1419,-28.3225158829,16.4915172437
1420,-26.9879193858,18.5535458538
1421,-25.6369122194,20.6084002471
1422,-24.2677075715,22.6516188946
1423,-22.8784605044,24.6788193514
1424,-21.4672741540,26.6857315696
1425,-20.0322068112,28.6682286963
1426,-18.5712800673,30.6223548291
1427,-17.0824882303,32.5443493228
1428,-15.5638092390,34.4306673660
1429,-14.0132173206,36.2779966837
1430,-11.5976167416,38.2799592670
1431,-9.0548984416,40.2121752594
1432,-6.5273494272,42.1644418179
1433,-43.3340528192,-12.1724076949
1434,-42.1241758807,-9.6433702136
1435,-40.8788268658,-7.7697038416
1436,-39.6349509989,-5.8658145980
1437,-38.3911589131,-3.9341527578
1438,-37.1459821294,-1.9773284003
1439,-35.8978728188,0.0018956772
1440,-34.6452031132,2.0006127179
1441,-33.3862639924,4.0157823845
1442,-32.1192637854,6.0442426594
1443,-30.8423263358,8.0827231261
1444,-29.5534888993,10.1278594506
1445,-28.2506998568,12.1762088409
1446,-26.9318163521,14.2242662365
1447,-25.5946019870,16.2684809521
1448,-24.2367247392,18.3052734872
1449,-22.8557553088,20.3310522070
1450,-21.4491661416,22.3422296089
1451,-20.0143314355,24.3352379041
1452,-18.5485284956,26.3065436744
1453,-17.0489408793,28.2526614020
1454,-15.5126638552,30.1701657227
1455,-13.9367127880,32.0557023059
1456,-12.3180351649,33.9059973367
1457,-10.6535270759,35.7178656410
1458,-8.9400550612,37.4882175749
1459,-6.3090114962,39.3752062678
1460,-3.6568655396,38.4845148446
1461,-3.3377806179,40.7181058241
1462,-2.9929839412,42.9731647745
1463,-2.6183354877,45.2481198321
1464,-2.2087809682,47.5412676163
1465,-1.7580855313,49.8507658378
1466,-1.2584692397,52.1746225582
1467,-0.7000996050,54.5106801295
1468,-0.0703717816,56.8565907183
1469,0.6471339386,59.2097784638
1470,1.4741976551,61.5673801354
1471,2.4403120757,63.9261504855
1472,3.5863702308,66.2823080137
1473,4.9706445393,68.6312765986
1474,6.6788575071,70.9672373387
1475,8.8418887418,73.2823168059
1476,11.6684216653,75.5650370713
1477,15.5081720431,77.7971645150
1478,20.9794348399,79.9468329730
1479,29.2248774099,81.9524794354
1480,42.3178729775,83.6845849645
1481,62.9876013098,84.8734253749
1482,89.9890856238,85.1245357351
1483,114.0586866823,84.3314007485
1484,130.0995910366,82.8499117334
1485,140.0941550353,81.0295904742
1486,146.5645887246,79.0516023226
1487,-2.2665363580,36.5266529740
1488,-0.8298621643,38.9109207616
1489,0.1860033252,41.5953973836
1490,0.6230009161,43.8141261965
1491,1.1090289645,46.0572833148
1492,1.6521141610,48.3224039055
1493,2.2621853256,50.6067529224
1494,2.9516567388,52.9072938839
1495,3.7362359156,55.2206441267
1496,4.6360610530,57.5430090149
1497,5.6773320105,59.8700831731
1498,6.8946951574,62.1968993732
1499,8.3348041053,64.5175928020
1500,10.0617534489,66.8250253777
1501,12.1655539732,69.1101723519
1502,14.7756155071,71.3610932183
1503,18.0824719941,73.5611544024
1504,22.3725758009,75.6858742055
1505,28.0808896101,77.6972247328
1506,35.8536415328,79.5335027125
1507,46.5484842241,81.0932988148
1508,60.8968199537,82.2204921042
1509,78.4133158329,82.7273259936
1510,96.4465916262,82.5054299914
1511,111.8928425943,81.6311792687
1512,123.6335581318,80.2970326630
1513,132.1841343782,78.6810693529
1514,-0.9321885750,34.5335741100
1515,1.2107201503,36.6291756012
1516,2.0573589526,39.2716103524
1517,3.1632137530,41.8993163402
1518,4.3602057969,44.5338116531
1519,4.9536811053,46.7336871634
1520,5.6285033073,48.9601406620
1521,6.3986299530,51.2091859995
1522,7.2814658946,53.4762850902
1523,8.2989454487,55.7562605434
1524,9.4790276255,58.0431703187
1525,10.8577872591,60.3301236282
1526,12.4823721523,62.6090054557
1527,14.4152211517,64.8700577998
1528,16.7401015232,67.1012342953
1529,19.5706878057,69.2871941110
1530,23.0623906212,71.4077229221
1531,27.4273410643,73.4352647136
1532,32.9490286840,75.3311728710
1533,39.9825468778,77.0404966756
1534,48.9012722935,78.4864246854
1535,59.9166022894,79.5695619239
1536,72.7374158721,80.1838807037
1537,86.3185322834,80.2582638348
1538,99.2014089888,79.8005553024
1539,110.3078678990,78.8963811440
1540,122.5014722781,77.6350220778
1541,0.3511244620,32.5078914124
1542,2.4167982795,34.6130139469
1543,3.9790360743,36.9640220598
1544,4.9987305084,39.5626672800
1545,6.2014974280,42.1344582954
1546,7.4963883738,44.7040007627
1547,8.9190517657,47.2791444086
1548,9.7153146376,49.4532914623
1549,10.6375795863,51.6547300127
1550,11.7084354736,53.8768335941
1551,12.9560749503,56.1118814705
1552,14.4159802592,58.3508643804
1553,16.1331647593,60.5832091561
1554,18.1651297908,62.7963814693
1555,20.5856828149,64.9753082675
1556,23.4896353774,67.1015397506
1557,26.9979726919,69.1520516162
1558,31.2619530263,71.0975957670
1559,36.4619893657,72.9006098714
1560,42.7921346105,74.5130523949
1561,50.4141920959,75.8754113307
1562,59.3652700071,76.9196660204
1563,69.4323983642,77.5800543116
1564,80.0819938438,77.8124705427
1565,90.5692493721,77.6138158319
1566,103.1239333850,77.2185337946
1567,114.3812345896,76.2901822020
1568,1.5880028242,30.4522039946
1569,3.5863000908,32.5633362834
1570,5.7887357965,34.6088688625
1571,6.8046746898,37.2305006505
1572,7.9872141608,39.7805432000
1573,9.2926262820,42.2967195764
1574,10.6929600651,44.8025170201
1575,12.2179848613,47.3027234701
1576,13.9154531306,49.8050760607
1577,14.9688887118,51.9429608455
1578,16.2096748230,54.1063896093
1579,17.6721003632,56.2840649997
1580,19.3983703317,58.4626107718
1581,21.4404815412,60.6262407563
1582,23.8622991277,62.7563183665
1583,26.7415146818,64.8307739928
1584,30.1707038979,66.8233637359
1585,34.2558302929,68.7028096474
1586,39.1091235510,70.4320026390
1587,44.8315567024,71.9677340162
1588,51.4797617266,73.2618694867
1589,59.0173001033,74.2652883479
1590,67.2656318554,74.9355882087
1591,75.8907113675,75.2475349491
1592,86.7195040458,75.5610042162
1593,97.5264454226,75.3712477025
1594,107.7022051968,74.7146566767
1595,2.7827241811,28.3691043160
1596,4.7226263403,30.4827432769
1597,6.8325747436,32.5459929246
1598,8.4956751977,34.8602835286
1599,9.6805322598,37.4247590653
1600,11.0148818903,39.9221417216
1601,12.4272749354,42.3825265272
1602,13.9389378931,44.8251807311
1603,15.5751430728,47.2523747055
1604,17.3732388459,49.6679471281
1605,19.3964657960,52.0792647442
1606,20.7688098298,54.1658772428
1607,22.4124408043,56.2720665057
1608,24.3754085962,58.3779904153
1609,26.7139697255,60.4601023329
1610,29.4925258534,62.4909148785
1611,32.7819363619,64.4388350586
1612,36.6548080830,66.2681838113
1613,41.1758496610,67.9396352457
1614,46.3854325691,69.4114787970
1615,52.2762885740,70.6422389090
1616,58.7681096912,71.5950641226
1617,65.6919601318,72.2436204879
1618,74.4452630342,73.0436849429
1619,83.6979010564,73.4302301303
1620,93.0948912516,73.4000458516
1621,102.2317057280,72.9638778746
1622,3.9392687920,26.2611836085
1623,5.8289680296,28.3739388605
1624,7.8589565583,30.4492420336
1625,10.1008365344,32.4471955707
1626,11.2590315135,35.0398216255
1627,12.5985801136,37.5434124983
1628,14.0730391571,39.9848962843
1629,15.5951807330,42.3889375384
1630,17.2221466485,44.7685653713
1631,18.9759982484,47.1240151533
1632,20.8865485495,49.4560407716
1633,22.9986668753,51.7669856628
1634,25.3945758744,54.0636223961
1635,27.1534089590,56.0787751863
1636,29.2995128174,58.0996816731
1637,31.8904822148,60.0896443982
1638,34.9825897008,62.0062680010
1639,38.6228847444,63.8029808837
1640,42.8371305332,65.4315316179
1641,47.6141811634,66.8456042514
1642,52.8902150740,68.0054887293
1643,58.5397620329,68.8832593565
1644,65.5859244285,70.0007385999
1645,73.1996226349,70.7880227224
1646,81.2509713038,71.2375213562
1647,89.5184909056,71.3358012667
1648,97.7295887764,71.0798564239
1649,5.0613444639,24.1310354114
1650,6.9083237598,26.2397272819
1651,8.8697527740,28.3216394930
1652,11.0043442648,30.3467250335
1653,12.7468111285,32.6224761712
1654,14.0704482761,35.1436016476
1655,15.5499839727,37.5836333193
1656,17.1523868937,39.9668379155
1657,18.7853561667,42.3137317126
1658,20.5294991641,44.6301195119
1659,22.4047811014,46.9146317778
1660,24.4360516768,49.1656627987
1661,26.6561849404,51.3817788390
1662,29.1149293101,53.5630476028
1663,31.9156890037,55.7156459081
1664,34.1370746063,57.6333098020
1665,36.9143813611,59.5232627035
1666,40.2771036163,61.3091414594
1667,44.2052211928,62.9122792980
1668,48.6123738729,64.2639624405
1669,53.3428833969,65.3173095138
1670,59.1113668401,66.6410563806
1671,65.3674968065,67.6967922063
1672,72.0977269900,68.4876184899
1673,79.2161187448,68.9948121267
1674,86.5760468453,69.2001167825
1675,93.9893988616,69.0936576371
1676,6.1524109084,21.9812573187
1677,7.9635164021,24.0830078746
1678,9.8667646019,26.1664451665
1679,11.9096018568,28.2098814797
1680,14.1727972684,30.1644255019
1681,15.4505804395,32.7208535710
1682,16.9206293055,35.1683436765
1683,18.5252635795,37.5432303636
1684,20.2432158888,39.8666491226
1685,21.9863441444,42.1554787742
1686,23.8473363005,44.4082631163
1687,25.8449424573,46.6224253416
1688,28.0011532445,48.7946707387
1689,30.3421826080,50.9209636635
1690,32.9005689445,52.9967535910
1691,35.7226351362,55.0183394058
1692,38.9254898549,56.9912749092
1693,41.7410317509,58.7721638582
1694,45.3550710653,60.3844677750
1695,49.4155492030,61.6251637218
1696,54.2305634107,63.0775336404
1697,59.4338017433,64.3119805323
1698,65.0646911250,65.3425739717
1699,71.1026960919,66.1499737201
1700,77.4853479916,66.7118032340
1701,84.1109358168,67.0087990814
1702,90.8465597768,67.0282988291
1703,7.2157031389,19.8144510704
1704,8.9972089267,21.9067676377
1705,10.8517283789,23.9871407047
1706,12.8170127547,26.0407430746
1707,14.9572908148,28.0331403198
1708,16.7607955615,30.2697330773
1709,18.2019886163,32.7383002748
1710,19.7995030173,35.1114718348
1711,21.5144865397,37.4207134365
1712,23.3356239724,39.6837008215
1713,25.1865019418,41.9135858052
1714,27.1618054810,44.1024513927
1715,29.2796733058,46.2469073474
1716,31.5607442929,48.3426419013
1717,34.0284428130,50.3842423541
1718,36.7091975830,52.3649798119
1719,39.6325121795,54.2765568272
1720,42.8307556070,56.1088219557
1721,46.3384733491,57.8494652755
1722,50.3816980129,59.3482600559
1723,54.7826937644,60.7113594557
1724,59.5549432059,61.9190675474
1725,64.6974834189,62.9501948369
1726,70.1892729334,63.7830551818
1727,75.9845800016,64.3969447539
1728,82.0112965035,64.7739974783
1729,88.1739685508,64.9011248827
1730,8.2542536946,17.6332211347
1731,10.0119193014,19.7140717579
1732,11.8263203783,21.7874106172
1733,13.7270114098,23.8438084725
1734,15.7638549948,25.8605582006
1735,18.0309898862,27.7777831441
1736,19.4107197888,30.2905106780
1737,20.9898262637,32.6716013661
1738,22.6964282193,34.9712001471
1739,24.5074869804,37.2153392855
1740,26.4197440839,39.4180701793
1741,28.3742964193,41.5883178744
1742,30.4592517321,43.7132016871
1743,32.6924432473,45.7889419241
1744,35.0939958034,47.8109528594
1745,37.6866905701,49.7738805028
1746,40.4966392256,51.6720492987
1747,43.5551895146,53.5019668975
1748,46.9027369419,55.2835136809
1749,50.8147998310,56.9206553750
1750,55.0430544993,58.2771939904
1751,59.5134922168,59.4878476213
1752,64.2804986139,60.5328585247
1753,69.3395707798,61.3952498439
1754,74.6615115970,62.0579657025
1755,80.1960843435,62.5055095972
1756,85.8744996605,62.7255349357
1757,9.2709135882,15.4401719438
1758,11.0100344178,17.5080522484
1759,12.7921609901,19.5711193835
1760,14.6400593882,21.6239619089
1761,16.5914362108,23.6529035137
1762,18.7173561570,25.6200587775
1763,20.5664072226,27.8176361204
1764,22.1094448137,30.2224434762
1765,23.8020655774,32.5184822248
1766,25.6004315839,34.7465965162
1767,27.4940970949,36.9271363294
1768,29.4859701570,39.0705384428
1769,31.5385917812,41.1807914337
1770,33.7265935873,43.2420817635
1771,36.0675142907,45.2507293435
1772,38.5811223337,47.2027613886
1773,41.2899161966,49.0946969069
1774,44.2198521105,50.9263778439
1775,47.3986510975,52.7139685506
1776,50.7709988606,54.5947365575
1777,55.0587292261,55.8394632215
1778,59.3409140255,57.0453980632
1779,63.8246867037,58.1045432777
1780,68.5405583834,58.9952695997
1781,73.4782572766,59.7021580963
1782,78.6056181276,60.2115831523
1783,83.8739274791,60.5121780032
1784,10.2683719469,13.2379039580
1785,11.9938230366,15.2918949213
1786,13.7508182837,17.3422849212
1787,15.5566406253,19.3864284671
1788,17.4390149113,21.4171327436
1789,19.4493923357,23.4130589300
1790,21.7013976550,25.3017950392
1791,23.1714818867,27.7606646310
1792,24.8424999247,30.0624125267
1793,26.6261436608,32.2777080552
1794,28.5004636769,34.4376207218
1795,30.4643782880,36.5569067572
1796,32.5251679891,38.6425691145
1797,34.6689120263,40.6929412828
1798,36.9516581927,42.6916608456
1799,39.3903906595,44.6357330702
1800,42.0040470325,46.5228922934
1801,44.8135508699,48.3538579329
1802,47.8397681720,50.1399606915
1803,51.0808689376,51.9372723316
1804,54.8762921600,53.4613978567
1805,59.0629222771,54.6191059456
1806,63.3384059681,55.6796172030
1807,67.7825093483,56.5920233125
1808,72.4067474350,57.3365218429
1809,77.1952182259,57.8994128014
1810,82.1152072165,58.2697659726
1811,11.2491743672,11.0290087390
1812,12.9654477664,13.0688249453
1813,14.7038109627,15.1050488555
1814,16.4772558730,17.1367202419
1815,18.3056026928,19.1608473494
1816,20.2243681987,21.1674448886
1817,22.3113897161,23.1189750956
1818,24.1926571187,25.2778066915
1819,25.8274861118,27.6021270455
1820,27.5944475512,29.8086706141
1821,29.4492778684,31.9491478946
1822,31.3856584229,34.0451340062
1823,33.4088386853,36.1062060690
1824,35.5288598321,38.1362680633
1825,37.7556631414,40.1274636877
1826,40.1234551355,42.0654275632
1827,42.6481744185,43.9485570386
1828,45.3469161959,45.7776385154
1829,48.2363762025,47.5604992043
1830,51.3235261154,49.3274091035
1831,54.5389032588,51.1979617460
1832,58.7006132630,52.2353133138
1833,62.8281447673,53.2724174284
1834,67.0580114121,54.1944689744
1835,71.4257650997,54.9678279793
1836,75.9309004461,55.5754500391
1837,80.5541288334,56.0056241320
1838,12.2157400414,8.8160632204
1839,13.9269761039,10.8420912715
1840,15.6526107259,12.8636441467
1841,17.4024164009,14.8805745492
1842,19.1902375160,16.8921807270
1843,21.0393369275,18.8952367385
1844,22.9988194619,20.8748088500
1845,25.2090461871,22.7486516221
1846,26.7663149828,25.1353056835
1847,28.5136865169,27.3392947365
1848,30.3493290355,29.4609625326
1849,32.2587933396,31.5337981596
1850,34.2455805264,33.5708797257
1851,36.3186252122,35.5773015612
1852,38.4893740906,37.5543281916
1853,40.7903044892,39.4877396806
1854,43.2323758491,41.3676811068
1855,45.8298093339,43.1947835441
1856,48.5964348748,44.9744967445
1857,51.5411008819,46.7252200544
1858,54.6458303356,48.5047077098
1859,58.2713379912,49.9180342730
1860,62.2990154734,50.8968254915
1861,66.3613138151,51.8114566638
1862,70.5189861632,52.6026330913
1863,74.7864270541,53.2455964895
1864,79.1560972606,53.7260647687
1865,13.1703777293,6.6016233652
1866,14.8803905722,8.6149502371
1867,16.5986440487,10.6223607242
1868,18.3326370341,12.6238857223
1869,20.0919771853,14.6196625950
1870,21.8911627123,16.6095444284
1871,23.7581900243,18.5904679561
1872,25.7702824244,20.5365188521
1873,27.6706574053,22.6550680075
1874,29.3910194053,24.8692440358
1875,31.2080967487,26.9717167538
1876,33.0911462314,29.0205779287
1877,35.0424414989,31.0337637922
1878,37.0704467204,33.0174364952
1879,39.1856810475,34.9731124973
1880,41.3999548245,36.8999620140
1881,43.7654640028,38.7777435160
1882,46.2703136043,40.6034032179
1883,48.9262088375,42.3807842981
1884,51.7420197154,44.1218613553
1885,54.7145942696,45.8595094084
1886,57.7893799687,47.6879107819
1887,61.7551002917,48.5658705414
1888,65.6878857651,49.4515717570
1889,69.6736515600,50.2472647483
1890,73.7412584083,50.9153232789
1891,77.8937675250,51.4366418139
1892,14.1153006661,4.3882173992
1893,15.8275979978,6.3906486664
1894,17.5432933968,8.3855098547
1895,19.2684286238,10.3726323582
1896,21.0098913673,12.3520657511
1897,22.7765504380,14.3242234379
1898,24.5827068653,16.2899054009
1899,26.4625759937,18.2474209633
1900,28.5777372862,20.1285555952
1901,30.2326544400,22.3980645695
1902,32.0319258822,24.4787522528
1903,33.8883464910,26.5013460074
1904,35.8043429753,28.4903307277
1905,37.7886894621,30.4521982966
1906,39.8513095365,32.3881470070
1907,42.0028625970,34.2971356245
1908,44.2548292452,36.1768258938
1909,46.6749969153,38.0019416665
1910,49.2307067226,39.7781190688
1911,51.9302759088,41.5135177600
1912,54.7757862798,43.2287015769
1913,57.7478150152,44.9751639446
1914,61.1996981103,46.2913876972
1915,65.0341105749,47.1229867267
1916,68.8796477295,47.9077906021
1917,72.7791087144,48.5897429787
1918,76.7453077705,49.1423251799
1919,15.0526405018,2.1783388072
1920,16.7704379651,4.1724068031
1921,18.4878978870,6.1573880105
1922,20.2102900675,8.1328021170
1923,21.9430525434,10.0982414783
1924,23.6920769412,12.0534746405
1925,25.4644853858,13.9987393551
1926,27.2717332782,15.9355976329
1927,29.1529852887,17.8669822443
1928,31.0440355681,19.9252068916
1929,32.8254577460,21.9752113538
1930,34.6527956740,23.9675076511
1931,36.5325851386,25.9325063541
1932,38.4742507141,27.8744660018
1933,40.4869637760,29.7932069896
1934,42.5801961104,31.6870270768
1935,44.7640137161,33.5533602376
1936,47.0492346146,35.3889397273
1937,49.5139921678,37.1651876266
1938,52.1085137407,38.8977547159
1939,54.8368314712,40.6003250123
1940,57.6924024035,42.3042448187
1941,60.6355035423,44.0837518182
1942,64.3970692153,44.8333285485
1943,68.1288571008,45.5899796192
1944,71.8869124417,46.2736509663
1945,75.6931175344,46.8476205050
1946,15.9844603654,-0.0255607289
1947,17.7106904893,1.9634013989
1948,19.4337534083,3.9422410250
1949,21.1587000049,5.9103162993
1950,22.8905263821,7.8669507589
1951,24.6342235579,9.8114147984
1952,26.3948250970,11.7429069297
1953,28.1774532884,13.6605343647
1954,29.9873643324,15.5632924662
1955,31.8299928401,17.4500426159
1956,33.5799422373,19.4312323673
1957,35.3738565292,21.3962375586
1958,37.2183105267,23.3436214242
1959,39.1203327722,25.2717001071
1960,41.0874676834,27.1785018696
1961,43.1278370860,29.0617202550
1962,45.2501987575,30.9186603267
1963,47.4639982685,32.7461771293
1964,49.7794085695,34.5406056146
1965,52.2787338933,36.2726172766
1966,54.9001332494,37.9684978288
1967,57.6424728453,39.6487345828
1968,60.4888458227,41.3576849075
1969,63.7743841057,42.5895671655
1970,67.4146909983,43.2992613090
1971,71.0540739041,43.9715471914
1972,74.7228752038,44.5566515290
1973,16.9127671516,-2.2210782787
1974,18.6500829398,-0.2332507249
1975,20.3821122169,1.7442293017
1976,22.1141083331,3.7109564353
1977,23.8513620828,5.6666987857
1978,25.5994098519,7.6116479495
1979,27.3645289192,9.5472491982
1980,29.1553987005,11.4798523465
1981,30.9916424425,13.4501559523
1982,32.7587329155,15.0240041440
1983,34.4571078115,16.8346830957
1984,35.9162954606,18.7000999838
1985,37.8068620108,20.6821328551
1986,39.6962616087,22.6190431078
1987,41.6332007512,24.5272761231
1988,43.6321499028,26.4090196048
1989,45.7031522729,28.2633452262
1990,47.8555180756,30.0880842449
1991,50.0986948685,31.8802855594
1992,52.4425486989,33.6363285782
1993,54.9666272993,35.3295487497
1994,57.6032829570,36.9966670445
1995,60.3453851162,38.6662841973
1996,63.1641042748,40.3979287042
1997,66.7317481939,41.0406870614
1998,70.2719149126,41.6876456780
1999,73.8228241432,42.2732167524
2000,17.8395231177,-4.4058663392
2001,19.5902962447,-2.4145083459
2002,21.3341820201,-0.4326051980
2003,23.0769276901,1.5402949994
2004,24.8245832632,3.5055799882
2005,26.5840284717,5.4668679863
2006,28.3642412125,7.4342065856
2007,30.1798619964,9.4424973701
2008,31.9140067108,10.9434067682
2009,33.6670311157,12.5930433878
2010,35.3990406249,14.3553972247
2011,37.0680760175,16.1858191619
2012,38.6347471651,18.0363888038
2013,40.0664654937,19.8618131203
2014,42.0593030185,21.8085812038
2015,44.0554265174,23.7089954799
2016,46.0982030580,25.5734188314
2017,48.2060843858,27.4042050186
2018,50.3914626911,29.2006731823
2019,52.6649596044,30.9606018899
2020,55.0367481687,32.6807417874
2021,57.5760989409,34.3413898074
2022,60.2168524744,35.9885938089
2023,62.9451267372,37.6603648686
2024,66.0755615387,38.8188964431
2025,69.5332629352,39.4258767483
2026,72.9832328740,40.0008283635
2027,18.7666568762,-6.5776390942
2028,20.5329704006,-4.5774204748
2029,22.2911245640,-2.5843695426
2030,24.0475250650,-0.5963678563
2031,25.8091799486,1.3911399690
2032,27.5844810048,3.3885189882
2033,29.3847768263,5.4227816730
2034,31.0917578271,6.9040409910
2035,32.8213451789,8.4867082098
2036,34.5591543704,10.1565918919
2037,36.2896209029,11.8962827513
2038,37.9966210178,13.6859857307
2039,39.6641618979,15.5046100180
2040,41.2770736639,17.3309810652
2041,42.8216342487,19.1450152110
2042,44.2860688118,20.9287105535
2043,46.3741962187,22.8275416207
2044,48.4773750826,24.6796561304
2045,50.6311455752,26.4907744428
2046,52.8544121596,28.2620232750
2047,55.1605636207,29.9921728821
2048,57.5609143874,31.6785380850
2049,60.1064809927,33.3135547702
2050,62.7407428909,34.9505191273
2051,65.4424073375,36.6380903252
2052,68.8321402791,37.1898853987
2053,72.1959831295,37.7427389694
2054,19.6960738609,-8.7341781248
2055,21.4797093026,-6.7191397221
2056,23.2540537421,-4.7073474372
2057,25.0262136956,-2.6940599798
2058,26.8041021645,-0.6697405429
2059,28.5972144997,1.3865330500
2060,30.2868024742,2.8633770630
2061,31.9946523221,4.4156483202
2062,33.7143519051,6.0355965243
2063,35.4391136433,7.7140215103
2064,37.1618929815,9.4404957213
2065,38.8755164531,11.2036633505
2066,40.5728142881,12.9915979701
2067,42.2467524581,14.7921935355
2068,43.8905592569,16.5935597330
2069,45.4978419205,18.3843924842
2070,47.0626893486,20.1542940072
2071,48.5797576882,21.8940234546
2072,50.7632582549,23.7359846668
2073,52.9741417052,25.5297201978
2074,55.2417508854,27.2778434355
2075,57.5841127149,28.9800959120
2076,60.0146773054,30.6344089796
2077,62.5578880278,32.2513921723
2078,65.1757039516,33.8885063776
2079,68.1635268402,34.9830281967
2080,71.4542526417,35.5019600129
2081,20.6296663361,-10.8733374633
2082,22.4320849056,-8.8369342066
2083,24.2240332453,-6.7980234124
2084,26.0132454137,-4.7481841136
2085,27.8082555449,-2.6709362051
2086,29.4896444213,-1.1915956311
2087,31.1836854030,0.3470746582
2088,32.8873038100,1.9400075221
2089,34.5973726993,3.5813710907
2090,36.3107378050,5.2646517920
2091,38.0242402588,6.9827640589
2092,39.7347368888,8.7281831762
2093,41.4391181669,10.4930960538
2094,43.1343241112,12.2695633546
2095,44.8173586104,14.0496855439
2096,46.4853027248,15.8257651436
2097,48.1353274975,17.5904578290
2098,49.7647067251,19.3369059242
2099,51.3708299676,21.0588492540
2100,52.9512158870,22.7507099965
2101,55.2320912568,24.5277521185
2102,57.5517813042,26.2538555816
2103,59.9349557477,27.9294476345
2104,62.3982931238,29.5529916965
2105,64.9310932901,31.1601235659
2106,67.5231770751,32.8083703179
2107,70.7522687178,33.2812746263
2108,21.5693230113,-12.9930478928
2109,23.3916407191,-10.9281978599
2110,25.2020737739,-8.8531032764
2111,27.0088035958,-6.7545552352
2112,28.6909839026,-5.2685959157
2113,30.3799739165,-3.7341557183
2114,32.0744049880,-2.1549439227
2115,33.7729803062,-0.5351172730
2116,35.4744763838,1.1207582196
2117,37.1777416826,2.8077559555
2118,38.8816925916,4.5206470140
2119,40.5853070778,6.2539666726
2120,42.2876164248,8.0020874383
2121,43.9876955407,9.7592965264
2122,45.6846523635,11.5198754861
2123,47.3776169131,13.2781795674
2124,49.0657305309,15.0287144330
2125,50.7481358214,16.7662079657
2126,52.4239677546,18.4856751746
2127,54.0923463234,20.1824745598
2128,55.7523710619,21.8523547090
2129,57.4031176384,23.4914903588
2130,59.7836241722,25.1957062671
2131,62.2130878581,26.8452219574
2132,64.7125481464,28.4388244120
2133,67.2274097810,30.0447933150
2134,70.0851151806,31.0832468772
2135,22.5169383124,-15.0913204216
2136,24.3598946285,-12.9904590260
2137,26.1891298409,-10.8695306440
2138,27.8813311265,-9.3739877669
2139,29.5743440235,-7.8377108884
2140,31.2678376361,-6.2636379554
2141,32.9615932601,-4.6549851918
2142,34.6554984005,-3.0152271003
2143,36.3495391017,-1.3480721128
2144,38.0437907774,0.3425658510
2145,39.7384077429,2.0525995299
2146,41.4336116560,3.7778036691
2147,43.1296790809,5.5138529530
2148,44.8269283844,7.2563618173
2149,46.5257061751,9.0009253687
2150,48.2263734890,10.7431605927
2151,49.9292919215,12.4787470263
2152,51.6348098991,14.2034660846
2153,53.3432492799,15.9132382835
2154,55.0548924662,17.6041576744
2155,56.7699702083,19.2725229043
2156,58.4886502715,20.9148644294
2157,60.2110271330,22.5279675373
2158,61.9371128697,24.1088909572
2159,64.4190534227,25.7322776221
2160,66.9586663998,27.2963094345
2161,69.4485798829,28.9102288016
2162,23.4744213521,-17.1662488753
2163,25.3383410328,-15.0213873004
2164,27.0504677145,-13.5138370553
2165,28.7570959903,-11.9713084640
2166,30.4586506498,-10.3962738207
2167,32.1556690240,-8.7913818864
2168,33.8487922781,-7.1594468124
2169,35.5387562251,-5.5034353017
2170,37.2263817585,-3.8264520738
2171,38.9125649856,-2.1317237356
2172,40.5982671193,-0.4225811988
2173,42.2845041671,1.2975591807
2174,43.9723364423,3.0252155295
2175,45.6628579003,4.7568612135
2176,47.3571852965,6.4889461608
2177,49.0564471496,8.2179184744
2178,50.7617724893,9.9402460508
2179,52.4742793641,11.6524379196
2180,54.1950630890,13.3510650312
2181,55.9251842161,15.0327802372
2182,57.6656562241,16.6943372307
2183,59.4174329358,18.3326082478
2184,61.1813956942,19.9446003634
2185,62.9583403487,21.5274702544
2186,64.7489641353,23.0785373393
2187,66.5538525623,24.5952952404
2188,69.1382235836,26.1296838364
2189,71.2530689776,24.9429968785
2190,71.8777325920,27.1188557831
2191,72.5338277539,29.3136399566
2192,73.2252919037,31.5254914325
2193,73.9566691264,33.7523869106
2194,74.7332305605,35.9921268759
2195,75.5611236453,38.2423218869
2196,76.4475582592,40.5003749097
2197,77.4010403243,42.7634581660
2198,78.4316668242,45.0284824134
2199,79.5515006685,47.2920558119
2200,80.7750497777,49.5504284662
2201,82.1198825030,51.7994172263
2202,83.6074213080,54.0343032018
2203,85.2639683809,56.2496914218
2204,87.1220292554,58.4393178080
2205,89.2220094942,60.5957827088
2206,91.6143543483,62.7101823039
2207,94.3621568117,64.7715993653
2208,97.5441197262,66.7664048940
2209,101.2574067190,68.6773182677
2210,105.6191372461,70.4821928544
2211,110.7637382712,72.1525768656
2212,116.8307965069,73.6523250979
2213,123.9351717918,74.9370175993
2214,132.1119183855,75.9556901459
2215,141.2423060935,76.6569024025
2216,72.1533510262,22.8520702182
2217,73.7288305355,25.0664108649
2218,74.9713645721,27.6291722138
2219,75.6576456311,29.7887126241
2220,76.3905715900,31.9691904881
2221,77.1755878794,34.1678822302
2222,78.0190172119,36.3817875077
2223,78.9282305094,38.6076097924
2224,79.9118566694,40.8417320503
2225,80.9800408090,43.0801855219
2226,82.1447629364,45.3186089364
2227,83.4202316193,47.5521946257
2228,84.8233699169,49.7756168606
2229,86.3744129983,51.9829362605
2230,88.0976371255,54.1674722526
2231,90.0222352185,56.3216332826
2232,92.1833394910,58.4366919298
2233,94.6231561194,60.5024897600
2234,97.3921015360,62.5070559677
2235,100.5496824346,64.4361275707
2236,104.1645932077,66.2725732409
2237,108.3130587136,67.9957591596
2238,113.0738117277,69.5809717339
2239,118.5174372585,70.9991495375
2240,124.6878067273,72.2173768429
2241,131.5754275943,73.2007768327
2242,139.0884595325,73.9163772574
2243,73.0349550608,20.7351725709
2244,75.1707046407,22.6030609007
2245,76.2336622302,25.1493175830
2246,77.5018942088,27.6632436914
2247,78.8290917613,30.1835656513
2248,79.5949684326,32.3243624249
2249,80.4263314727,34.4878218226
2250,81.3306195361,36.6699029464
2251,82.3164604335,38.8661064620
2252,83.3938883816,41.0714449965
2253,84.5746024400,43.2804069472
2254,85.8722722005,45.4869108311
2255,87.3028958336,47.6842465449
2256,88.8852126812,49.8649990803
2257,90.6411660846,52.0209494470
2258,92.5963992962,54.1429469949
2259,94.7807436676,56.2207474231
2260,97.2286170050,58.2428122993
2261,99.9791814223,60.1960703432
2262,103.0760030028,62.0656504424
2263,106.5658027986,63.8346150532
2264,110.4957023049,65.4837549594
2265,114.9082115167,66.9915559978
2266,119.8332545301,68.3345120913
2267,125.2770914774,69.4880148220
2268,131.2094442163,70.4280427197
2269,138.8524092857,71.6756223957
2270,73.9000911965,18.5941102360
2271,75.9703970038,20.4881919575
2272,77.5980756426,22.6887211835
2273,78.7644171627,25.1902362787
2274,80.0641285876,27.6574357338
2275,81.4172242731,30.1239157183
2276,82.8480349658,32.5968418589
2277,83.7131087379,34.7153897958
2278,84.6674651942,36.8578852016
2279,85.7210655452,39.0182112274
2280,86.8853439588,41.1894958695
2281,88.1734261228,43.3640797406
2282,89.6003641049,45.5334805137
2283,91.1833764599,47.6883515175
2284,92.9420725019,49.8184319457
2285,94.8986237886,51.9124868068
2286,97.0778216931,53.9582365904
2287,99.5069248985,55.9422804008
2288,102.2151532333,57.8500230203
2289,105.2326270207,59.6656272103
2290,108.5884962781,61.3720285206
2291,112.3079827310,62.9510706786
2292,116.4081292278,64.3838417188
2293,120.8923033311,65.6513045668
2294,125.7440154176,66.7353024839
2295,131.8474027352,68.2007275995
2296,138.6456626695,69.4072877557
2297,74.7508778353,16.4307623726
2298,76.7642314635,18.3458492174
2299,78.9139468556,20.1984829156
2300,80.0577744471,22.7316010890
2301,81.3177170823,25.1878824517
2302,82.6540950053,27.6102034773
2303,84.0403019709,30.0255321732
2304,85.4950297018,32.4387452546
2305,87.0484660510,34.8577342871
2306,88.0342379634,36.9493281388
2307,89.1400959101,39.0654501763
2308,90.3789691618,41.1965394627
2309,91.7652864860,43.3317923417
2310,93.3150404126,45.4591746007
2311,95.0457756821,47.5654547100
2312,96.9764524569,49.6362595793
2313,99.1271154985,51.6561562825
2314,101.5182787622,53.6087670658
2315,104.1699154833,55.4769310212
2316,107.0999369841,57.2429338394
2317,110.3220669577,58.8888356899
2318,113.8430973902,60.3969332221
2319,117.6596739381,61.7503891695
2320,121.7550105781,62.9340443064
2321,126.7846847886,64.5392440940
2322,132.3451924256,65.9369815430
2323,138.4598590139,67.1133443272
2324,75.5893548029,14.2470798552
2325,77.5536626767,16.1782092138
2326,79.6293124848,18.0642695845
2327,81.2990603543,20.2510931983
2328,82.5460370418,22.7301482383
2329,83.8899830426,25.1411905825
2330,85.2675400685,27.5202573050
2331,86.6932437350,29.8868465139
2332,88.1815200447,32.2439184288
2333,89.7539156930,34.5963390644
2334,91.4482955074,36.9530324305
2335,92.5786980834,39.0116950688
2336,93.8706109308,41.0941943522
2337,95.3398089536,43.1847661596
2338,97.0026012597,45.2656053915
2339,98.8753059415,47.3171350023
2340,100.9734548117,49.3183926634
2341,103.3106653729,51.2475353195
2342,105.8971386197,53.0824584758
2343,108.7377936114,54.8015235065
2344,111.8301434844,56.3843802256
2345,115.1621528730,57.8128598970
2346,118.7104707137,59.0718928352
2347,122.9729540281,60.7701392537
2348,127.6362768635,62.2932563141
2349,132.7356697221,63.6403283342
2350,138.2894791987,64.7959009957
2351,76.4174959786,12.0450830303
2352,78.3401381566,13.9875978249
2353,80.3516466393,15.8998083363
2354,82.5078814804,17.7408199536
2355,83.7208419249,20.2575240960
2356,85.0588241355,22.6830530821
2357,86.4774714364,25.0493342194
2358,87.8999750295,27.3865917999
2359,89.3706072301,29.7066287480
2360,90.9008027403,32.0108515468
2361,92.5060135271,34.3016583353
2362,94.2104128465,36.5837600435
2363,96.0618696579,38.8676583129
2364,97.3649477602,40.8861898710
2365,98.8890894119,42.9248762888
2366,100.6500865885,44.9551005629
2367,102.6596660233,46.9450547586
2368,104.9233991025,48.8612817230
2369,107.4384477212,50.6705990166
2370,110.1914639838,52.3422179782
2371,113.1571052956,53.8498127733
2372,116.2976935340,55.1732733145
2373,119.9947108572,56.9343443004
2374,123.9947680550,58.5406095863
2375,128.3348634503,60.0033268480
2376,133.0421448327,61.3143043073
2377,138.1307222333,62.4571999655
2378,77.2372214963,9.8268584191
2379,79.1251046116,11.7764837427
2380,81.0817771702,13.7080023351
2381,83.1539959615,15.5905797906
2382,84.8571860544,17.7642587878
2383,86.1746161707,20.2161085819
2384,87.5918611566,22.5892772037
2385,89.0763145612,24.9117427782
2386,90.5467281144,27.2085103677
2387,92.0666581844,29.4840254659
2388,93.6456692344,31.7384991779
2389,95.2953930115,33.9724348425
2390,97.0314108897,36.1872511466
2391,98.8790319320,38.3870689581
2392,100.8984284313,40.5848758385
2393,102.4132785377,42.5550649366
2394,104.2456617334,44.5306347128
2395,106.3924170121,46.4486308270
2396,108.8264808937,48.2441412906
2397,111.4952632761,49.8592059309
2398,114.3242597772,51.2507316648
2399,117.5906506352,53.0519138344
2400,121.0864408640,54.7120447094
2401,124.8496321662,56.2544585847
2402,128.9080222133,57.6753729097
2403,133.2815854428,58.9625191522
2404,137.9808752753,60.0996089351
2405,78.0504096015,7.5945544319
2406,79.9100142320,9.5474701091
2407,81.8205833943,11.4920091159
2408,83.8206597940,13.4058774401
2409,85.9758528699,15.2397850474
2410,87.2489299203,17.7364759237
2411,88.6553461097,20.1254968885
2412,90.1406849258,22.4480776879
2413,91.6825646293,24.7281144929
2414,93.2030023459,26.9856445796
2415,94.7754494600,29.2185904712
2416,96.4085190102,31.4263319394
2417,98.1118982875,33.6080826571
2418,99.8968392582,35.7630254313
2419,101.7774156607,37.8907861719
2420,103.7754990110,39.9933584064
2421,105.9603118593,42.0866785747
2422,107.7789233839,43.9957385569
2423,110.0871182868,45.8049904378
2424,112.6663755252,47.3103333350
2425,115.5907792456,49.1274126448
2426,118.6902445077,50.8196046864
2427,122.0057022690,52.4187801224
2428,125.5616130640,53.9208887092
2429,129.3771304576,55.3153400695
2430,133.4666145560,56.5886836895
2431,137.8379414945,57.7256107445
2432,78.8589082576,5.3503761720
2433,80.6963309581,7.3032843840
2434,82.5689976728,9.2552257423
2435,84.5081768314,11.1909107700
2436,86.5670036077,13.0756125556
2437,88.2962275185,15.2369932928
2438,89.6769967554,17.6556295369
2439,91.1576901652,19.9846940836
2440,92.7006957656,22.2590266386
2441,94.2922399485,24.4984250677
2442,95.8639370349,26.7179674493
2443,97.4909071934,28.9103064663
2444,99.1814885278,31.0743742429
2445,100.9447942999,33.2087576759
2446,102.7908353198,35.3116470562
2447,104.7306476052,37.3807744511
2448,106.7764215294,39.4133402312
2449,108.9416254572,41.4059260765
2450,111.2411120756,43.3543929278
2451,113.8570046334,45.1349464690
2452,116.6398635650,46.8528401797
2453,119.6057650503,48.5005397017
2454,122.7708498550,50.0693494178
2455,126.1506246894,51.5493289915
2456,129.7589680566,52.9292496840
2457,133.6067993608,54.1966168320
2458,137.7004105290,55.3377909185
2459,79.6645465951,3.0965794266
2460,81.4855367563,5.0467665521
2461,83.3280067962,7.0012699327
2462,85.2169163310,8.9503015379
2463,87.1942515833,10.8709587501
2464,89.3395987495,12.7036029822
2465,90.6668470045,15.1753511766
2466,92.1347451404,17.5203242479
2467,93.6760687050,19.7930911933
2468,95.2672134990,22.0220250691
2469,96.9013718806,24.2229317251
2470,98.5246708947,26.4058000836
2471,100.2069208038,28.5595966518
2472,101.9565903410,30.6832255725
2473,103.7830068271,32.7753986638
2474,105.6966058414,34.8348080169
2475,107.7094092367,36.8607559667
2476,109.8361318460,38.8559618284
2477,112.0930762349,40.8481456362
2478,114.6878734203,42.7710753479
2479,117.4637187170,44.4840110687
2480,120.3488563952,46.1219758265
2481,123.3985045328,47.6793432089
2482,126.6332094356,49.1494104086
2483,130.0668557701,50.5232099636
2484,133.7095076294,51.7902387070
2485,137.5671116238,52.9388234169
2486,80.4691463075,0.8354639570
2487,82.2791379348,2.7808558233
2488,84.0986531443,4.7339573442
2489,85.9473114610,6.6890617004
2490,87.8574190854,8.6323670191
2491,89.8900026332,10.5262038279
2492,91.6387427209,12.6762087585
2493,93.0791175965,15.0527570071
2494,94.6151002738,17.3296646644
2495,96.2047381013,19.5504884110
2496,97.8355355670,21.7373105872
2497,99.5060511413,23.9021724992
2498,101.1804046334,26.0498113973
2499,102.9174334138,28.1673255535
2500,104.7258561743,30.2540636038
2501,106.6153794228,32.3097341988
2502,108.5969794140,34.3353371316
2503,110.6829933321,36.3361779992
2504,112.8832261688,38.3348075328
2505,115.1180562558,40.4673545416
2506,118.0665266386,42.0860642588
2507,120.9327005636,43.7130421754
2508,123.9036010821,45.2648450610
2509,127.0231682035,46.7308989957
2510,130.3114762918,48.1034008762
2511,133.7804916924,49.3735542118
2512,137.4371166777,50.5314548685
2513,81.2745330952,-1.4306337872
2514,83.0786715219,0.5085760189
2515,84.8820355818,2.4572753253
2516,86.6998565923,4.4125499210
2517,88.5563112600,6.3671161622
2518,90.4962549652,8.2998387612
2519,92.6194504612,10.1393155581
2520,93.9990277888,12.5778393619
2521,95.5235997509,14.8678048188
2522,97.1106618737,17.0832968634
2523,98.7378698044,19.2571092226
2524,100.4009953673,21.4054585260
2525,102.1024720455,23.5369607919
2526,103.8264609217,25.6510108636
2527,105.6165292189,27.7347888941
2528,107.4814774741,29.7886285354
2529,109.4309326590,31.8142534936
2530,111.4749867438,33.8171278589
2531,113.6210443267,35.8139522354
2532,115.8485907501,37.8643208627
2533,118.4625940747,39.7245480378
2534,121.3713167357,41.3033228587
2535,124.2994904978,42.8420727015
2536,127.3320668087,44.3035965282
2537,130.5014753005,45.6760402565
2538,133.8242958872,46.9506298470
2539,137.3096744791,48.1184875654
2540,82.0825482704,-3.6993483871
2541,83.8857117307,-1.7669801201
2542,85.6793100428,0.1753535730
2543,87.4751032644,2.1264189742
2544,89.2907116106,4.0831324698
2545,91.1575592009,6.0356813288
2546,93.1448572141,7.9472935529
2547,94.9069639526,10.0864787040
2548,96.4070746950,12.4060287236
2549,97.9901827673,14.6198668100
2550,99.6138242960,16.7814352047
2551,101.2696316123,18.9136046628
2552,102.9590189160,21.0273764287
2553,104.6869734196,23.1283753721
2554,106.4583398076,25.2107345448
2555,108.2985145894,27.2636928535
2556,110.2159372317,29.2891891384
2557,112.2191109842,31.2921420451
2558,114.3144222020,33.2849881869
2559,116.4952527933,35.3019902775
2560,118.6734038078,37.4577260682
2561,121.6789852511,38.9213726185
2562,124.5980700782,40.4269847859
2563,127.5696429946,41.8772186981
2564,130.6439076783,43.2473368173
2565,133.8445467148,44.5255658851
2566,137.1841650250,45.7027615062
2567,82.8950606341,-5.9682934572
2568,84.7018765287,-4.0426674362
2569,86.4916897500,-2.1075677563
2570,88.2736547285,-0.1634448415
2571,90.0603749868,1.7888758953
2572,91.8727550843,3.7462817993
2573,93.7549715191,5.6944003895
2574,95.8345693136,7.5530442953
2575,97.2713943899,9.9415462328
2576,98.8479791076,12.1595643907
2577,100.4682925995,14.3091489629
2578,102.1169039986,16.4248725847
2579,103.7942681864,18.5210473612
2580,105.5051780399,20.6042920528
2581,107.2560750855,22.6777461501
2582,109.0717679334,24.7306249103
2583,110.9579901479,26.7561235554
2584,112.9221276695,28.7584921326
2585,114.9700039873,30.7471859927
2586,117.1003431099,32.7444257780
2587,119.2807854193,34.8086058474
2588,121.8697933179,36.5933436753
2589,124.8099238689,38.0348831855
2590,127.7441342408,39.4612606403
2591,130.7445731916,40.8234347169
2592,133.8441633060,42.1024654914
2593,137.0600671215,43.2871357887
2594,83.7139787470,-8.2350697689
2595,85.5288343247,-6.3153053771
2596,87.3204450027,-4.3871718422
2597,89.0961589880,-2.4509887763
2598,90.8650179540,-0.5067964255
2599,92.6403104993,1.4452883762
2600,94.4475028103,3.4025650642
2601,96.3573504159,5.3403984481
2602,98.1254006565,7.4671676327
2603,99.6883180935,9.7017171450
2604,101.3057329801,11.8386231296
2605,102.9471227567,13.9367146589
2606,104.6122689571,16.0149731541
2607,106.3061779393,18.0809155120
2608,108.0352385257,20.1377353108
2609,109.8065090602,22.1866361885
2610,111.6627402861,24.2126051704
2611,113.5899117020,26.2145080509
2612,115.5934495770,28.1996974508
2613,117.6745315914,30.1836515771
2614,119.8194723350,32.2013894560
2615,121.9572922944,34.3418818219
2616,124.9444625674,35.6800411510
2617,127.8625426535,37.0648592688
2618,130.8082721759,38.4103536445
2619,133.8255126434,39.6854021447
2620,136.9369349735,40.8744696672
2621,84.5412637190,-10.4972733288
2622,86.3683107799,-8.5816952207
2623,88.1669024575,-6.6591001874
2624,89.9433002744,-4.7300653661
2625,91.7043065952,-2.7947844392
2626,93.4583175673,-0.8529076093
2627,95.2185295115,1.0965391847
2628,97.0164556431,3.0525414260
2629,99.0032012743,4.9502189180
2630,100.5151476110,7.2456230522
2631,102.1302123485,9.3670024266
2632,103.7637281857,11.4448310613
2633,105.4158760779,13.5044733754
2634,107.0924645389,15.5536475427
2635,108.7999836897,17.5950673683
2636,110.5452019498,19.6295147818
2637,112.3352448811,21.6568205175
2638,114.2275536380,23.6588490327
2639,116.1896386407,25.6415684074
2640,118.2238905240,27.6163026891
2641,120.3245862724,29.6061478581
2642,122.4604828317,31.6619924987
2643,125.0100563640,33.3753841456
2644,127.9308498493,34.6966610805
2645,130.8390025748,36.0139278450
2646,133.7905257916,37.2783865268
2647,136.8143809888,38.4676035924
2648,85.3789426510,-12.7525032396
2649,87.2220957402,-10.8386371843
2650,89.0324438146,-8.9189880400
2651,90.8157889212,-6.9945067715
2652,92.5778419699,-5.0659110222
2653,94.3244936372,-3.1335826686
2654,96.0625424306,-1.1972624569
2655,97.8025989227,0.7448705664
2656,99.5811053448,2.6967636692
2657,101.3321755774,4.7905576535
2658,102.9448738600,6.8872769182
2659,104.5678858579,8.9404217378
2660,106.2053057350,10.9812379113
2661,107.8640042008,13.0151342641
2662,109.5503306846,15.0433116645
2663,111.2705949084,17.0657072829
2664,113.0313402710,19.0816896121
2665,114.8395087473,21.0902623909
2666,116.7628312719,23.0717469095
2667,118.7529691625,25.0402707356
2668,120.8080806936,27.0120604791
2669,122.9131292435,29.0194816950
2670,125.0141570982,31.1322434522
2671,127.9541919730,32.3647028578
2672,130.8401134522,33.6397470236
2673,133.7407861467,34.8853339097
2674,136.6920629586,36.0693405499
2675,86.2291228684,-14.9983691704
2676,88.0920502758,-13.0829470941
2677,89.9185038044,-11.1624994808
2678,91.7143496207,-9.2381995411
2679,93.4851436324,-7.3110923280
2680,95.2361880683,-5.3821215530
2681,96.9725846632,-3.4521536125
2682,98.6992850259,-1.5219994726
2683,100.4211387982,0.4075650077
2684,102.1429402229,2.3357797880
2685,103.7415030036,4.3690627094
2686,105.3495743985,6.3999721334
2687,106.9721332567,8.4279062527
2688,108.6143077126,10.4522046372
2689,110.2814319205,12.4721272179
2690,111.9791059801,14.4868311222
2691,113.7132599307,16.4953446698
2692,115.4902226526,18.4965377487
2693,117.3167964366,20.4890876629
2694,119.2655390078,22.4538696649
2695,121.2761624229,24.4137710881
2696,123.3413265050,26.3908926659
2697,125.4342411740,28.4285138887
2698,127.9370027841,30.0763111277
2699,130.8144258133,31.2931016003
2700,133.6775973070,32.5100329437
2701,136.5696743737,33.6824280024
2702,87.0940070946,-17.2324982652
2703,88.9801138006,-15.3114723038
2704,90.8265673585,-13.3853614261
2705,92.6397080825,-11.4551576111
2706,94.4256317881,-9.5215052056
2707,96.1903958782,-7.5844564956
2708,97.9404823030,-5.6426344822
2709,99.6842929332,-3.6895340003
2710,101.4394407314,-1.6838006047
2711,103.1074208747,-0.0623262205
2712,104.6744249950,1.8060311560
2713,105.9835849536,3.7297681514
2714,107.6662064772,5.7998064761
2715,109.3153978965,7.8379086505
2716,110.9755889250,9.8632139047
2717,112.6587552526,11.8794965794
2718,114.3725152290,13.8874539955
2719,116.1236071220,15.8867475097
2720,117.9187343568,17.8765215319
2721,119.7648802055,19.8555579707
2722,121.7329929193,21.8079309993
2723,123.7559483095,23.7653601501
2724,125.8196234146,25.7568050275
2725,127.8831310171,27.8380244337
2726,130.7643285980,28.9789342895
2727,133.6020358939,30.1561166208
2728,136.4469370220,31.3095407206
2729,87.9759097203,-19.4525413220
2730,89.8883112250,-17.5211065696
2731,91.7581658301,-15.5833958430
2732,93.5925761387,-13.6395914719
2733,95.3986088182,-11.6887445126
2734,97.1837793369,-9.7274746372
2735,98.9571496545,-7.7457320926
2736,100.7321263513,-5.7082340802
2737,102.4078468516,-4.1659779030
2738,104.0724811698,-2.4616355843
2739,105.6851161351,-0.6329394201
2740,107.2057176978,1.2724896399
2741,108.5996657103,3.2028731656
2742,109.8412576655,5.1087353528
2743,111.5732248587,7.1807784240
2744,113.2754511302,9.2206216823
2745,114.9874046332,11.2417745996
2746,116.7248383429,13.2487353306
2747,118.4976745996,15.2428921719
2748,120.3140879045,17.2242516890
2749,122.1818100809,19.1920433881
2750,124.1628594318,21.1367495192
2751,126.1895260434,23.0984085256
2752,128.2396502002,25.1138058879
2753,130.6918556075,26.7017994837
2754,133.5149931165,27.8270360582
2755,136.3235952685,28.9532647626
2756,88.8772743298,-21.6561780787
2757,90.8187600721,-19.7088036155
2758,92.7148721101,-17.7525495544
2759,94.5736353840,-15.7859716574
2760,96.4032410214,-13.8049639433
2761,98.2126983754,-11.7993667024
2762,100.0129437382,-9.7420624723
2763,101.6993137012,-8.2255407362
2764,103.3811132681,-6.5942032667
2765,105.0420148838,-4.8626915099
2766,106.6655659374,-3.0493817314
2767,108.2359220770,-1.1755244953
2768,109.7385423953,0.7359189172
2769,111.1607773004,2.6615990858
2770,112.4922971162,4.5790866389
2771,113.7253340436,6.4680028025
2772,115.5019732772,8.5313739965
2773,117.2597678790,10.5638429137
2774,119.0309596015,12.5744569030
2775,120.8319286910,14.5669113552
2776,122.6738269873,16.5424507490
2777,124.5659101175,18.5009951706
2778,126.5531487168,20.4432114572
2779,128.5745531476,22.4163142192
2780,130.5987476364,24.4658314115
2781,133.4172078173,25.5260376069
2782,136.1994115947,26.6160828237
2783,89.8006926527,-23.8411214531
2784,91.7736774618,-21.8715891604
2785,93.6982944734,-19.8889211104
2786,95.5835194760,-17.8890850252
2787,97.4385415025,-15.8629952451
2788,99.2732502237,-13.7898968069
2789,100.9795150176,-12.2836794440
2790,102.6780767432,-10.6887294883
2791,104.3608766045,-9.0129743100
2792,106.0199938232,-7.2660331086
2793,107.6478082475,-5.4589877643
2794,109.2371461209,-3.6040672674
2795,110.7814033846,-1.7142649721
2796,112.2746430593,0.1970845802
2797,113.7116653592,2.1167382214
2798,115.0880509735,4.0319547167
2799,116.4001792908,5.9308555308
2800,117.6452242122,7.8027147885
2801,119.4692708704,9.8507905597
2802,121.2863974994,11.8685458109
2803,123.1232717941,13.8620418889
2804,124.9958238517,15.8339168261
2805,126.9157702995,17.7849191478
2806,128.9022024377,19.7302348855
2807,130.9091265084,21.7224536589
2808,133.3092930003,23.2561436493
2809,136.0741630882,24.3003611449
2810,90.7489251095,-26.0051205880
2811,92.7553868274,-24.0065712166
2812,94.7100689650,-21.9887843222
2813,96.6227952678,-19.9440826754
2814,98.5033551583,-17.8564422557
2815,100.2396112180,-16.3535872978
2816,101.9626097081,-14.7780767517
2817,103.6680641952,-13.1351336570
2818,105.3519495890,-11.4308682466
2819,107.0105346328,-9.6721876106
2820,108.6404032606,-7.8666767109
2821,110.2384654951,-6.0224548018
2822,111.8019591174,-4.1480129725
2823,113.3284437123,-2.2520398258
2824,114.8157888839,-0.3432430948
2825,116.2621584408,1.5698248093
2826,117.6659922114,3.4789297522
2827,119.0259868975,5.3763007655
2828,120.3410770602,7.2547517377
2829,121.6104169948,9.1077765048
2830,123.4873163748,11.1349951987
2831,125.3690406898,13.1315739794
2832,127.2782710335,15.1014886144
2833,129.2302348331,17.0463502426
2834,131.2086769674,19.0007361254
2835,133.1917573169,21.0201373107
2836,135.9476386615,22.0083381217
2837,91.7249231154,-28.1459625646
2838,93.7663241891,-26.1109485193
2839,95.7518501277,-24.0486081836
2840,97.6919429981,-21.9465187670
2841,99.4694146649,-20.4430477711
2842,101.2268578118,-18.8775722283
2843,102.9621360818,-17.2540281054
2844,104.6734072414,-15.5768584996
2845,106.3591142920,-13.8509671539
2846,108.0179706782,-12.0816616809
2847,109.6489407985,-10.2745876645
2848,111.2512170636,-8.4356551902
2849,112.8241947222,-6.5709596846
2850,114.3674455942,-4.6866992098
2851,115.8806917277,-2.7890905254
2852,117.3637798492,-0.8842862876
2853,118.8166573109,1.0217043001
2854,120.2393500750,2.9230892478
2855,121.6319431135,4.8143600903
2856,122.9945634495,6.6903492492
2857,124.3273659384,8.5462773639
2858,125.6305217672,10.3777899568
2859,127.5669966153,12.3788032705
2860,129.5196684114,14.3480123144
2861,131.5083875889,16.2878285123
2862,133.4715231893,18.2575989093
2863,135.8196368316,19.7421147118
2864,92.7318532974,-30.2614726548
2865,94.8090437520,-28.1820169928
2866,96.8252998570,-26.0650730376
2867,98.6569550014,-24.5583601659
2868,100.4606597545,-22.9969835079
2869,102.2357764068,-21.3842286212
2870,103.9819498863,-19.7236784006
2871,105.6990811851,-18.0191849805
2872,107.3872991575,-16.2748382510
2873,109.0469316170,-14.4949313309
2874,110.6784765171,-12.6839234179
2875,112.2825738644,-10.8464005198
2876,113.8599788683,-8.9870346454
2877,115.4115367084,-7.1105421034
2878,116.9381591817,-5.2216416051
2879,118.4408033982,-3.3250128979
2880,119.9204526074,-1.4252566589
2881,121.3780991777,0.4731436429
2882,122.8147296960,2.3658572605
2883,124.2313121193,4.2487384727
2884,125.6287848821,6.1178551928
2885,127.0080478466,7.9695135029
2886,128.3699549688,9.8002778583
2887,129.7153085516,11.6069868293
2888,131.7188065771,13.5763110654
2889,133.7495354383,15.5118770202
2890,135.6899639397,17.5036466978
2891,93.7731237519,-32.3495129919
2892,95.8862225321,-30.2171742109
2893,97.7875868814,-28.7053730625
2894,99.6516164301,-27.1440088235
2895,101.4789462928,-25.5360651464
2896,103.2704557892,-23.8846880129
2897,105.0272318068,-22.1931678103
2898,106.7505342498,-20.4649209650
2899,108.4417640095,-18.7034711135
2900,110.1024337100,-16.9124298143
2901,111.7341413383,-15.0954768285
2902,113.3385467492,-13.2563400369
2903,114.9173509524,-11.3987750938
2904,116.4722780235,-9.5265449572
2905,118.0050594431,-7.6433994668
2906,119.5174206439,-5.7530551670
2907,121.0110695343,-3.8591755912
2908,122.4876867711,-1.9653522350
2909,123.9489175576,-0.0750864430
2910,125.3963647579,1.8082275704
2911,126.8315831353,3.6813183681
2912,128.2560745386,5.5410514292
2913,129.6712838797,7.3844416347
2914,131.0785957653,9.2086639920
2915,132.4793316620,11.0110625284
2916,133.8747474938,12.7891573201
2917,135.9531901773,14.7209817609
2918,138.1190496716,13.9175737816
2919,138.2501853515,16.1610785065
2920,138.3856964291,18.4270216642
2921,138.5261443200,20.7139921588
2922,138.6721629429,23.0204844769
2923,138.8244719294,25.3449023908
2924,138.9838927566,27.6855634985
2925,139.1513685843,30.0407045665
2926,139.3279888344,32.4084876149
2927,139.5150198937,34.7870066559
2928,139.7139437984,37.1742949656
2929,139.9265074339,39.5683327372
2930,140.1547857402,41.9670549182
2931,140.4012638046,44.3683589873
2932,140.6689447597,46.7701123561
2933,140.9614934578,49.1701589897
2934,141.2834305356,51.5663247078
2935,141.6403987071,53.9564204222
2936,142.0395346106,56.3382422524
2937,142.4899982686,58.7095669376
2938,143.0037436343,61.0681400940
2939,143.5966680413,63.4116533431
2940,144.2903757375,65.7377035908
2941,145.1149721867,68.0437225745
2942,146.1136598086,70.3268546187
2943,147.3506329254,72.5837393701
2944,148.9253547853,74.8101093540
2945,139.3629256826,12.0254223428
2946,140.3630001247,14.4806766458
2947,140.9509512589,17.2169755696
2948,141.0922843962,19.4547962972
2949,141.2463926094,21.7195834713
2950,141.4143921182,24.0093306509
2951,141.5975777581,26.3218768174
2952,141.7974554913,28.6549124099
2953,142.0157823304,31.0059868249
2954,142.2546157171,33.3725172177
2955,142.5163750682,35.7517983624
2956,142.8039191199,38.1410132342
2957,143.1206439864,40.5372438655
2958,143.4706086619,42.9374818895
2959,143.8586972926,45.3386380111
2960,144.2908313120,47.7375494103
2961,144.7742500834,50.1309837566
2962,145.3178869968,52.5156380413
2963,145.9328806101,54.8881297197
2964,146.6332800146,57.2449765452
2965,147.4370345640,59.5825597022
2966,148.3674080199,61.8970619245
2967,149.4550393378,64.1843673535
2968,150.7410104748,66.4399013374
2969,152.2815184337,68.6583730800
2970,154.1551610386,70.8333558918
2971,156.4745668105,72.9565863709
2972,140.6016273055,10.1087718770
2973,142.2037572546,12.3355837189
2974,142.6408463401,15.0277242622
2975,143.2399069046,17.7257744670
2976,143.8523019009,20.4398435142
2977,144.0163110629,22.6732963435
2978,144.2037022804,24.9388399829
2979,144.4165041857,27.2335527214
2980,144.6570759758,29.5542498709
2981,144.9281698500,31.8974944698
2982,145.2330075460,34.2596108558
2983,145.5753748150,36.6367005925
2984,145.9597389020,39.0246600004
2985,146.3913957622,41.4191982721
2986,146.8766560349,43.8158548304
2987,147.4230819650,46.2100142034
2988,148.0397918859,48.5969162003
2989,148.7378550979,50.9716585347
2990,149.5308087701,53.3291881493
2991,150.4353409905,55.6642762329
2992,151.4722018440,57.9714700431
2993,152.6674295000,60.2450118305
2994,154.0540131946,62.4787108440
2995,155.6741617002,64.6657477689
2996,157.5824030711,66.7983807629
2997,159.8497961209,68.8675068619
2998,162.1544770678,71.5310085423
2999,141.8369721394,8.1696172185
3000,143.3874671980,10.4174258748
3001,144.4310085542,12.8848513897
3002,144.9515520150,15.5567600565
3003,145.5684557873,18.2200381173
3004,146.1957114801,20.8916131293
3005,146.8478337066,23.5829612152
3006,147.0485076078,25.8130669667
3007,147.2865802270,28.0811984036
3008,147.5655065055,30.3829404816
3009,147.8892798360,32.7134136084
3010,148.2625334132,35.0672968700
3011,148.6906628508,37.4388581878
3012,149.1799751643,39.8219899796
3013,149.7378705558,42.2102482672
3014,150.3730651124,44.5968925136
3015,151.0958645807,46.9749227801
3016,151.9185018188,49.3371100758
3017,152.8555532854,51.6760149970
3018,153.9244526883,53.9839889037
3019,155.1461219971,56.2531508893
3020,156.5457398127,58.4753326496
3021,158.1536613501,60.6419820348
3022,160.0064866074,62.7440147496
3023,162.1482315831,64.7716028386
3024,164.3481850584,67.3819808737
3025,167.0517000808,69.9358160626
3026,143.0708188207,6.2100534617
3027,144.5766143292,8.4746878093
3028,146.1944656868,10.7119105111
3029,146.6969638512,13.4152664689
3030,147.2938863998,16.0658274107
3031,147.9349837217,18.6975320925
3032,148.5852450680,21.3310193973
3033,149.2552490961,23.9745335342
3034,149.9633934236,26.6416429012
3035,150.2170125249,28.8691499362
3036,150.5274411656,31.1417487165
3037,150.9003119234,33.4523972488
3038,151.3420333704,35.7931961108
3039,151.8599173400,38.1554544798
3040,152.4623249657,40.5297772110
3041,153.1588327296,42.9061687954
3042,153.9604188615,45.2741483268
3043,154.8796686985,47.6228682213
3044,155.9309945363,49.9412285488
3045,157.1308602751,52.2179786324
3046,158.4979926157,54.4417981825
3047,160.0535470678,56.6013518191
3048,161.8211765197,58.6853135762
3049,163.8269203292,60.6823621509
3050,165.8904812475,63.2483708077
3051,168.3315106866,65.7520994522
3052,171.2623308503,68.2012471363
3053,144.3050708072,4.2322741431
3054,145.7726486241,6.5097783428
3055,147.3277130030,8.7717490306
3056,148.4082453714,11.2491444274
3057,148.9999493849,13.9246332259
3058,149.6664167390,16.5529874982
3059,150.3376023456,19.1560308677
3060,151.0184511500,21.7554993874
3061,151.7166933980,24.3570014499
3062,152.4447163898,26.9695143471
3063,153.2263745798,29.6094846251
3064,153.5527305937,31.8350188345
3065,153.9643692526,34.1143054149
3066,154.4701646752,36.4351704256
3067,155.0798220770,38.7837669477
3068,155.8039090802,41.1448189259
3069,156.6538588359,43.5019408804
3070,157.6419287914,45.8380152386
3071,158.7810937193,48.1356030165
3072,160.0848457885,50.3773608446
3073,161.5668686220,52.5464386225
3074,163.2405478338,54.6268373790
3075,165.1182799274,56.6037153493
3076,167.0486659616,59.1316428366
3077,169.2694089786,61.5916539929
3078,171.8486757953,63.9984618211
3079,174.8870303046,66.3523089388
3080,145.5416807611,2.2385686830
3081,146.9770878440,4.5252788482
3082,148.4780170589,6.8062172197
3083,150.1049655183,9.0540216382
3084,150.6665718271,11.7639669549
3085,151.3380246182,14.4107693962
3086,152.0675029912,17.0163382705
3087,152.7741428904,19.5933439943
3088,153.4924741724,22.1625128838
3089,154.2283914935,24.7274073114
3090,154.9902654058,27.2934288931
3091,155.7923420117,29.8701502538
3092,156.6660259164,32.4780678093
3093,157.0909026527,34.7026865878
3094,157.6465160755,36.9917265241
3095,158.3460650335,39.3212258039
3096,159.2022516686,41.6637612788
3097,160.2266429110,43.9896197097
3098,161.4289043586,46.2682536684
3099,162.8159287615,48.4698625598
3100,164.3909067036,50.5669160603
3101,166.1524177583,52.5354529186
3102,167.9623182355,55.0289389939
3103,169.9998782527,57.4486055869
3104,172.3085452502,59.8173760737
3105,174.9527765652,62.1393185213
3106,178.0189707612,64.4093630090
3107,146.7826554835,0.2313191090
3108,148.1915193118,2.5239371749
3109,149.6464344504,4.8184624897
3110,151.1974249457,7.0952452225
3111,152.3087225801,9.5807216656
3112,152.9668732881,12.2538353785
3113,153.7089776637,14.8715317856
3114,154.4952952611,17.4540343131
3115,155.2421541646,20.0073437276
3116,156.0040535582,22.5495822213
3117,156.7859406857,25.0828379441
3118,157.5939474170,27.6099484488
3119,158.4367037343,30.1355339263
3120,159.3295317168,32.6690555500
3121,160.3135737485,35.2366133415
3122,160.8761628524,37.4638037775
3123,161.6533697224,39.7654735124
3124,162.6590303788,42.0818237881
3125,163.8960100903,44.3468378971
3126,165.3537526997,46.4962524180
3127,167.0077326464,48.4753811611
3128,168.7112499887,50.9341650242
3129,170.5947888455,53.3139132634
3130,172.6881589885,55.6474564754
3131,175.0360501231,57.9407110769
3132,177.6956171524,60.1906599856
3133,-179.2608186375,62.3889620261
3134,148.0300613552,-1.7870038954
3135,149.4176016215,0.5086598216
3136,150.8340948715,2.8119070610
3137,152.3202527218,5.1095253310
3138,153.9484938664,7.3686916324
3139,154.5644396373,10.0802869435
3140,155.3061921554,12.7162450038
3141,156.1103248418,15.3048432046
3142,156.9477343426,17.8643072319
3143,157.7389053692,20.3959935428
3144,158.5495309790,22.9143338633
3145,159.3843259760,25.4204882116
3146,160.2486235134,27.9157135133
3147,161.1487228079,30.4016118714
3148,162.0927722490,32.8808868835
3149,163.0943077168,35.3603744527
3150,164.2020523980,37.8715920102
3151,164.9955632232,40.1144228122
3152,166.2022575812,42.3777516906
3153,167.7343028498,44.4202723105
3154,169.3435816962,46.8349606550
3155,171.0939305390,49.1725813091
3156,173.0104144214,51.4740018946
3157,175.1263188619,53.7428823438
3158,177.4815741552,55.9759393908
3159,-179.8751448638,58.1664705280
3160,-176.8841708811,60.3046629744
3161,149.2860302307,-3.8138455567
3162,150.6570661944,-1.5174975934
3163,152.0421991660,0.7902335125
3164,153.4740239323,3.1012873783
3165,155.0101198822,5.3940685040
3166,156.1461604526,7.8859340722
3167,156.8681678411,10.5496444035
3168,157.6811877474,13.1487676866
3169,158.5393149116,15.7087201721
3170,159.4225557203,18.2454861758
3171,160.2613942635,20.7573768792
3172,161.1248667193,23.2545405263
3173,162.0179528758,25.7377262610
3174,162.9461759093,28.2075510928
3175,163.9157395267,30.6644857247
3176,164.9336933677,33.1088349814
3177,166.0081353429,35.5407113722
3178,167.1484621217,37.9599997794
3179,168.3656823980,40.3663105199
3180,169.8790930737,42.6895826505
3181,171.5104667028,44.9925542984
3182,173.2795966121,47.2726725701
3183,175.2101027383,49.5265504187
3184,177.3302984044,51.7497382006
3185,179.6742239379,53.9364227787
3186,-177.7171652675,56.0790316459
3187,-174.7947262004,58.1677149704
3188,150.5527657273,-5.8465721123
3189,151.9117185787,-3.5513414759
3190,153.2720161658,-1.2426339018
3191,154.6593403726,1.0753920834
3192,156.1183046082,3.3900205034
3193,157.7378033905,5.6621331879
3194,158.4056516440,8.3694028423
3195,159.2153644622,10.9858075487
3196,160.0881469348,13.5490917600
3197,160.9929384143,16.0813007419
3198,161.9172972976,18.5960180637
3199,162.8063610483,21.0897253752
3200,163.7256656581,23.5681625039
3201,164.6806985664,26.0321577392
3202,165.6776164841,28.4825824320
3203,166.7234288004,30.9205813947
3204,167.8262099263,33.3482938717
3205,168.9949422924,35.7717832242
3206,170.2289230481,38.2210530628
3207,171.7402194643,40.6859544479
3208,173.4556113462,42.9962425526
3209,175.2558869571,45.2612961120
3210,177.1994976866,47.4903042614
3211,179.3175592893,49.6828107160
3212,-178.3586285668,51.8346418292
3213,-175.7936047398,53.9392136798
3214,-172.9462643032,55.9876035344
3215,151.8325498396,-7.8824763514
3216,153.1834393642,-5.5895528819
3217,154.5248781395,-3.2825520250
3218,155.8768217568,-0.9628994173
3219,157.2728946947,1.3632592148
3220,158.7794776915,3.6736906682
3221,159.9343455776,6.1702598404
3222,160.7206850846,8.8151591252
3223,161.6009145886,11.3859385905
3224,162.5230032763,13.9150622028
3225,163.4679424222,16.4208717388
3226,164.4293110162,18.9144870520
3227,165.3703081498,21.3914458131
3228,166.3472130043,23.8533867550
3229,167.3659812768,26.3016860584
3230,168.4332356591,28.7383237618
3231,169.5561713681,31.1668371037
3232,170.7413841459,33.5951861277
3233,171.9855977454,36.0469260725
3234,173.1520535044,38.6293796334
3235,175.1439418762,40.9065912359
3236,177.0182448006,43.1686831409
3237,178.9876095312,45.3848229419
3238,-178.8940754487,47.5566336797
3239,-176.5919474514,49.6822581944
3240,-174.0728148053,51.7567292075
3241,-171.3009777780,53.7724662134
3242,153.1277497907,-9.9187834831
3243,154.4741845593,-7.6287014605
3244,155.8021746537,-5.3251853964
3245,157.1270940688,-3.0079708629
3246,158.4735876544,-0.6787900243
3247,159.8890478990,1.6523042262
3248,161.4852360222,3.9401159102
3249,162.2065889055,6.6344917351
3250,163.0839903877,9.2194581433
3251,164.0191692361,11.7474114300
3252,164.9813649803,14.2447197627
3253,165.9608508092,16.7258946476
3254,166.9557784083,19.1996327658
3255,167.9495258597,21.6611449757
3256,168.9845194744,24.1086623053
3257,170.0668466754,26.5445657778
3258,171.2027871827,28.9727732374
3259,172.3975201680,31.4008613252
3260,173.6489604681,33.8463030448
3261,174.9101106045,36.3596783946
3262,176.5599544766,38.7888369243
3263,178.5687283428,41.0266647514
3264,-179.4143679832,43.2299068821
3265,-177.2872022663,45.3853362233
3266,-175.0032512393,47.4901792469
3267,-172.5278011074,49.5403405070
3268,-169.8279156743,51.5294036747
3269,154.4408250117,-11.9526572111
3270,155.7859852456,-9.6652605142
3271,157.1053446347,-7.3660362946
3272,158.4107748415,-5.0539059556
3273,159.7199113160,-2.7280814794
3274,161.0649269423,-0.3908520113
3275,162.5204022667,1.9387374966
3276,163.6880407059,4.4378445669
3277,164.5437488831,7.0493467780
3278,165.4873858706,9.5788598389
3279,166.4640002262,12.0678728862
3280,167.4585516520,14.5363376809
3281,168.4679899454,16.9950293932
3282,169.4937299850,19.4503668216
3283,170.5401235447,21.8976516382
3284,171.6323751097,24.3327305854
3285,172.7760689617,26.7594463876
3286,173.9757012397,29.1844779330
3287,175.2307308803,31.6210438988
3288,176.5190728121,34.0995170230
3289,177.7060263882,36.7044579483
3290,179.9145949082,38.8668420611
3291,-177.9940108579,41.0450535917
3292,-175.8453229144,43.1825110776
3293,-173.5725987390,45.2686136231
3294,-171.1356221739,47.2980227665
3295,-168.5016671473,49.2647098059
3296,155.7743341113,-13.9812058824
3297,157.1209462904,-11.6956229518
3298,158.4358664030,-9.4004777428
3299,159.7284552154,-7.0945522064
3300,161.0112003129,-4.7760692034
3301,162.3048419179,-2.4433587139
3302,163.6549073878,-0.0998484400
3303,165.2027998318,2.2080750993
3304,165.9873716298,4.8742060600
3305,166.9332226301,7.4098168278
3306,167.9218938511,9.8903368548
3307,168.9288713089,12.3452994214
3308,169.9496393784,14.7884546642
3309,170.9855194913,17.2271552729
3310,172.0400682110,19.6657871950
3311,173.1380658762,22.1000349825
3312,174.2854104500,24.5246494840
3313,175.4862633059,26.9454042209
3314,176.7413156206,29.3725761680
3315,178.0393167662,31.8266090591
3316,179.3239002747,34.3538343366
3317,-178.9331276820,36.7189080952
3318,-176.7383894421,38.8489612567
3319,-174.5531139586,40.9610961761
3320,-172.2824448935,43.0271131498
3321,-169.8768051819,45.0370886615
3322,-167.3012841000,46.9840405835
3323,157.1309416562,-16.0014885746
3324,158.4812438576,-13.7161178930
3325,159.7952454401,-11.4237889021
3326,161.0806787156,-9.1235921045
3327,162.3465699876,-6.8138507879
3328,163.6058053073,-4.4918440060
3329,164.8833717791,-2.1542701958
3330,166.2529326624,0.1922774417
3331,167.4261308237,2.6891925206
3332,168.3619489645,5.2406133648
3333,169.3608577759,7.7115947006
3334,170.3778923889,10.1513732139
3335,171.4069240564,12.5780466471
3336,172.4495132803,14.9999028375
3337,173.5094677375,17.4213883696
3338,174.5915936722,19.8451900269
3339,175.7392132881,22.2676188196
3340,176.9381633403,24.6838101376
3341,178.1900054258,27.1019608590
3342,179.4891128647,29.5368123998
3343,-179.1924156532,32.0176065029
3344,-177.9609407395,34.6092931882
3345,-175.6345900993,36.6590978965
3346,-173.3965456111,38.7332675892
3347,-171.1174327796,40.7746008630
3348,-168.7348159024,42.7642810464
3349,-166.2094145053,44.6925372472
3350,158.5134245396,-18.0105209865
3351,159.8691214139,-15.7230276751
3352,161.1849996432,-13.4311922200
3353,162.4679167903,-11.1346198376
3354,163.7248884437,-8.8323297323
3355,164.9641007965,-6.5223502998
3356,166.1980020215,-4.2008487190
3357,167.4569670441,-1.8612777259
3358,168.9022475797,0.4712127773
3359,169.7786072807,3.0715226481
3360,170.7866894829,5.5298910214
3361,171.8113267982,7.9512788886
3362,172.8452984686,10.3600472200
3363,173.8910760995,12.7648891400
3364,174.9529262475,15.1698295694
3365,176.0357707081,17.5770948694
3366,177.1450338948,19.9880785327
3367,178.3393656484,22.3999911406
3368,179.5851492886,24.8099457851
3369,-179.1200464788,27.2290871773
3370,-177.7910493776,29.6775241967
3371,-176.4788909685,32.1948445040
3372,-174.6700699596,34.4913520120
3373,-172.3629006019,36.5103448374
3374,-170.0641624065,38.5193871149
3375,-167.6955957281,40.4858403265
3376,-165.2116111090,42.3949156205
3377,159.9246776483,-20.0052810027
3378,161.2868838766,-17.7126050195
3379,162.6066418254,-15.4178916596
3380,163.8905412871,-13.1212215395
3381,165.1447478621,-10.8223900683
3382,166.3752869579,-8.5207545314
3383,167.5887068624,-6.2147667430
3384,168.7946750928,-3.9003586772
3385,170.0270801580,-1.5648386119
3386,171.1880804835,0.9027786220
3387,172.2054051354,3.3392591439
3388,173.2338679890,5.7368375805
3389,174.2685867625,8.1265361652
3390,175.3137748950,10.5150929158
3391,176.3741284276,12.9050485468
3392,177.4545622135,15.2977122999
3393,178.5603140599,17.6938998458
3394,179.6970741579,20.0941687528
3395,-179.0656920461,22.4970086816
3396,-177.7790669408,24.9031323714
3397,-176.4510324320,27.3271930337
3398,-175.1087269251,29.7956031002
3399,-173.8328820369,32.3597759056
3400,-171.4407303419,34.3027111886
3401,-169.1109599762,36.2691768092
3402,-166.7471662104,38.2075523364
3403,-164.2957818247,40.0955304653
3404,161.3677184696,-21.9827138161
3405,162.7368895006,-19.6810901278
3406,164.0616592358,-17.3791113322
3407,165.3487941944,-15.0770568879
3408,166.6044365687,-12.7750758925
3409,167.8342219469,-10.4732140574
3410,169.0433811913,-8.1714359663
3411,170.2368299355,-5.8696437404
3412,171.4192486356,-3.5676930154
3413,172.5951557014,-1.2654069734
3414,173.6181162586,1.1082688004
3415,174.6432413185,3.4827991330
3416,175.6746073067,5.8586323377
3417,176.7163934674,8.2362056726
3418,177.7729509744,10.6159358844
3419,178.8488778081,12.9982085718
3420,179.9491020444,15.3833657937
3421,-178.9210233460,17.7716912240
3422,-177.7556104571,20.1633919815
3423,-176.4801432550,22.5587963682
3424,-175.1598009088,24.9637809645
3425,-173.8097788554,27.3971034468
3426,-172.4727069731,29.8924332008
3427,-170.6197746605,32.1197518878
3428,-168.2476604076,34.0310710770
3429,-165.8792957110,35.9347816653
3430,-163.4517527951,37.7984215143
3431,162.8456901844,-23.9397365093
3432,164.2215390468,-21.6247275094
3433,165.5514899042,-19.3101338754
3434,166.8427551474,-16.9959398388
3435,168.1019136678,-14.6817680284
3436,169.3351118178,-12.3666066203
3437,170.5483467448,-10.0478944239
3438,171.7480035837,-7.7175723291
3439,172.9403131539,-5.3314898665
3440,174.1415093241,-3.3374932550
3441,175.1768355346,-1.1294770193
3442,175.9442069791,1.0663641625
3443,177.0280088538,3.5002582571
3444,178.0805160746,5.8950183852
3445,179.1388315882,8.2803342630
3446,-179.7873542950,10.6627011220
3447,-178.6917700200,13.0445161875
3448,-177.5687100507,15.4269415793
3449,-176.4123254136,17.8106188180
3450,-175.2163225982,20.1958938121
3451,-173.9080941092,22.5857416965
3452,-172.5621816064,24.9926224149
3453,-171.2026985021,27.4400228608
3454,-169.8908630283,29.9698127433
3455,-167.4654092225,31.8115665137
3456,-165.0832205585,33.6724944882
3457,-162.6709203247,35.5073461387
3458,164.3618626847,-25.8732420274
3459,165.7432617258,-23.5397823781
3460,167.0774956696,-21.2063379691
3461,168.3723073901,-18.8719163584
3462,169.6347882866,-16.5343501932
3463,170.8715840023,-14.1889328378
3464,172.0889161891,-11.8240532547
3465,173.2905295008,-9.4025450660
3466,174.5209894200,-7.4830721195
3467,175.6951905360,-5.4081968960
3468,176.7834973696,-3.2252979973
3469,177.7595863573,-0.9911841681
3470,178.6033324928,1.2346887064
3471,179.3026027772,3.3974414386
3472,-179.5747402250,5.8482350129
3473,-178.4791799044,8.2601407600
3474,-177.3769181029,10.6561929008
3475,-176.2546908068,13.0445691983
3476,-175.1040017294,15.4289196807
3477,-173.9175955666,17.8110885113
3478,-172.6883105947,20.1920298437
3479,-171.3535295753,22.5784842936
3480,-169.9910902212,24.9906850287
3481,-168.6357056077,27.4574896975
3482,-166.7564859139,29.6165546531
3483,-164.3514127389,31.4252741761
3484,-161.9459726867,33.2258023674
3485,165.9196308249,-27.7801025039
3486,167.3044973619,-25.4225565081
3487,168.6409318281,-23.0632344566
3488,169.9371030851,-20.6993371900
3489,171.2003055788,-18.3253577779
3490,172.4367858939,-15.9296536537
3491,173.6500286868,-13.4836397860
3492,174.8946730231,-11.5867609843
3493,176.1021853552,-9.5783484899
3494,177.2611360378,-7.4770264428
3495,178.3607565725,-5.3051131960
3496,179.3913702614,-3.0875818983
3497,-179.6552453006,-0.8507340827
3498,-178.7855937931,1.3792537246
3499,-178.0043109912,3.5777261654
3500,-177.3141339642,5.7227203892
3501,-176.1514444643,8.1779149563
3502,-175.0049195516,10.5978487096
3503,-173.8464400986,12.9993910589
3504,-172.6617113950,15.3900930916
3505,-171.4407154960,17.7737518283
3506,-170.1747376487,20.1523581979
3507,-168.8202727870,22.5379010702
3508,-167.4511063693,24.9592662982
3509,-166.1141486650,27.4513237850
3510,-163.6773866640,29.1973322701
3511,-161.2706668604,30.9570450417
3512,167.5225090670,-29.6571719535
3513,168.9076741910,-27.2694034974
3514,170.2429134473,-24.8765006263
3515,171.5365290614,-22.4729239547
3516,172.7953415637,-20.0481035583
3517,174.0235064745,-17.5799424120
3518,175.2828198933,-15.6889236601
3519,176.5092631217,-13.7122503459
3520,177.6979616962,-11.6598919304
3521,178.8444182830,-9.5434430979
3522,179.9445670925,-7.3758540598
3523,-179.0051870594,-5.1710803659
3524,-178.0079444237,-2.9436726209
3525,-177.0662992785,-0.7083333740
3526,-176.1823402687,1.5205278283
3527,-175.3576600913,3.7292103336
3528,-174.5933726360,5.9050822248
3529,-173.8901359977,8.0368640526
3530,-172.6797742072,10.4896712252
3531,-171.4731630404,12.9103945323
3532,-170.2465325902,15.3115457431
3533,-168.9854070053,17.6994913033
3534,-167.6786530304,20.0776290906
3535,-166.3119485979,22.4650875245
3536,-164.9464631616,24.8998999392
3537,-163.0555384370,26.9925168206
3538,-160.6396485197,28.7040972058
3539,169.1741215085,-31.5012883941
3540,170.5551816896,-29.0767434526
3541,171.8843785350,-26.6420123122
3542,173.1696742829,-24.1878272020
3543,174.4164086198,-21.6967762063
3544,175.6932689038,-19.8029402243
3545,176.9366323036,-17.8402636133
3546,178.1448219624,-15.8151211517
3547,179.3164311409,-13.7346877279
3548,-179.5496954011,-11.6068407356
3549,-178.4544839865,-9.4400371850
3550,-177.3986570804,-7.2431692460
3551,-176.3827593959,-5.0254034692
3552,-175.4071837521,-2.7960101601
3553,-174.4721955847,-0.5641901502
3554,-173.5779552479,1.6610935706
3555,-172.7245375048,3.8712722610
3556,-171.9119478624,6.0583096836
3557,-171.1401356476,8.2148173634
3558,-170.4090039301,10.3341436302
3559,-169.1405185461,12.7793362986
3560,-167.8628654325,15.1946249667
3561,-166.5551979047,17.5894021896
3562,-165.2029659462,19.9687717870
3563,-163.8319521946,22.3613358690
3564,-162.4810119891,24.8143196020
3565,-160.0483061830,26.4697583069
3566,170.8781861023,-33.3092755305
3567,172.2493378462,-30.8410771762
3568,173.5660484333,-28.3558735717
3569,174.8353004744,-25.8396753819
3570,176.1334744202,-23.9370313113
3571,177.3950738725,-21.9773967014
3572,178.6204121595,-19.9653530340
3573,179.8099698757,-17.9058953421
3574,-179.0356357520,-15.8043900259
3575,-177.9156801824,-13.6665239420
3576,-176.8293590871,-11.4982455156
3577,-175.7758137364,-9.3056990268
3578,-174.7541540007,-7.0951535878
3579,-173.7634788233,-4.8729286353
3580,-172.8028940985,-2.6453179824
3581,-171.8715279585,-0.4185145857
3582,-170.9685435267,1.8014618219
3583,-170.0931492406,4.0088322069
3584,-169.2446068802,6.1981190262
3585,-168.4222374685,8.3641988614
3586,-167.6254252255,10.5023458103
3587,-166.8536197752,12.6082649694
3588,-165.5147762351,15.0409096332
3589,-164.1533927031,17.4447711558
3590,-162.7504226279,19.8268793341
3591,-161.3834233646,22.2281107225
3592,-159.4926524427,24.2566103882
3593,172.6384916781,-35.0779442081
3594,173.9923503397,-32.5590000105
3595,175.2883860272,-30.0144437941
3596,176.6122271631,-28.0980265642
3597,177.8946831787,-26.1335169462
3598,179.1376147774,-24.1244956115
3599,-179.6570747851,-22.0747483353
3600,-178.4874641129,-19.9882479585
3601,-177.3516343512,-17.8691330560
3602,-176.2476864822,-15.7216833850
3603,-175.1737555949,-13.5502923228
3604,-174.1280224813,-11.3594366440
3605,-173.1087228960,-9.1536441096
3606,-172.1141547912,-6.9374594484
3607,-171.1426838130,-4.7154093964
3608,-170.1927473131,-2.4919675122
3609,-169.2628571023,-0.2715195141
3610,-168.3516011428,1.9416701276
3611,-167.4576443511,4.1434896466
3612,-166.5797286566,6.3300088559
3613,-165.7166724441,8.4975049094
3614,-164.8673694829,10.6424845195
3615,-164.0307874362,12.7617023278
3616,-163.2059660235,14.8521752473
3617,-161.7830486249,17.2670526817
3618,-160.3235870509,19.6531915128
3619,-158.9692267545,22.0670231506
3620,174.4588661913,-36.8040939318
3621,175.7862712036,-34.2272155511
3622,177.1406599511,-32.2924000418
3623,178.4472493472,-30.3165320525
3624,179.7093655860,-28.3025944130
3625,-179.0697856275,-26.2536467048
3626,-177.8871261990,-24.1728213972
3627,-176.7397089644,-22.0633182438
3628,-175.6247180538,-19.9283968903
3629,-174.5394669976,-17.7713677162
3630,-173.4813951456,-15.5955809968
3631,-172.4480628595,-13.4044145362
3632,-171.4371458432,-11.2012599686
3633,-170.4464289008,-8.9895079741
3634,-169.4737993461,-6.7725326852
3635,-168.5172402370,-4.5536755876
3636,-167.5748235638,-2.3362292287
3637,-166.6447034892,-0.1234210541
3638,-165.7251097099,2.0816023176
3639,-164.8143409885,4.2757900895
3640,-163.9107588890,6.4562012807
3641,-163.0127817357,8.6200174868
3642,-162.1188788079,10.7645542107
3643,-161.2275647720,12.8872706093
3644,-160.3373943526,14.9857775480
3645,-159.4469572371,17.0578438987
3646,-157.9248255407,19.4490764791
3647,-108.7469310230,-24.9429968874
3648,-107.8466489748,-22.8520702204
3649,-106.9650449400,-20.7351725731
3650,-106.0999088043,-18.5941102382
3651,-105.2491221656,-16.4307623748
3652,-104.4106451979,-14.2470798574
3653,-103.5825040222,-12.0450830324
3654,-102.7627785045,-9.8268584213
3655,-101.9495903993,-7.5945544341
3656,-101.1410917432,-5.3503761741
3657,-100.3354534056,-3.0965794287
3658,-99.5308536933,-0.8354639591
3659,-98.7254669056,1.4306337851
3660,-97.9174517304,3.6993483850
3661,-97.1049393667,5.9682934551
3662,-96.2860212538,8.2350697668
3663,-95.4587362818,10.4972733267
3664,-94.6210573498,12.7525032375
3665,-93.7708771324,14.9983691683
3666,-92.9059929062,17.2324982631
3667,-92.0240902806,19.4525413199
3668,-91.1227256711,21.6561780765
3669,-90.1993073482,23.8411214510
3670,-89.2510748915,26.0051205859
3671,-88.2750768856,28.1459625625
3672,-87.2681467036,30.2614726526
3673,-86.2268762492,32.3495129898
3674,-108.1222674073,-27.1188557854
3675,-106.2711694647,-25.0664108702
3676,-104.8292953601,-22.6030609027
3677,-104.0296029969,-20.4881919595
3678,-103.2357685373,-18.3458492194
3679,-102.4463373241,-16.1782092157
3680,-101.6598618441,-13.9875978268
3681,-100.8748953891,-11.7764837446
3682,-100.0899857686,-9.5474701110
3683,-99.3036690426,-7.3032843859
3684,-98.5144632444,-5.0467665540
3685,-97.7208620659,-2.7808558252
3686,-96.9213284788,-0.5085760208
3687,-96.1142882699,1.7669801182
3688,-95.2981234720,4.0426674344
3689,-94.4711656760,6.3153053752
3690,-93.6316892208,8.5816952189
3691,-92.7779042605,10.8386371825
3692,-91.9079497250,13.0829470922
3693,-91.0198862001,15.3114723019
3694,-90.1116887758,17.5211065677
3695,-89.1812399287,19.7088036136
3696,-88.2263225391,21.8715891585
3697,-87.2446131735,24.0065712147
3698,-86.2336758118,26.1109485174
3699,-85.1909562490,28.1820169909
3700,-84.1137774697,30.2171742123
3701,-107.4661722454,-29.3136399589
3702,-105.0286354272,-27.6291722158
3703,-103.7663377700,-25.1493175883
3704,-102.4019243552,-22.6887211836
3705,-101.0860531449,-20.1984829174
3706,-100.3706875158,-18.0642695862
3707,-99.6483533612,-15.8998083381
3708,-98.9182228304,-13.7080023368
3709,-98.1794166063,-11.4920091176
3710,-97.4310023277,-9.2552257440
3711,-96.6719932043,-7.0012699344
3712,-95.9013468562,-4.7339573459
3713,-95.1179644188,-2.4572753269
3714,-94.3206899578,-0.1753535746
3715,-93.5083102506,2.1075677546
3716,-92.6795549979,4.3871718405
3717,-91.8330975431,6.6591001858
3718,-90.9675561860,8.9189880383
3719,-90.0814961963,11.1624994792
3720,-89.1734326421,13.3853614245
3721,-88.2418341706,15.5833958414
3722,-87.2851278906,17.7525495527
3723,-86.3017055274,19.8889211087
3724,-85.2899310358,21.9887843206
3725,-84.2481498732,24.0486081819
3726,-83.1747001445,26.0650730389
3727,-82.2124131203,28.7053730639
3728,-106.7747080956,-31.5254914347
3729,-104.3423543683,-29.7887126261
3730,-102.4981057936,-27.6632436913
3731,-101.2355828374,-25.1902362840
3732,-99.9422255506,-22.7316010891
3733,-98.7009396437,-20.2510931983
3734,-97.4921185201,-17.7408199551
3735,-96.8460040389,-15.5905797921
3736,-96.1793402065,-13.4058774416
3737,-95.4918231691,-11.1909107715
3738,-94.7830836695,-8.9503015394
3739,-94.0526885395,-6.6890617019
3740,-93.3001434082,-4.4125499225
3741,-92.5248967361,-2.1264189756
3742,-91.7263452720,0.1634448400
3743,-90.9038410125,2.4509887749
3744,-90.0566997261,4.7300653647
3745,-89.1842110794,6.9945067701
3746,-88.2856503799,9.2381995397
3747,-87.3602919181,11.4551576097
3748,-86.4074238619,13.6395914705
3749,-85.4263646166,15.7859716560
3750,-84.4164805247,17.8890850238
3751,-83.3772047329,19.9440826740
3752,-82.3080570032,21.9465187681
3753,-81.3430450001,24.5583601671
3754,-80.3483835716,27.1440088250
3755,-106.0433308728,-33.7523869128
3756,-103.6094284093,-31.9691904901
3757,-101.1709082381,-30.1835656530
3758,-99.9358714148,-27.6574357338
3759,-98.6822829176,-25.1878824569
3760,-97.4539629560,-22.7301482383
3761,-96.2791580732,-20.2575240960
3762,-95.1428139440,-17.7642587878
3763,-94.0241471305,-15.2397850487
3764,-93.4329963927,-13.0756125568
3765,-92.8057484171,-10.8709587513
3766,-92.1425809149,-8.6323670204
3767,-91.4436887404,-6.3671161634
3768,-90.7092883898,-4.0831324710
3769,-89.9396250136,-1.7888758965
3770,-89.1349820465,0.5067964243
3771,-88.2956934052,2.7947844380
3772,-87.4221580305,5.0659110211
3773,-86.5148563681,7.3110923268
3774,-85.5743682124,9.5215052044
3775,-84.6013911824,11.6887445115
3776,-83.5967589792,13.8049639422
3777,-82.5614584981,15.8629952439
3778,-81.4966448428,17.8564422566
3779,-80.5305853363,20.4430477721
3780,-79.5393402469,22.9969835091
3781,-78.5210537089,25.5360651478
3782,-105.2667694387,-35.9921268781
3783,-102.8244121199,-34.1678822321
3784,-100.4050315668,-32.3243624266
3785,-98.5827757290,-30.1239157184
3786,-97.3459049970,-27.6102034773
3787,-96.1100169572,-25.1411905877
3788,-94.9411758623,-22.6830530820
3789,-93.8253838274,-20.2161085818
3790,-92.7510700780,-17.7364759237
3791,-91.7037724801,-15.2369932928
3792,-90.6604012507,-12.7036029832
3793,-90.1099973670,-10.5262038290
3794,-89.5037450351,-8.2998387622
3795,-88.8424407994,-6.0356813297
3796,-88.1272449160,-3.7462818002
3797,-87.3596895010,-1.4452883772
3798,-86.5416824330,0.8529076084
3799,-85.6755063632,3.1335826676
3800,-84.7638119321,5.3821215521
3801,-83.8096041222,7.5844564946
3802,-82.8162206635,9.7274746362
3803,-81.7873016251,11.7993667015
3804,-80.7267497771,13.7898968076
3805,-79.7603887830,16.3535872987
3806,-78.7731421894,18.8775722294
3807,-77.7642235946,21.3842286224
3808,-76.7295442123,23.8846880143
3809,-104.4388763539,-38.2423218891
3810,-101.9809827873,-36.3817875096
3811,-99.5736685266,-34.4878218243
3812,-97.1519650337,-32.5968418604
3813,-95.9596980312,-30.0255321732
3814,-94.7324599338,-27.5202573051
3815,-93.5225285633,-25.0493342246
3816,-92.4081388412,-22.5892772036
3817,-91.3446538883,-20.1254968884
3818,-90.3230032430,-17.6556295368
3819,-89.3331529941,-15.1753511766
3820,-88.3612572781,-12.6762087585
3821,-87.3805495390,-10.1393155588
3822,-86.8551427861,-7.9472935537
3823,-86.2450284811,-5.6944003902
3824,-85.5524971900,-3.4025650649
3825,-84.7814704888,-1.0965391854
3826,-83.9374575696,1.1972624561
3827,-83.0274153371,3.4521536118
3828,-82.0595176973,5.6426344815
3829,-81.0428503459,7.7457320919
3830,-79.9870562624,9.7420624729
3831,-79.0204849832,12.2836794447
3832,-78.0373902929,14.7780767526
3833,-77.0378639194,17.2540281065
3834,-76.0180501150,19.7236784019
3835,-74.9727681947,22.1931678118
3836,-103.5524417399,-40.5003749119
3837,-101.0717694898,-38.6076097943
3838,-98.6693804631,-36.6699029481
3839,-96.2868912615,-34.7153897973
3840,-94.5049703001,-32.4387452547
3841,-93.3067562671,-29.8868465140
3842,-92.1000249728,-27.3865918000
3843,-90.9236854384,-24.9117427834
3844,-89.8593150720,-22.4480776878
3845,-88.8423098329,-19.9846940834
3846,-87.8652548580,-17.5203242478
3847,-86.9208824022,-15.0527570070
3848,-86.0009722101,-12.5778393618
3849,-85.0930360466,-10.0864787040
3850,-84.1654306865,-7.5530442958
3851,-83.6426495843,-5.3403984486
3852,-82.9835443570,-3.0525414265
3853,-82.1974010774,-0.7448705669
3854,-81.3007149743,1.5219994721
3855,-80.3157070670,3.6895339999
3856,-79.2678736491,5.7082340805
3857,-78.3006862994,8.2255407367
3858,-77.3219232575,10.6887294890
3859,-76.3319358057,13.1351336579
3860,-75.3265927597,15.5768585007
3861,-74.3009188162,18.0191849818
3862,-73.2494657516,20.4649209665
3863,-102.5989596747,-42.7634581682
3864,-100.0881433297,-40.8417320522
3865,-97.6835395657,-38.8661064637
3866,-95.3325348052,-36.8578852031
3867,-92.9515339484,-34.8577342884
3868,-91.8184799571,-32.2439184289
3869,-90.6293927720,-29.7066287481
3870,-89.4532718878,-27.2085103679
3871,-88.3174353702,-24.7281144981
3872,-87.2993042323,-22.2590266384
3873,-86.3239312931,-19.7930911931
3874,-85.3848997247,-17.3296646642
3875,-84.4764002478,-14.8678048187
3876,-83.5929253040,-12.4060287235
3877,-82.7286056093,-9.9415462327
3878,-81.8745993430,-7.4671676327
3879,-80.9967987258,-4.9502189183
3880,-80.4188946552,-2.6967636694
3881,-79.5788612019,-0.4075650079
3882,-78.5605592688,1.6838006049
3883,-77.5921531487,4.1659779033
3884,-76.6188867324,6.5942032673
3885,-75.6391233962,9.0129743108
3886,-74.6480504119,11.4308682475
3887,-73.6408857091,13.8509671550
3888,-72.6127008438,16.2748382523
3889,-71.5582359919,18.7034711151
3890,-101.5683331748,-45.0284824155
3891,-99.0199591901,-43.0801855238
3892,-96.6061116175,-41.0714449982
3893,-94.2789344541,-39.0182112288
3894,-91.9657620360,-36.9493281400
3895,-90.2460843086,-34.5963390645
3896,-89.0991972615,-32.0108515469
3897,-87.9333418177,-29.4840254661
3898,-86.7969976563,-26.9856445798
3899,-85.7077600509,-24.4984250729
3900,-84.7327864988,-22.0220250689
3901,-83.7952618968,-19.5504884108
3902,-82.8893381248,-17.0832968632
3903,-82.0098172314,-14.6198668098
3904,-81.1520208914,-12.1595643906
3905,-80.3116819057,-9.7017171449
3906,-79.4848523885,-7.2456230521
3907,-78.6678244224,-4.7905576535
3908,-77.8570597771,-2.3357797880
3909,-76.8925791254,0.0623262207
3910,-75.9275188305,2.4616355846
3911,-74.9579851167,4.8626915104
3912,-73.9800061775,7.2660331094
3913,-72.9894653681,9.6721876115
3914,-71.9820293229,12.0816616820
3915,-70.9530683843,14.4949313322
3916,-69.8975662913,16.9124298158
3917,-100.4484993304,-47.2920558141
3918,-97.8552370626,-45.3186089383
3919,-95.4253975591,-43.2804069488
3920,-93.1146560404,-41.1894958709
3921,-90.8599040893,-39.0654501774
3922,-88.5517044921,-36.9530324314
3923,-87.4939864744,-34.3016583355
3924,-86.3543307674,-31.7384991781
3925,-85.2245505420,-29.2185904714
3926,-84.1360629673,-26.7179674495
3927,-83.0986281187,-24.2229317303
3928,-82.1644644308,-21.7373105869
3929,-81.2621301937,-19.2571092224
3930,-80.3861757025,-16.7814352045
3931,-79.5317073992,-14.3091489627
3932,-78.6942670188,-11.8386231294
3933,-77.8697876507,-9.3670024265
3934,-77.0551261395,-6.8872769181
3935,-76.2584969962,-4.3690627094
3936,-75.3255750051,-1.8060311557
3937,-74.3148838652,0.6329394205
3938,-73.3344340631,3.0493817320
3939,-72.3521917532,5.4589877651
3940,-71.3595967403,7.8666767119
3941,-70.3510592026,10.2745876656
3942,-69.3215234841,12.6839234192
3943,-68.2658586631,15.0954768300
3944,-99.2249502211,-49.5504284683
3945,-96.5797683796,-47.5521946275
3946,-94.1277277985,-45.4869108327
3947,-91.8265738763,-43.3640797420
3948,-89.6210308375,-41.1965394638
3949,-87.4213019161,-39.0116950697
3950,-85.7895871548,-36.5837600437
3951,-84.7046069900,-33.9724348427
3952,-83.5914809916,-31.4263319396
3953,-82.5090928086,-28.9103064665
3954,-81.4753291075,-26.4058000838
3955,-80.4939488579,-23.9021725043
3956,-79.5990046305,-21.4054585258
3957,-78.7303683858,-18.9136046626
3958,-77.8830959999,-16.4248725844
3959,-77.0528772420,-13.9367146587
3960,-76.2362718133,-11.4448310611
3961,-75.4321141413,-8.9404217376
3962,-74.6504256010,-6.3999721333
3963,-74.0164150466,-3.7297681512
3964,-72.7942823025,-1.2724896395
3965,-71.7640779235,1.1755244959
3966,-70.7628538797,3.6040672682
3967,-69.7615345057,6.0224548028
3968,-68.7487829374,8.4356551913
3969,-67.7174261367,10.8464005211
3970,-66.6614532521,13.2563400384
3971,-97.8801174957,-51.7994172284
3972,-95.1766300819,-49.7756168625
3973,-92.6971041653,-47.6842465465
3974,-90.3996358942,-45.5334805151
3975,-88.2347135132,-43.3317923428
3976,-86.1293890686,-41.0941943531
3977,-83.9381303417,-38.8676583136
3978,-82.9685891116,-36.1872511467
3979,-81.8881017140,-33.6080826573
3980,-80.8185114739,-31.0743742431
3981,-79.7930791982,-28.5595966521
3982,-78.8195953688,-26.0498113976
3983,-77.8975279536,-23.5369607970
3984,-77.0409810819,-21.0273764284
3985,-76.2057318118,-18.5210473609
3986,-75.3877310414,-16.0149731538
3987,-74.5841239209,-13.5044733752
3988,-73.7946942640,-10.9812379111
3989,-73.0278667426,-8.4279062525
3990,-72.3337935223,-5.7998064759
3991,-71.4003342899,-3.2028731652
3992,-70.2614576051,-0.7359189166
3993,-69.2185966161,1.7142649728
3994,-68.1980408834,4.1480129735
3995,-67.1758052788,6.5709596857
3996,-66.1400211328,8.9870346467
3997,-65.0826490489,11.3987750953
3998,-96.3925786905,-54.0343032039
3999,-93.6255870004,-51.9829362623
4000,-91.1147873176,-49.8649990819
4001,-88.8166235391,-47.6883515188
4002,-86.6849595866,-45.4591746018
4003,-84.6601910458,-43.1847661605
4004,-82.6350522393,-40.8861898717
4005,-81.1209680690,-38.3870689583
4006,-80.1031607430,-35.7630254315
4007,-79.0552057015,-33.2087576761
4008,-78.0434096607,-30.6832255727
4009,-77.0825665882,-28.1673255538
4010,-76.1735390805,-25.6510108639
4011,-75.3130265794,-23.1283753772
4012,-74.4948219580,-20.6042920525
4013,-73.6938220589,-18.0809155117
4014,-72.9075354596,-15.5536475424
4015,-72.1359957979,-13.0151342638
4016,-71.3856922864,-10.4522046369
4017,-70.6846021028,-7.8379086503
4018,-70.1587423348,-5.1087353524
4019,-68.8392227000,-2.6615990852
4020,-67.7253569413,-0.1970845794
4021,-66.6715562885,2.2520398268
4022,-65.6325544068,4.6866992110
4023,-64.5884632928,7.1105421047
4024,-63.5277219778,9.5265449587
4025,-94.7360316175,-56.2496914238
4026,-91.9023628730,-54.1674722544
4027,-89.3588339141,-52.0209494485
4028,-87.0579274969,-49.8184319470
4029,-84.9542243170,-47.5654547110
4030,-82.9973987395,-45.2656053923
4031,-81.1109105875,-42.9248762895
4032,-79.1015715684,-40.5848758389
4033,-78.2225843403,-37.8907861721
4034,-77.2091646814,-35.3116470564
4035,-76.2169931744,-32.7753986640
4036,-75.2741438274,-30.2540636041
4037,-74.3834707830,-27.7347888945
4038,-73.5416601945,-25.2107345452
4039,-72.7439249134,-22.6777461551
4040,-71.9647614722,-20.1377353104
4041,-71.2000163085,-17.5950673679
4042,-70.4496693138,-15.0433116642
4043,-69.7185680783,-12.4721272176
4044,-69.0244110740,-9.8632139045
4045,-68.4267751406,-7.1807784238
4046,-67.5077028842,-4.5790866382
4047,-66.2883346414,-2.1167382206
4048,-65.1842111169,0.3432430958
4049,-64.1193082732,2.7890905266
4050,-63.0618408194,5.2216416065
4051,-61.9949405581,7.6433994684
4052,-92.8779707427,-58.4393178100
4053,-89.9777647798,-56.3216332844
4054,-87.4036007023,-54.1429469964
4055,-85.1013762101,-51.9124868081
4056,-83.0235475420,-49.6362595803
4057,-81.1246940576,-47.3171350032
4058,-79.3499134109,-44.9551005635
4059,-77.5867214619,-42.5550649370
4060,-76.2245009896,-39.9933584065
4061,-75.2693523957,-37.3807744513
4062,-74.3033941598,-34.8348080171
4063,-73.3846205786,-32.3097341990
4064,-72.5185225276,-29.7886285357
4065,-71.7014854125,-27.2636928539
4066,-70.9282320688,-24.7306249108
4067,-70.1934909386,-22.1866361936
4068,-69.4547980481,-19.6295147814
4069,-68.7294050898,-17.0657072825
4070,-68.0208940184,-14.4868311218
4071,-67.3412447462,-11.8794965790
4072,-66.7245488688,-9.2206216820
4073,-66.2746659568,-6.4680028018
4074,-64.9119490271,-4.0319547158
4075,-63.7378415600,-1.5698248082
4076,-62.6362201517,0.8842862888
4077,-61.5591966029,3.3250128993
4078,-60.4825793574,5.7530551686
4079,-90.7779905037,-60.5957827108
4080,-87.8166605071,-58.4366919315
4081,-85.2192563307,-56.2207474246
4082,-82.9221783055,-53.9582365917
4083,-80.8728845003,-51.6561562836
4084,-79.0265451874,-49.3183926643
4085,-77.3403339761,-46.9450547592
4086,-75.7543382662,-44.5306347132
4087,-74.0396881405,-42.0866785750
4088,-73.2235784712,-39.4133402313
4089,-72.2905907642,-36.8607559668
4090,-71.4030205872,-34.3353371318
4091,-70.5690673425,-31.8142534939
4092,-69.7840627699,-29.2891891388
4093,-69.0420098541,-26.7561235558
4094,-68.3372597161,-24.2126051709
4095,-67.6647551176,-21.6568205226
4096,-66.9686597270,-19.0816896116
4097,-66.2867400675,-16.4953446694
4098,-65.6274847695,-13.8874539951
4099,-65.0125953655,-11.2417745993
4100,-64.4980267218,-8.5313739962
4101,-63.5998207098,-5.9308555299
4102,-62.3340077894,-3.4789297512
4103,-61.1833426901,-1.0217042989
4104,-60.0795473937,1.4252566603
4105,-58.9889304670,3.8591755928
4106,-88.3856456492,-62.7101823059
4107,-85.3768438785,-60.5024897617
4108,-82.7713829931,-58.2428123007
4109,-80.4930750999,-55.9422804020
4110,-78.4817212365,-53.6087670668
4111,-76.6893346261,-51.2475353203
4112,-75.0766008968,-48.8612817236
4113,-73.6075829874,-46.4486308274
4114,-72.2210766158,-43.9957385571
4115,-71.0583745431,-41.4059260766
4116,-70.1638681546,-38.8559618285
4117,-69.3170066688,-36.3361779993
4118,-68.5250132574,-33.8171278591
4119,-67.7808890172,-31.2921420454
4120,-67.0778723322,-28.7584921329
4121,-66.4100882999,-26.2145080513
4122,-65.7724463641,-23.6588490332
4123,-65.1604912514,-21.0902623959
4124,-64.5097773454,-18.4965377482
4125,-63.8763928763,-15.8867475093
4126,-63.2751616556,-13.2487353301
4127,-62.7402321197,-10.5638429133
4128,-62.3547757884,-7.8027147877
4129,-60.9740131032,-5.3763007644
4130,-59.7606499259,-2.9230892465
4131,-58.6219008234,-0.4731436415
4132,-57.5123132301,1.9653522365
4133,-85.6378431855,-64.7715993673
4134,-82.6078984615,-62.5070559693
4135,-80.0208185756,-60.1960703446
4136,-77.7848467649,-57.8500230215
4137,-75.8300845152,-55.4769310221
4138,-74.1028613792,-53.0824584766
4139,-72.5615522780,-50.6705990171
4140,-71.1735191058,-48.2441412910
4141,-69.9128817129,-45.8049904380
4142,-68.7588879244,-43.3543929278
4143,-67.9069237654,-40.8481456362
4144,-67.1167738319,-38.3348075329
4145,-66.3789556742,-35.8139522356
4146,-65.6855777992,-33.2849881871
4147,-65.0299960141,-30.7471859930
4148,-64.4065504247,-28.1996974511
4149,-63.8103613612,-25.6415684078
4150,-63.2371687302,-23.0717469100
4151,-62.6832035620,-20.4890876679
4152,-62.0812656411,-17.8765215314
4153,-61.5023253986,-15.2428921714
4154,-60.9690403970,-12.5744569025
4155,-60.5307291284,-9.8507905593
4156,-59.6589229406,-7.2547517367
4157,-58.3680568874,-4.8143600890
4158,-57.1852703050,-2.3658572591
4159,-56.0510824436,0.0750864446
4160,-82.4558802705,-66.7664048958
4161,-79.4503175626,-64.4361275723
4162,-76.9239969948,-62.0656504438
4163,-74.7673729773,-59.6656272114
4164,-72.9000630143,-57.2429338403
4165,-71.2622063873,-54.8015235072
4166,-69.8085360152,-52.3422179788
4167,-68.5047367233,-49.8592059313
4168,-67.3336244747,-47.3103333348
4169,-66.1429953665,-45.1349464688
4170,-65.3121265797,-42.7710753477
4171,-64.8819437442,-40.4673545414
4172,-64.1514092506,-37.8643208628
4173,-63.5047472076,-35.3019902776
4174,-62.8996568913,-32.7444257782
4175,-62.3254684100,-30.1836515774
4176,-61.7761094776,-27.6163026894
4177,-61.2470308394,-25.0402707361
4178,-60.7344609943,-22.4538696655
4179,-60.2351197930,-19.8555579757
4180,-59.6859120935,-17.2242516884
4181,-59.1680713072,-14.5669113546
4182,-58.7136024991,-11.8685458104
4183,-58.3895830060,-9.1077765037
4184,-57.0054365514,-6.6903492480
4185,-55.7686878818,-4.2487384713
4186,-54.6036352433,-1.8082275687
4187,-78.7425932771,-68.6773182695
4188,-75.8354067890,-66.2725732424
4189,-73.4341971986,-63.8346150545
4190,-71.4115037197,-61.3720285216
4191,-69.6779330405,-58.8888356907
4192,-68.1698565142,-56.3843802262
4193,-66.8428947034,-53.8498127738
4194,-65.6757402225,-51.2507316643
4195,-64.4092207541,-49.1274126443
4196,-63.3601364348,-46.8528401792
4197,-62.5362812829,-44.4840110682
4198,-61.9334733613,-42.0860642583
4199,-61.5374059253,-39.7245480373
4200,-61.3265961922,-37.4577260677
4201,-60.7192145816,-34.8086058476
4202,-60.1805276662,-32.2013894563
4203,-59.6754137290,-29.6061478584
4204,-59.1919193081,-27.0120604795
4205,-58.7238375789,-24.4137710886
4206,-58.2670070828,-21.8079309999
4207,-57.8181899175,-19.1920433931
4208,-57.3261730107,-16.5424507484
4209,-56.8767282042,-13.8620418884
4210,-56.5126836237,-11.1349951982
4211,-55.6726340625,-8.5462773627
4212,-54.3712151190,-6.1178551913
4213,-53.1684168659,-3.6813183665
4214,-74.3808627493,-70.4821928561
4215,-71.6869412826,-67.9957591610
4216,-69.5042976919,-65.4837549606
4217,-67.6920172664,-62.9510706796
4218,-66.1569026078,-60.3969332229
4219,-64.8378471255,-57.8128598976
4220,-63.7023064655,-55.1732733138
4221,-62.4093493644,-53.0519138337
4222,-61.3097554920,-50.8196046857
4223,-60.3942349494,-48.5005397010
4224,-59.6511436046,-46.1219758258
4225,-59.0672994363,-43.7130421746
4226,-58.6286832642,-41.3033228579
4227,-58.3210147488,-38.9213726178
4228,-58.1302066821,-36.5933436745
4229,-58.0427077056,-34.3418818211
4230,-57.5395171695,-31.6619924990
4231,-57.0868707580,-29.0194816953
4232,-56.6586734966,-26.3908926663
4233,-56.2440516924,-23.7653601506
4234,-55.8371405703,-21.1367495198
4235,-55.4340898809,-18.5009951756
4236,-55.0041761463,-15.8339168254
4237,-54.6309593085,-13.1315739788
4238,-54.3694782337,-10.3777899555
4239,-52.9919521545,-7.9695135014
4240,-51.7439254627,-5.5410514276
4241,-69.2362617233,-72.1525768672
4242,-66.9261882678,-69.5809717353
4243,-65.0917884797,-66.9915559989
4244,-63.5918707693,-64.3838417197
4245,-62.3403260596,-61.7503891702
4246,-61.2895292857,-59.0718928342
4247,-60.0052891422,-56.9343442994
4248,-58.9135591355,-54.7120447084
4249,-57.9942977306,-52.4187801214
4250,-57.2291501447,-50.0693494168
4251,-56.6014954670,-47.6793432079
4252,-56.0963989177,-45.2648450600
4253,-55.7005095021,-42.8420727005
4254,-55.4019299216,-40.4269847848
4255,-55.1900761310,-38.0348831845
4256,-55.0555374325,-35.6800411500
4257,-54.9899436360,-33.3753841445
4258,-54.9858429018,-31.1322434512
4259,-54.5657588274,-28.4285138891
4260,-54.1803765871,-25.7568050279
4261,-53.8104739585,-23.0984085261
4262,-53.4468512853,-20.4432114578
4263,-53.0842296988,-17.7849191528
4264,-52.7217289645,-15.1014886138
4265,-52.4330033829,-12.3788032699
4266,-51.6300450323,-9.8002778568
4267,-50.3287161216,-7.3844416331
4268,-63.1692034865,-73.6523250993
4269,-61.4825627363,-70.9991495387
4270,-60.1667454658,-68.3345120923
4271,-59.1076966656,-65.6513045676
4272,-58.2449894212,-62.9340443051
4273,-57.0270459713,-60.7701392524
4274,-56.0052319445,-58.5406095850
4275,-55.1503678334,-56.2544585835
4276,-54.4383869357,-53.9208887079
4277,-53.8493753103,-51.5493289902
4278,-53.3667905641,-49.1494104073
4279,-52.9768317963,-46.7308989945
4280,-52.6679331912,-44.3035965269
4281,-52.4303570053,-41.8772186969
4282,-52.2558657591,-39.4612606390
4283,-52.1374573465,-37.0648592675
4284,-52.0691501507,-34.6966610792
4285,-52.0458080270,-32.3647028565
4286,-52.0629972159,-30.0763111264
4287,-52.1168689829,-27.8380244324
4288,-51.7603498015,-25.1138058883
4289,-51.4254468543,-22.4163142198
4290,-51.0977975644,-19.7302348861
4291,-50.7697651652,-17.0463502475
4292,-50.4803315865,-14.3480123137
4293,-50.2846914495,-11.6069868278
4294,-48.9214042360,-9.2086639904
4295,-56.0648282004,-74.9370176005
4296,-55.3121932667,-72.2173768439
4297,-54.7229085179,-69.4880148228
4298,-54.2559845816,-66.7353024824
4299,-53.2153152108,-64.5392440925
4300,-52.3637231360,-62.2932563125
4301,-51.6651365493,-60.0033268465
4302,-51.0919777863,-57.6753729082
4303,-50.6228695421,-55.3153400680
4304,-50.2410319432,-52.9292496825
4305,-49.9331442298,-50.5232099621
4306,-49.6885237081,-48.1034008746
4307,-49.4985246994,-45.6760402550
4308,-49.3560923216,-43.2473368158
4309,-49.2554268083,-40.8234347154
4310,-49.1917278241,-38.4103536430
4311,-49.1609974251,-36.0139278434
4312,-49.1598865478,-33.6397470221
4313,-49.1855741867,-31.2931015988
4314,-49.2356714021,-28.9789342879
4315,-49.3081443926,-26.7017994821
4316,-49.4012523637,-24.4658314099
4317,-49.0908734934,-21.7224536594
4318,-48.7913230347,-19.0007361260
4319,-48.4916124092,-16.2878285173
4320,-48.2811934209,-13.5763110647
4321,-47.5206683393,-11.0110625268
4322,-47.8880816056,-75.9556901468
4323,-48.4245723990,-73.2007768335
4324,-48.7905557831,-70.4280427179
4325,-48.1525972643,-68.2007275977
4326,-47.6548075740,-65.9369815412
4327,-47.2643302776,-63.6403283324
4328,-46.9578551671,-61.3143043055
4329,-46.7184145570,-58.9625191505
4330,-46.5333854439,-56.5886836878
4331,-46.3932006391,-54.1966168303
4332,-46.2904923706,-51.7902387052
4333,-46.2195083075,-49.3735542100
4334,-46.1757041128,-46.9506298452
4335,-46.1554532852,-44.5255658833
4336,-46.1558366940,-42.1024654896
4337,-46.1744873566,-39.6854021429
4338,-46.2094742084,-37.2783865250
4339,-46.2592138534,-34.8853339080
4340,-46.3224026931,-32.5100329420
4341,-46.3979641061,-30.1561166190
4342,-46.4850068836,-27.8270360564
4343,-46.5827921828,-25.5260376050
4344,-46.6907069998,-23.2561436475
4345,-46.8082426832,-21.0201373089
4346,-46.5284768128,-18.2575989100
4347,-46.2504645598,-15.5118770252
4348,-46.1252525076,-12.7891573185
4349,-38.7576938966,-76.6569024030
4350,-40.9115404677,-73.9163772553
4351,-41.1475907145,-71.6756223936
4352,-41.3543373307,-69.4072877536
4353,-41.5401409863,-67.1133443251
4354,-41.7105208014,-64.7959009936
4355,-41.8692777668,-62.4571999635
4356,-42.0191247248,-60.0996089331
4357,-42.1620585057,-57.7256107425
4358,-42.2995894711,-55.3377909165
4359,-42.4328883763,-52.9388234149
4360,-42.5628833224,-50.5314548665
4361,-42.6903255210,-48.1184875634
4362,-42.8158349751,-45.7027615042
4363,-42.9399328786,-43.2871357867
4364,-43.0630650266,-40.8744696652
4365,-43.1856190113,-38.4676035904
4366,-43.3079370415,-36.0693405479
4367,-43.4303256264,-33.6824280004
4368,-43.5530629781,-31.3095407186
4369,-43.6764047316,-28.9532647606
4370,-43.8005884054,-26.6160828216
4371,-43.9258369119,-24.3003611429
4372,-44.0523613387,-22.0083381196
4373,-44.1803631685,-19.7421147097
4374,-44.3100360605,-17.5036466957
4375,-44.0468098208,-14.7209817659
4376,-41.8809503307,-13.9175737902
4377,-40.6370743187,-12.0254223448
4378,-39.3983726958,-10.1087718790
4379,-38.1630278618,-8.1696172205
4380,-36.9291811805,-6.2100534636
4381,-35.6949291940,-4.2322741451
4382,-34.4583192401,-2.2385686849
4383,-33.2173445177,-0.2313191109
4384,-31.9699386460,1.7870038935
4385,-30.7139697705,3.8138455547
4386,-29.4472342739,5.8465721104
4387,-28.1674501616,7.8824763495
4388,-26.8722502105,9.9187834812
4389,-25.5591749895,11.9526572092
4390,-24.2256658900,13.9812058805
4391,-22.8690583451,16.0014885727
4392,-21.4865754617,18.0105209846
4393,-20.0753223531,20.0052810009
4394,-18.6322815318,21.9827138142
4395,-17.1543098170,23.9397365074
4396,-15.6381373168,25.8732420255
4397,-14.0803691766,27.7801025021
4398,-12.4774909346,29.6571719517
4399,-10.8258784931,31.5012883923
4400,-9.1218138994,33.3092755287
4401,-7.3615083237,35.0779442063
4402,-5.5411338107,36.8040939300
4403,-41.7498146484,-16.1610785089
4404,-39.6369998767,-14.4806766510
4405,-37.7962427465,-12.3355837207
4406,-36.6125328031,-10.4174258766
4407,-35.4233856719,-8.4746878111
4408,-34.2273513770,-6.5097783446
4409,-33.0229121571,-4.5252788500
4410,-31.8084806893,-2.5239371766
4411,-30.5823983796,-0.5086598234
4412,-29.3429338066,1.5174975916
4413,-28.0882814223,3.5513414742
4414,-26.8165606369,5.5895528802
4415,-25.5258154418,7.6287014588
4416,-24.2140147555,9.6652605125
4417,-22.8790537107,11.6956229501
4418,-21.5187561435,13.7161178913
4419,-20.1308785872,15.7230276735
4420,-18.7131161246,17.7126050178
4421,-17.2631105007,19.6810901262
4422,-15.7784609545,21.6247275078
4423,-14.2567382755,23.5397823765
4424,-12.6955026395,25.4225565064
4425,-11.0923258105,27.2694034958
4426,-9.4448183118,29.0767434510
4427,-7.7506621553,30.8410771746
4428,-6.0076496619,32.5590000089
4429,-4.2137287977,34.2272155529
4430,-41.6143035707,-18.4270216665
4431,-39.0490487410,-17.2169755717
4432,-37.3591536612,-15.0277242673
4433,-35.5689914438,-12.8848513902
4434,-33.8055343141,-10.7119105127
4435,-32.6722869979,-8.7717490322
4436,-31.5219829420,-6.8062172212
4437,-30.3535655505,-4.8184624913
4438,-29.1659051294,-2.8119070626
4439,-27.9578008350,-0.7902335140
4440,-26.7279838351,1.2426339003
4441,-25.4751218614,3.2825520235
4442,-24.1978253472,5.3251853949
4443,-22.8946553662,7.3660362932
4444,-21.5641335980,9.4004777413
4445,-20.2047545609,11.4237889007
4446,-18.8150003579,13.4311922185
4447,-17.3933581757,15.4178916581
4448,-15.9383407653,17.3791113308
4449,-14.4485100969,19.3101338740
4450,-12.9225043316,21.2063379677
4451,-11.3590681731,23.0632344552
4452,-9.7570865539,24.8765006249
4453,-8.1156214663,26.6420123108
4454,-6.4339515681,28.3558735703
4455,-4.7116139740,30.0144437956
4456,-2.8593400502,32.2924000436
4457,-41.4738556798,-20.7139921611
4458,-38.9077156037,-19.4547962993
4459,-36.7600930976,-17.7257744665
4460,-35.0484479863,-15.5567600616
4461,-33.3030361468,-13.4152664693
4462,-31.5917546267,-11.2491444278
4463,-29.8950344825,-9.0540216396
4464,-28.8025750551,-7.0952452239
4465,-27.6797472790,-5.1095253324
4466,-26.5259760684,-3.1012873796
4467,-25.3406596281,-1.0753920847
4468,-24.1231782440,0.9628994160
4469,-22.8729059320,3.0079708616
4470,-21.5892251593,5.0539059543
4471,-20.2715447854,7.0945522052
4472,-18.9193212852,9.1235921033
4473,-17.5320832106,11.1346198363
4474,-16.1094587138,13.1212215383
4475,-14.6512058065,15.0770568867
4476,-13.1572448536,16.9959398376
4477,-11.6276926109,18.8719163572
4478,-10.0628969160,20.6993371888
4479,-8.4634709397,22.4729239535
4480,-6.8303257183,24.1878272009
4481,-5.1646995266,25.8396753833
4482,-3.3877728380,28.0980265658
4483,-1.5527506539,30.3165320544
4484,-41.3278370570,-23.0204844792
4485,-38.7536073905,-21.7195834734
4486,-36.1476980989,-20.4398435160
4487,-34.4315442148,-18.2200381169
4488,-32.7061136014,-16.0658274158
4489,-31.0000506130,-13.9246332263
4490,-29.3334281711,-11.7639669553
4491,-27.6912774183,-9.5807216659
4492,-26.0515061343,-7.3686916335
4493,-24.9898801184,-5.3940685051
4494,-23.8816953924,-3.3900205045
4495,-22.7271053059,-1.3632592159
4496,-21.5264123462,0.6787900232
4497,-20.2800886847,2.7280814784
4498,-18.9887996878,4.7760692024
4499,-17.6534300131,6.8138507868
4500,-16.2751115570,8.8323297313
4501,-14.8552521387,10.8223900672
4502,-13.3955634321,12.7750758915
4503,-11.8980863330,14.6817680274
4504,-10.3652117142,16.5343501922
4505,-8.7996944221,18.3253577769
4506,-7.2046584372,20.0481035573
4507,-5.5835913810,21.6967762074
4508,-3.8665255807,23.9370313127
4509,-2.1053168223,26.1335169478
4510,-0.2906344151,28.3025944148
4511,-41.1755280705,-25.3449023931
4512,-38.5856078816,-24.0093306530
4513,-35.9836889369,-22.6732963453
4514,-33.8042885218,-20.8916131290
4515,-32.0650162804,-18.6975320920
4516,-30.3335832621,-16.5529875034
4517,-28.6619753797,-14.4107693966
4518,-27.0331267100,-12.2538353788
4519,-25.4355603611,-10.0802869438
4520,-23.8538395461,-7.8859340724
4521,-22.2621966100,-5.6621331888
4522,-21.2205223090,-3.6736906691
4523,-20.1109521015,-1.6523042271
4524,-18.9350730582,0.3908520104
4525,-17.6951580826,2.4433587131
4526,-16.3941946932,4.4918440051
4527,-15.0358992041,6.5223502989
4528,-13.6247130427,8.5207545306
4529,-12.1657780537,10.4732140566
4530,-10.6648881829,12.3666066195
4531,-9.1284159983,14.1889328370
4532,-7.5632141068,15.9296536529
4533,-5.9764935261,17.5799424129
4534,-4.3067310969,19.8029402254
4535,-2.6049261284,21.9773967027
4536,-0.8623852235,24.1244956131
4537,0.9302143714,26.2536467067
4538,-41.0161072432,-27.6855635008
4539,-38.4024222418,-26.3218768195
4540,-35.7962977195,-24.9388399848
4541,-33.1521662933,-23.5829612168
4542,-31.4147549339,-21.3310193969
4543,-29.6623976566,-19.1560308673
4544,-27.9324970099,-17.0163382756
4545,-26.2910223342,-14.8715317860
4546,-24.6938078428,-12.7162450041
4547,-23.1318321573,-10.5496444038
4548,-21.5943483548,-8.3694028425
4549,-20.0656544214,-6.1702598406
4550,-18.5147639781,-3.9401159109
4551,-17.4795977336,-1.9387374973
4552,-16.3450926126,0.0998484393
4553,-15.1166282213,2.1542701952
4554,-13.8019979790,4.2008487184
4555,-12.4112931380,6.2147667424
4556,-10.9566188092,8.1714359657
4557,-9.4516532557,10.0478944233
4558,-7.9110838114,11.8240532541
4559,-6.3499713137,13.4836397866
4560,-4.7171801073,15.6889236610
4561,-3.0633676971,17.8402636144
4562,-1.3795878413,19.9653530354
4563,0.3429252140,22.0747483369
4564,2.1128738000,24.1728213991
4565,-40.8486314155,-30.0407045688
4566,-38.2025445086,-28.6549124120
4567,-35.5834958141,-27.2335527232
4568,-32.9514923920,-25.8130669682
4569,-30.7447509056,-23.9745335340
4570,-28.9815488519,-21.7554993871
4571,-27.2258571117,-19.5933439940
4572,-25.5047047399,-17.4540343182
4573,-23.8896751562,-15.3048432050
4574,-22.3188122508,-13.1487676869
4575,-20.7846355363,-10.9858075490
4576,-19.2793149141,-8.8151591254
4577,-17.7934110935,-6.6344917353
4578,-16.3119592934,-4.4378445671
4579,-14.7972001684,-2.2080750998
4580,-13.7470673379,-0.1922774422
4581,-12.5430329562,1.8612777254
4582,-11.2053249075,3.9003586767
4583,-9.7631700648,5.8696437400
4584,-8.2519964166,7.7175723288
4585,-6.7094704995,9.4025450664
4586,-5.1053269773,11.5867609849
4587,-3.4907368788,13.7122503468
4588,-1.8551780383,15.8151211528
4589,-0.1900301250,17.9058953434
4590,1.5125358862,19.9882479601
4591,3.2602910346,22.0633182456
4592,-40.6720111654,-32.4084876172
4593,-37.9842176694,-31.0059868270
4594,-35.3429240240,-29.5542498726
4595,-32.7134197729,-28.0811984051
4596,-30.0366065762,-26.6416429025
4597,-28.2833066037,-24.3570014497
4598,-26.5075258295,-22.1625128835
4599,-24.7578458376,-20.0073437272
4600,-23.0522656583,-17.8643072370
4601,-21.4606850863,-15.7087201724
4602,-19.9118530634,-13.5490917603
4603,-18.3990854099,-11.3859385908
4604,-16.9160096111,-9.2194581435
4605,-15.4562511159,-7.0493467782
4606,-14.0126283694,-4.8742060602
4607,-12.5738691758,-2.6891925207
4608,-11.0977524204,-0.4712127775
4609,-9.9729198422,1.5648386117
4610,-8.5807513646,3.5676930152
4611,-7.0596868463,5.3314898667
4612,-5.4790105803,7.4830721199
4613,-3.8978146452,9.5783484906
4614,-2.3020383043,11.6598919313
4615,-0.6835688598,13.7346877290
4616,0.9643642473,15.8043900273
4617,2.6483656479,17.8691330576
4618,4.3752819452,19.9283968921
4619,-40.4849801061,-34.7870066581
4620,-37.7453842827,-33.3725172197
4621,-35.0718301498,-31.8974944715
4622,-32.4344934943,-30.3829404831
4623,-29.7829874749,-28.8691499375
4624,-27.5552836116,-26.9695143469
4625,-25.7716085082,-24.7274073112
4626,-23.9959464437,-22.5495822210
4627,-22.2610946330,-20.3959935425
4628,-20.5774442806,-18.2454861809
4629,-19.0070615837,-16.0813007422
4630,-17.4769967219,-13.9150622030
4631,-15.9808307623,-11.7474114302
4632,-14.5126141281,-9.5788598391
4633,-13.0667773689,-7.4098168279
4634,-11.6380510348,-5.2406133649
4635,-10.2213927188,-3.0715226482
4636,-8.8119195162,-0.9027786220
4637,-7.4048442986,1.2654069734
4638,-5.8584906760,3.3374932552
4639,-4.3048094643,5.4081968965
4640,-2.7388639625,7.4770264434
4641,-1.1555817175,9.5434430988
4642,0.4503045983,11.6068407367
4643,2.0843198169,13.6665239433
4644,3.7523135170,15.7216833866
4645,5.4605330015,17.7713677180
4646,-40.2860562014,-37.1742949679
4647,-37.4836249316,-35.7517983644
4648,-34.7669924538,-34.2596108576
4649,-32.1107201638,-32.7134136099
4650,-29.4725588343,-31.1417487178
4651,-26.7736254200,-29.6094846261
4652,-25.0097345956,-27.2934288929
4653,-23.2140593160,-25.0828379439
4654,-21.4504690229,-22.9143338630
4655,-19.7386057387,-20.7573768789
4656,-18.0827027032,-18.5960180689
4657,-16.5320575758,-16.4208717391
4658,-15.0186350179,-14.2447197630
4659,-13.5359997723,-12.0678728864
4660,-12.0781061476,-9.8903368550
4661,-10.6391422231,-7.7115947007
4662,-9.2133105163,-5.5298910215
4663,-7.7945948641,-3.3392591439
4664,-6.3818837412,-1.1082688004
4665,-4.8231644655,1.1294770195
4666,-3.2165026306,3.2252979977
4667,-1.6392434279,5.3051131967
4668,-0.0554329079,7.3758540608
4669,1.5455160129,9.4400371862
4670,3.1706409122,11.4982455169
4671,4.8262444043,13.5502923244
4672,6.5186048535,15.5955809987
4673,-40.0734925659,-39.5683327394
4674,-37.1960808799,-38.1410132362
4675,-34.4246251847,-36.6367005943
4676,-31.7374665866,-35.0672968715
4677,-29.0996880763,-33.4523972501
4678,-26.4472694061,-31.8350188356
4679,-24.2076579895,-29.8701502537
4680,-22.4060525844,-27.6099484486
4681,-20.6156740257,-25.4204882114
4682,-18.8751332826,-23.2545405260
4683,-17.1936389538,-21.0897253749
4684,-15.5706889845,-18.9144870572
4685,-14.0391491887,-16.7258946479
4686,-12.5414483462,-14.5363376811
4687,-11.0711286896,-12.3452994216
4688,-9.6221076098,-10.1513732141
4689,-8.1886732008,-7.9512788886
4690,-6.7661320102,-5.7368375805
4691,-5.3567586810,-3.4827991331
4692,-4.0557930210,-1.0663641623
4693,-2.2404136429,0.9911841685
4694,-0.6086297389,3.0875818990
4695,0.9948129401,5.1710803668
4696,2.6013429191,7.2431692471
4697,4.2241862630,9.3056990282
4698,5.8719775179,11.3594366456
4699,7.5519371396,13.4044145381
4700,-39.8452142596,-41.9670549204
4701,-36.8793560133,-40.5372438675
4702,-34.0402610977,-39.0246600022
4703,-31.3093371489,-37.4388581893
4704,-28.6579666293,-35.7931961120
4705,-26.0356307472,-34.1143054159
4706,-23.3339740835,-32.4780678100
4707,-21.5632962669,-30.1355339261
4708,-19.7513764880,-27.9157135131
4709,-17.9820471259,-25.7377262608
4710,-16.2743343438,-23.5681625037
4711,-14.6296918524,-21.3914458129
4712,-13.0442215923,-19.1996327709
4713,-11.5320100525,-16.9950293934
4714,-10.0503606198,-14.7884546644
4715,-8.5930759421,-12.5780466472
4716,-7.1547015301,-10.3600472201
4717,-5.7314132365,-8.1265361652
4718,-4.3253926926,-5.8586323377
4719,-2.9719911457,-3.5002582571
4720,-1.3966675074,-1.2346887059
4721,0.3447546991,0.8507340834
4722,1.9920555759,2.9436726218
4723,3.6172406036,5.0254034704
4724,5.2458459987,7.0951535892
4725,6.8912771033,9.1536441112
4726,8.5628541559,11.2012599705
4727,-39.5987361952,-44.3683589896
4728,-36.5293913378,-42.9374818914
4729,-33.6086042374,-41.4191982738
4730,-30.8200248353,-39.8219899810
4731,-28.1400826597,-38.1554544811
4732,-25.5298353246,-36.4351704266
4733,-22.9090973472,-34.7026865886
4734,-20.6704682841,-32.6690555499
4735,-18.8512771933,-30.4016118713
4736,-17.0538240921,-28.2075510927
4737,-15.3193014353,-26.0321577391
4738,-13.6527869976,-23.8533867548
4739,-12.0504741424,-21.6611449755
4740,-10.5062700156,-19.4503668268
4741,-9.0144805066,-17.2271552731
4742,-7.5504867179,-14.9999028376
4743,-6.1089238990,-12.7648891401
4744,-4.6862251037,-10.5150929159
4745,-3.2836065316,-8.2362056727
4746,-1.9194839246,-5.8950183852
4747,-0.6973972229,-3.3974414381
4748,1.2144062066,-1.3792537238
4749,2.9337007212,0.7083333750
4750,4.5928162474,2.7960101613
4751,6.2365211761,4.8729286367
4752,7.8858452081,6.9374594500
4753,9.5535710984,8.9895079759
4754,-39.3310552401,-46.7701123583
4755,-36.1413027070,-45.3386380131
4756,-33.1233439647,-43.8158548322
4757,-30.2621294439,-42.2102482687
4758,-27.5376750340,-40.5297772123
4759,-24.9201779227,-38.7837669487
4760,-22.3534839243,-36.9917265248
4761,-19.6864262514,-35.2366133420
4762,-17.9072277519,-32.8808868834
4763,-16.0842604745,-30.6644857246
4764,-14.3223835174,-28.4825824318
4765,-12.6340187248,-26.3016860583
4766,-11.0154805275,-24.1086623051
4767,-9.4598764574,-21.8976516380
4768,-7.9599317894,-19.6657872001
4769,-6.4905322604,-17.4213883697
4770,-5.0470737507,-15.1698295695
4771,-3.6258715709,-12.9050485469
4772,-2.2270490243,-10.6159358845
4773,-0.8611684108,-8.2803342630
4774,0.4252597758,-5.8482350129
4775,1.9956890086,-3.5777261646
4776,3.8176597309,-1.5205278273
4777,5.5278044148,0.5641901514
4778,7.1971059009,2.6453179838
4779,8.8573161863,4.7154093980
4780,10.5262006531,6.7725326871
4781,-39.0385065419,-49.1701589920
4782,-35.7091686876,-47.7375494123
4783,-32.5769180346,-46.2100142051
4784,-29.6269348871,-44.5968925150
4785,-26.8411672701,-42.9061687966
4786,-24.1960909195,-41.1448189269
4787,-21.6539349663,-39.3212258046
4788,-19.1238371474,-37.4638037780
4789,-16.9056922838,-35.3603744526
4790,-15.0663066332,-33.1088349813
4791,-13.2765712007,-30.9205813945
4792,-11.5667643423,-28.7383237617
4793,-9.9331533263,-26.5445657777
4794,-8.3676248923,-24.3327305852
4795,-6.8619341260,-22.1000349824
4796,-5.4084063281,-19.8451900320
4797,-3.9642292898,-17.5770948695
4798,-2.5454377847,-15.2977123000
4799,-1.1511221904,-12.9982085718
4800,0.2126457063,-10.6627011220
4801,1.5208200966,-8.2601407600
4802,2.6858660356,-5.7227203885
4803,4.6423399083,-3.7292103326
4804,6.4220447516,-1.6610935694
4805,8.1284720409,0.4185145871
4806,9.8072526862,2.4919675138
4807,11.4827597622,4.5536755894
4808,-38.7165694641,-51.5663247100
4809,-35.2257499162,-50.1309837586
4810,-31.9602081136,-48.5969162020
4811,-28.9041354189,-46.9749227816
4812,-26.0395811380,-45.2741483280
4813,-23.3461411637,-43.5019408814
4814,-20.7977483311,-41.6637612796
4815,-18.3466302774,-39.7654735129
4816,-15.7979476019,-37.8715920105
4817,-13.9918646577,-35.5407113721
4818,-12.1737900746,-33.3482938716
4819,-10.4438286330,-31.1668371036
4820,-8.7972128188,-28.9727732373
4821,-7.2239310399,-26.7594463874
4822,-5.7145895520,-24.5246494839
4823,-4.2607867140,-22.2676188195
4824,-2.8549661055,-19.9880785378
4825,-1.4396859379,-17.6938998459
4826,-0.0508979537,-15.3833657938
4827,1.3082299816,-13.0445161875
4828,2.6230818984,-10.6561929007
4829,3.8485555368,-8.1779149563
4830,5.4066273636,-5.9050822238
4831,7.2754624948,-3.8712722598
4832,9.0314564727,-1.8014618205
4833,10.7371428970,0.2715195158
4834,12.4251764354,2.3362292305
4835,-38.3596012926,-53.9564204244
4836,-34.6821130027,-52.5156380433
4837,-31.2621449015,-50.9716585364
4838,-28.0814981806,-49.3371100772
4839,-25.1203313009,-47.6228682225
4840,-22.3580712082,-45.8380152396
4841,-19.7733570887,-43.9896197105
4842,-17.3409696210,-42.0818237886
4843,-15.0044367767,-40.1144228125
4844,-12.8515378787,-37.9599997794
4845,-11.0050577082,-35.7717832241
4846,-9.2586158550,-33.5951861276
4847,-7.6024798332,-31.4008613251
4848,-6.0242987618,-29.1844779329
4849,-4.5137366958,-26.9454042208
4850,-3.0618366617,-24.6838101375
4851,-1.6606343537,-22.3999911405
4852,-0.3029258423,-20.0941687580
4853,1.0789766561,-17.7716912240
4854,2.4312899511,-15.4269415793
4855,3.7453091948,-13.0445691983
4856,4.9950804497,-10.5978487096
4857,6.1098640020,-8.0368640516
4858,8.0880521371,-6.0583096824
4859,9.9068507589,-4.0088322055
4860,11.6483988565,-1.9416701260
4861,13.3552965100,0.1234210560
4862,-37.9604653890,-56.3382422546
4863,-34.0671193893,-54.8881297217
4864,-30.4691912293,-53.3291881510
4865,-27.1444467140,-51.6760149985
4866,-24.0690054631,-49.9412285500
4867,-21.2189062802,-48.1356030175
4868,-18.5710956410,-46.2682536691
4869,-16.1039899094,-44.3468378976
4870,-13.7977424186,-42.3777516909
4871,-11.6343176020,-40.3663105199
4872,-9.7710769522,-38.2210530628
4873,-8.0144022552,-36.0469260724
4874,-6.3510395328,-33.8463030447
4875,-4.7692691209,-31.6210438987
4876,-3.2586843809,-29.3725761679
4877,-1.8099945759,-27.1019608589
4878,-0.4148507133,-24.8099457850
4879,0.9343079518,-22.4970086815
4880,2.2443895428,-20.1633919867
4881,3.5876745885,-17.8106188180
4882,4.8959982724,-15.4289196806
4883,6.1535599029,-12.9993910588
4884,7.3202257941,-10.4896712251
4885,8.8598643520,-8.2148173622
4886,10.7553931192,-6.1981190248
4887,12.5423556483,-4.1434896449
4888,14.2748902893,-2.0816023157
4889,-37.5100017309,-58.7095669398
4890,-33.3667199848,-57.2449765471
4891,-29.5646590088,-55.6642762346
4892,-26.0755473109,-53.9839889051
4893,-22.8691397243,-52.2179786336
4894,-19.9151542109,-50.3773608455
4895,-17.1840712380,-48.4698625605
4896,-14.6462473000,-46.4962524185
4897,-12.2656971500,-44.4202723103
4898,-10.1209069261,-42.6895826503
4899,-8.2597805355,-40.6859544477
4900,-6.8479464955,-38.6293796331
4901,-5.0898893962,-36.3596783946
4902,-3.4809271888,-34.0995170229
4903,-1.9606832350,-31.8266090590
4904,-0.5108871367,-29.5368123998
4905,0.8799535195,-27.2290871772
4906,2.2209330573,-24.9031323714
4907,3.5198567429,-22.5587963682
4908,4.7836774017,-20.1958938173
4909,6.0824044355,-17.8110885113
4910,7.3382886068,-15.3900930916
4911,8.5268369612,-12.9103945322
4912,9.5909960695,-10.3341436290
4913,11.5777625310,-8.3641988599
4914,13.4202713427,-6.3300088542
4915,15.1856590107,-4.2757900876
4916,-36.9962563651,-61.0681400963
4917,-32.5629654352,-59.5825597042
4918,-28.5277981552,-57.9714700449
4919,-24.8538780021,-56.2531508908
4920,-21.5020073835,-54.4417981837
4921,-18.4331313773,-52.5464386235
4922,-15.6090932958,-50.5669160610
4923,-12.9922673530,-48.4753811607
4924,-10.6564183033,-46.8349606546
4925,-8.4895332968,-44.9925542980
4926,-6.5443886534,-42.9962425522
4927,-4.8560581235,-40.9065912355
4928,-3.4400455232,-38.7888369239
4929,-2.2939736116,-36.7044579478
4930,-0.6760997262,-34.3538343365
4931,0.8075843456,-32.0176065028
4932,2.2089506209,-29.6775241966
4933,3.5489675662,-27.3271930337
4934,4.8401990892,-24.9637809645
4935,6.0919058886,-22.5857416965
4936,7.3116894053,-20.1920298489
4937,8.5592845062,-17.7737518283
4938,9.7534674117,-15.3115457430
4939,10.8594814555,-12.7793362985
4940,12.3745747740,-10.5023458088
4941,14.2833275552,-8.4975049077
4942,16.0892411103,-6.4562012788
4943,-36.4033319581,-63.4116533454
4944,-31.6325919793,-61.8970619265
4945,-27.3325704990,-60.2450118322
4946,-23.4542601864,-58.4753326510
4947,-19.9464529312,-56.6013518203
4948,-16.7594521654,-54.6268373799
4949,-13.8475822408,-52.5354529180
4950,-11.2887500105,-50.9341650236
4951,-8.9060694603,-49.1725813085
4952,-6.7204033873,-47.2726725694
4953,-4.7441130424,-45.2612961113
4954,-2.9817551989,-43.1686831402
4955,-1.4312716568,-41.0266647507
4956,-0.0854050914,-38.8668420604
4957,1.0668723184,-36.7189080945
4958,2.0390592608,-34.6092931875
4959,3.5211090303,-32.1948445039
4960,4.8912730734,-29.7956031002
4961,6.1902211429,-27.3971034467
4962,7.4378183917,-24.9926224149
4963,8.6464704225,-22.5784842937
4964,9.8252623515,-20.1523582031
4965,11.0145929968,-17.6994913032
4966,12.1371345694,-15.1946249666
4967,13.1463802242,-12.6082649679
4968,15.1326305164,-10.6424845178
4969,16.9872182635,-8.6200174849
4970,-35.7096242617,-65.7377035930
4971,-30.5449606611,-64.1843673555
4972,-25.9459868043,-62.4787108457
4973,-21.8463386487,-60.6419820362
4974,-18.1788234792,-58.6853135773
4975,-14.8817200712,-56.6037153486
4976,-12.0376817632,-55.0289389932
4977,-9.4052111533,-53.3139132626
4978,-6.9895855776,-51.4740018938
4979,-4.7898972608,-49.5265504179
4980,-2.8005023126,-47.4903042606
4981,-1.0123904681,-45.3848229410
4982,0.5856320174,-43.2299068812
4983,2.0059891426,-41.0450535907
4984,3.2616105584,-38.8489612558
4985,4.3654099012,-36.6590978955
4986,5.3299300408,-34.4913520110
4987,6.1671179635,-32.3597759046
4988,7.5272930254,-29.8924332008
4989,8.7973014962,-27.4400228608
4990,10.0089097768,-24.9906850287
4991,11.1797272108,-22.5379010702
4992,12.3213469699,-20.0776290958
4993,13.4448020975,-17.5894021895
4994,14.4852237668,-15.0409096331
4995,15.9692125631,-12.7617023261
4996,17.8811211913,-10.7645542088
4997,-34.8850278124,-68.0437225768
4998,-29.2589895239,-66.4399013394
4999,-24.3258382984,-64.6657477706
5000,-19.9935133912,-62.7440147510
5001,-16.1730796688,-60.6823621500
5002,-12.9513340366,-59.1316428357
5003,-10.0001217457,-57.4486055860
5004,-7.3118410101,-55.6474564744
5005,-4.8736811369,-53.7428823427
5006,-2.6697015945,-51.7497381995
5007,-0.6824407097,-49.6828107149
5008,1.1059245522,-47.5566336786
5009,2.7127977345,-45.3853362222
5010,4.1546770863,-43.1825110765
5011,5.4468860420,-40.9610961750
5012,6.6034543894,-38.7332675880
5013,7.6370993986,-36.5103448362
5014,8.5592696586,-34.3027111874
5015,9.3802253399,-32.1197518866
5016,10.1091369721,-29.9698127420
5017,11.3642943906,-27.4574896974
5018,12.5488936287,-24.9592662982
5019,13.6880513999,-22.4650875246
5020,14.7970340541,-19.9687717923
5021,15.8466072991,-17.4447711557
5022,16.7940339758,-14.8521752456
5023,18.7724352272,-12.8872706073
5024,-33.8863401902,-70.3268546210
5025,-27.7184815647,-68.6583730820
5026,-22.4175969272,-66.7983807646
5027,-17.8517684141,-64.7716028376
5028,-14.1095187501,-63.2483708066
5029,-10.7305910192,-61.5916539918
5030,-7.6914547479,-59.8173760725
5031,-4.9639498753,-57.9407110757
5032,-2.5184258433,-55.9759393895
5033,-0.3257760608,-53.9364227774
5034,1.6413714344,-51.8346418279
5035,3.4080525497,-49.6822581930
5036,4.9967487616,-47.4901792455
5037,6.4274012618,-45.2686136217
5038,7.7175551073,-43.0271131484
5039,8.8825672211,-40.7746008616
5040,9.9358375942,-38.5193871135
5041,10.8890400244,-36.2691768078
5042,11.7523395930,-34.0310710756
5043,12.5345907780,-31.8115665122
5044,13.2435140865,-29.6165546516
5045,13.8858513355,-27.4513237835
5046,15.0535368364,-24.8998999392
5047,16.1680478032,-22.3613358691
5048,17.2495773724,-19.8268793393
5049,18.2169513773,-17.2670526815
5050,19.6626056466,-14.9857775461
5051,-32.6493670732,-72.5837393724
5052,-25.8448389595,-70.8333558938
5053,-20.1502038752,-68.8675068607
5054,-15.6518149382,-67.3819808724
5055,-11.6684893104,-65.7520994509
5056,-8.1513242022,-63.9984618197
5057,-5.0472234326,-62.1393185199
5058,-2.3043828457,-60.1906599841
5059,0.1248551379,-58.1664705265
5060,2.2828347340,-56.0790316443
5061,4.2063952616,-53.9392136782
5062,5.9271851959,-51.7567292059
5063,7.4721988937,-49.5403405053
5064,8.8643778270,-47.2980227649
5065,10.1231948189,-45.0370886598
5066,11.2651840984,-42.7642810448
5067,12.3044042727,-40.4858403248
5068,13.2528337903,-38.2075523347
5069,14.1207042897,-35.9347816636
5070,14.9167794421,-33.6724944864
5071,15.6485872616,-31.4252741743
5072,16.3226133365,-29.1973322683
5073,16.9444615635,-26.9925168188
5074,17.5189880114,-24.8143196002
5075,18.6165766331,-22.2281107226
5076,19.6764129495,-19.6531915181
5077,20.5530427620,-17.0578438968
5078,-31.0746452129,-74.8101093563
5079,-23.5254331838,-72.9565863696
5080,-17.8455229274,-71.5310085409
5081,-12.9482999151,-69.9358160611
5082,-8.7376691462,-68.2012471347
5083,-5.1129696924,-66.3523089371
5084,-1.9810292363,-64.4093630073
5085,0.7391813647,-62.3889620243
5086,3.1158291208,-60.3046629726
5087,5.2052738013,-58.1677149686
5088,7.0537356982,-55.9876035326
5089,8.6990222233,-53.7724662115
5090,10.1720843269,-51.5294036728
5091,11.4983328538,-49.2647098041
5092,12.6987159010,-46.9840405816
5093,13.7905854955,-44.6925372453
5094,14.7883888918,-42.3949156186
5095,15.7042181761,-40.0955304634
5096,16.5482472056,-37.7984215123
5097,17.3290796760,-35.5073461368
5098,18.0540273139,-33.2258023654
5099,18.7293331402,-30.9570450397
5100,19.3603514809,-28.7040972038
5101,19.9516938175,-26.4697583049
5102,20.5073475578,-24.2566103862
5103,21.0307732460,-22.0670231485
5104,22.0751744599,-19.4490764844
5105,24.4437046278,-19.2160115745
5106,26.1868291736,-17.6943040878
5107,27.9175798187,-16.1420021885
5108,29.6370446232,-14.5612956302
5109,31.3464004987,-12.9544816440
5110,33.0469038827,-11.3239591908
5111,34.7398819101,-9.6722226060
5112,36.4267240729,-8.0018546190
5113,38.1088743336,-6.3155187501
5114,39.7878236378,-4.6159511036
5115,41.4651027554,-2.9059515889
5116,43.1422753641,-1.1883746175
5117,44.8209312780,0.5338806627
5118,46.5026797129,2.2578805253
5119,48.1891424730,3.9806671327
5120,49.8819469359,5.6992692260
5121,51.5827187082,7.4107129482
5122,53.2930738238,9.1120327091
5123,55.0146103520,10.8002820074
5124,56.7488992914,12.4725441309
5125,58.4974746256,14.1259426650
5126,60.2618224312,15.7576517548
5127,62.0433689420,17.3649060780
5128,63.8434674963,18.9450105018
5129,65.6633843198,20.4953494147
5130,67.5042831376,22.0133957357
5131,69.3672086515,23.4967196189
5132,23.9561880114,-21.4160943505
5133,26.5259093381,-20.3159314211
5134,28.9355471222,-18.6885118644
5135,30.6121572121,-17.1135122156
5136,32.2853950368,-15.5099458714
5137,33.9559843647,-13.8802675851
5138,35.6247245552,-12.2271066635
5139,37.2924826951,-10.5532574285
5140,38.9601853288,-8.8616677856
5141,40.6288097932,-7.1554259446
5142,42.2993751576,-5.4377453747
5143,43.9729327568,-3.7119481177
5144,45.6505562982,-1.9814466219
5145,47.3333315185,-0.2497242937
5146,49.0223453617,1.4796850050
5147,50.7186746525,3.2032182591
5148,52.4233742411,4.9173051341
5149,54.1374646086,6.6183900599
5150,55.8619189317,8.3029542858
5151,57.5976496268,9.9675376308
5152,59.3454944177,11.6087596734
5153,61.1062019996,13.2233401399
5154,62.8804174070,14.8081182813
5155,64.6686672330,16.3600710557
5156,66.4713448899,17.8763299637
5157,68.2886961458,19.3541964169
5158,70.1208052211,20.7911555477
5159,23.4486331883,-23.6367871560
5160,26.3608392622,-23.1058503238
5161,28.6589323486,-21.4015234002
5162,31.0236389900,-19.7555228448
5163,33.3479084492,-18.0623962325
5164,34.9623398932,-16.4392438189
5165,36.5839465699,-14.7890342002
5166,38.2129011510,-13.1147555832
5167,39.8494240256,-11.4196655885
5168,41.4937760021,-9.7072736810
5169,43.1462496338,-7.9813190600
5170,44.8071592176,-6.2457441901
5171,46.4768295376,-4.5046642869
5172,48.1555834530,-2.7623331997
5173,49.8437284525,-1.0231062547
5174,51.5415423302,0.7085992791
5175,53.2492581666,2.4283453523
5176,54.9670488340,4.1317151263
5177,56.6950112789,5.8143549635
5178,58.4331508693,7.4720155919
5179,60.1813661299,9.1005916512
5180,61.9394342177,10.6961588857
5181,63.7069975168,12.2550083313
5182,65.4835517493,13.7736769413
5183,67.2684360051,15.2489742069
5184,69.0608250887,16.6780044444
5185,71.0332061141,18.7202654586
5186,22.9185743144,-25.8764523171
5187,25.8653684430,-25.3016757906
5188,28.5221621544,-24.1572165635
5189,30.8437968511,-22.4694710193
5190,33.1688864070,-20.8048520394
5191,35.4426911846,-19.0963783975
5192,37.6853893421,-17.3441910011
5193,39.2427160899,-15.6776279693
5194,40.8199087473,-13.9849625686
5195,42.4162928530,-12.2701797292
5196,44.0311699116,-10.5376785991
5197,45.6638112511,-8.7922358735
5198,47.3134499944,-7.0389585415
5199,48.9792713092,-5.2832267781
5200,50.6604012126,-3.5306281689
5201,52.3558943169,-1.7868848864
5202,54.0647210036,-0.0577757961
5203,55.7857546017,1.6509442526
5204,57.5177592176,3.3336255381
5205,59.2593788999,4.9848025337
5206,61.0091288381,6.5992685776
5207,62.7653892618,8.1721440034
5208,64.5264026453,9.6989359083
5209,66.2902747140,11.1755881249
5210,68.0549796122,12.5985204073
5211,69.9826707079,14.6228341777
5212,71.9279967536,16.6171051766
5213,22.3631997586,-28.1333253380
5214,25.3523735599,-27.5240680167
5215,28.3690985451,-26.9288517227
5216,30.7427913544,-25.1958033051
5217,33.0813261104,-23.5163231357
5218,35.3716255984,-21.8326579502
5219,37.6019067847,-20.1087158348
5220,39.7878376970,-18.3449754809
5221,41.9528771542,-16.5401363643
5222,43.4591599892,-14.8344581867
5223,45.0012353215,-13.1030618279
5224,46.5770306654,-11.3518114583
5225,48.1842599936,-9.5872274125
5226,49.8204265722,-7.8163968035
5227,51.4828268824,-6.0468583701
5228,53.1685560445,-4.2864649927
5229,54.8745153408,-2.5432290119
5230,56.5974225727,-0.8251568904
5231,58.3338260471,0.8599193088
5232,60.0801229441,2.5045057953
5233,61.8325826673,4.1015987238
5234,63.5873755037,5.6448169848
5235,65.3406065683,7.1285108121
5236,67.0883545841,8.5478426156
5237,68.9845003431,10.5546295049
5238,70.8875701990,12.5279714228
5239,72.8068734555,14.4840102116
5240,21.7792876595,-30.4055124301
5241,24.8194152715,-29.7708867904
5242,27.8737711816,-29.1244016915
5243,30.6251448074,-27.9299436292
5244,33.0235048453,-26.2176855920
5245,35.3720986636,-24.5385125441
5246,37.6318661152,-22.8349641118
5247,39.8249298373,-21.0948589094
5248,41.9635576386,-19.3192067142
5249,44.0644905934,-17.5073948523
5250,46.1555926079,-15.6561942757
5251,47.6184700613,-13.9151452238
5252,49.1384516243,-12.1483120964
5253,50.7108338452,-10.3653617611
5254,52.3301796908,-8.5770607529
5255,53.9903772835,-6.7950101092
5256,55.6847227829,-5.0313126852
5257,57.4060260544,-3.2981928008
5258,59.1467364896,-1.6075945462
5259,60.8990850187,0.0292115315
5260,62.6552370692,1.6019840735
5261,64.4074501355,3.1018038206
5262,66.1482288931,4.5212859830
5263,68.0242675831,6.5103564104
5264,69.8970058873,8.4618796479
5265,71.7766028118,10.3965026512
5266,73.6715041185,12.3234459697
5267,21.1631269028,-32.6909874477
5268,24.2636910419,-32.0398197200
5269,27.3649942601,-31.3535096666
5270,30.4968606897,-30.6858648890
5271,32.9503546904,-28.9203266862
5272,35.3647721843,-27.2187813715
5273,37.7164001971,-25.5323787977
5274,39.9492371462,-23.8076923398
5275,42.1106171465,-22.0501323468
5276,44.2104725038,-20.2613190883
5277,46.2607968930,-18.4415984902
5278,48.2790566419,-16.5891795970
5279,50.2991161922,-14.6980568573
5280,51.7294163472,-12.9245930763
5281,53.2482301100,-11.1257011433
5282,54.8447175346,-9.3199419643
5283,56.5057274144,-7.5278104258
5284,58.2162346709,-5.7707049301
5285,59.9599408953,-4.0697273545
5286,61.7199854318,-2.4444640635
5287,63.4796963298,-0.9119087789
5288,65.2233044290,0.5143386161
5289,67.0893033267,2.4842609386
5290,68.9417940401,4.4120668336
5291,70.7927352605,6.3245221095
5292,72.6508698070,8.2317425725
5293,74.5235311385,10.1380012858
5294,20.5104195949,-34.9875877936
5295,23.6819629036,-34.3283845586
5296,26.8406315478,-33.6132955560
5297,30.0118748642,-32.8851144938
5298,32.8653029376,-31.6341775008
5299,35.3450664671,-29.8953041992
5300,37.7666933038,-28.1948830811
5301,40.1141730054,-26.4941954852
5302,42.3229329433,-24.7467020079
5303,44.4572467124,-22.9697929694
5304,46.5256773762,-21.1656521230
5305,48.5373018274,-19.3356066339
5306,50.5030392878,-17.4796235661
5307,52.4398822315,-15.5948827479
5308,54.3894017849,-13.6711567932
5309,55.8067010660,-11.8669397356
5310,57.3659706727,-10.0440185475
5311,59.0357651139,-8.2481673139
5312,60.7768762077,-6.5272674610
5313,62.5465094972,-4.9253593148
5314,64.3031009498,-3.4773480525
5315,66.1675939013,-1.5308116196
5316,68.0080987517,0.3698348417
5317,69.8398527099,2.2592258515
5318,71.6719853225,4.1472149883
5319,73.5114893221,6.0372177911
5320,75.3645748502,7.9303801035
5321,19.8161598881,-37.2930087032
5322,23.0704673983,-36.6339320212
5323,26.2982067798,-35.9006253672
5324,29.5202315937,-35.1264068639
5325,32.7771893267,-34.3760232181
5326,35.3147275571,-32.5748179943
5327,37.8091261580,-30.8499954766
5328,40.2289343681,-29.1416956695
5329,42.5649643076,-27.4202020879
5330,44.7516593149,-25.6478352463
5331,46.8624614998,-23.8490958832
5332,48.9053778605,-22.0265527888
5333,50.8881274752,-20.1822699255
5334,52.8184392466,-18.3176813531
5335,54.7049215340,-16.4331362052
5336,56.5607104493,-14.5260944261
5337,58.4327836275,-12.5806806311
5338,59.8957962569,-10.7482521995
5339,61.6010259713,-8.9809765601
5340,63.3774427442,-7.4579710344
5341,65.2454509537,-5.5469354097
5342,67.0799686400,-3.6783349441
5343,68.9011125790,-1.8118190682
5344,70.7174367690,0.0588439086
5345,72.5351002278,1.9349858137
5346,74.3595918880,3.8166465533
5347,76.1962374367,5.7033913527
5348,19.0744823570,-39.6047951083
5349,22.4248024281,-38.9536486303
5350,25.7348324887,-38.2121235724
5351,29.0206285640,-37.4056698506
5352,32.3160382296,-36.5830966942
5353,35.2784980348,-35.2682917041
5354,37.8446215977,-33.5020710327
5355,40.3418039488,-31.7793906521
5356,42.7506625993,-30.0548811151
5357,45.0678751023,-28.3066403964
5358,47.2335835939,-26.5069677032
5359,49.3232215760,-24.6833680922
5360,51.3448470864,-22.8384893004
5361,53.3059797838,-20.9746236892
5362,55.2136488627,-19.0937575643
5363,57.0744440141,-17.1976144797
5364,58.8945674688,-15.2876932785
5365,60.6798859086,-13.3653016006
5366,62.4359815776,-11.4315855482
5367,64.2919758968,-9.6010144931
5368,66.1288909634,-7.7597244505
5369,67.9516021458,-5.9087352782
5370,69.7649153456,-4.0489954625
5371,71.5736062617,-2.1814012412
5372,73.3824607372,-0.3068152690
5373,75.1963165715,1.5739147635
5374,77.0201072675,3.4599371233
5375,18.2784708758,-41.9203300061
5376,21.7397839230,-41.2845589326
5377,25.1471197232,-40.5441885678
5378,28.5115417667,-39.7184205701
5379,31.8598305575,-38.8429091057
5380,35.2495487196,-37.9963867453
5381,37.8754963918,-36.1577277755
5382,40.4536549564,-34.4100058876
5383,42.9417103694,-32.6784154941
5384,45.3304825819,-30.9301092630
5385,47.6215116511,-29.1497952887
5386,49.7662908932,-27.3200642042
5387,51.8357685629,-25.4680879774
5388,53.8384069444,-23.5961728285
5389,55.7821692442,-21.7060947439
5390,57.6746792170,-19.7989170208
5391,59.5235238289,-17.8743203284
5392,61.3368867238,-15.9276914642
5393,63.1212721553,-13.9283273201
5394,65.0257405134,-11.9303770818
5395,66.9295840721,-10.0655808644
5396,68.7738510911,-8.1990270719
5397,70.5961872294,-6.3287226076
5398,72.4074787756,-4.4532810697
5399,74.2144735593,-2.5725709741
5400,76.0228077147,-0.6869514251
5401,77.8377636377,1.2029992799
5402,17.4199158559,-44.2368178726
5403,21.0092626697,-43.6235261810
5404,24.5310624519,-42.8930107262
5405,27.9911791301,-42.0597996359
5406,31.4091505111,-41.1492596863
5407,34.8309626098,-40.2158974190
5408,37.9080539335,-38.8288228856
5409,40.5659011281,-37.0371955255
5410,43.1395684432,-35.2925753799
5411,45.6067162245,-33.5420056349
5412,47.9663771568,-31.7631144970
5413,50.2239420560,-29.9460394538
5414,52.3467497630,-28.0832383177
5415,54.3956064597,-26.1989685266
5416,56.3794391412,-24.2946825273
5417,58.3066930416,-22.3707104384
5418,60.1854424591,-20.4252957997
5419,62.0231022828,-18.4515112470
5420,63.8219005361,-16.4243821186
5421,65.5016474442,-14.2097702965
5422,67.6261392147,-12.4056465475
5423,69.5385783256,-10.5237933659
5424,71.3917512520,-8.6371059547
5425,73.2182189010,-6.7481546633
5426,75.0315608810,-4.8564598336
5427,76.8402122439,-2.9618160121
5428,78.6507818941,-1.0643752958
5429,16.4890034430,-46.5512611285
5430,20.2258880251,-45.9672502331
5431,23.8818880621,-45.2545922992
5432,27.4574207235,-44.4246146963
5433,30.9646843988,-43.4952100699
5434,34.4378982332,-42.5022395920
5435,37.9619468923,-41.5414091550
5436,40.6814089285,-39.6668056623
5437,43.3459948596,-37.8993087691
5438,45.8990714781,-36.1437305676
5439,48.3338811566,-34.3651890829
5440,50.6556565299,-32.5497574092
5441,52.8726606925,-30.6918813974
5442,54.9712904898,-28.7928144810
5443,56.9975026849,-26.8720416864
5444,58.9604305793,-24.9295884203
5445,60.8683831390,-22.9632970148
5446,62.7281897372,-20.9664745708
5447,64.5415040051,-18.9205956523
5448,66.2800897922,-16.7658959410
5449,68.2019954129,-14.7193018443
5450,70.2384600352,-12.8565149593
5451,72.1486030542,-10.9597297889
5452,74.0050270779,-9.0571238733
5453,75.8341502326,-7.1525250786
5454,77.6496775209,-5.2464659996
5455,79.4607389439,-3.3390906064
5456,15.4739143645,-48.8604269061
5457,19.3808000533,-48.3122609514
5458,23.1938619012,-47.6247681198
5459,26.9077407307,-46.8073924322
5460,30.5272519327,-45.8731726911
5461,34.0750136098,-44.8448899365
5462,37.6136083133,-43.7793921315
5463,40.8077614653,-42.3106977515
5464,43.5632535309,-40.5010421932
5465,46.2104907547,-38.7366212397
5466,48.7277577260,-36.9575484666
5467,51.1193964320,-35.1431752525
5468,53.3949195926,-33.2860902365
5469,55.5645634183,-31.3840157944
5470,57.6355991788,-29.4453910034
5471,59.6355125721,-27.4837407722
5472,61.5730557676,-25.4970661556
5473,63.4551194316,-23.4796538911
5474,65.2840835346,-21.4177769399
5475,67.0462979553,-19.2767286092
5476,68.6470451324,-16.9514150504
5477,70.8672514309,-15.1710114684
5478,72.8639373810,-13.2820902802
5479,74.7671284410,-11.3711988615
5480,76.6226648202,-9.4547475708
5481,78.4523497126,-7.5366460470
5482,80.2692191552,-5.6180183210
5483,14.3603019096,-51.1608002815
5484,18.4632241172,-50.6549047198
5485,22.4600287100,-49.9992256894
5486,26.3391043651,-49.2024377109
5487,30.0978469472,-48.2750244936
5488,33.7477915924,-47.2318341200
5489,37.3299578835,-46.1036508063
5490,40.9736155217,-45.0021615287
5491,43.7947126471,-43.1015787546
5492,46.5444896671,-41.3219539535
5493,49.1524398648,-39.5418412748
5494,51.6200478723,-37.7283687904
5495,53.9585479334,-35.8714480755
5496,56.1800315687,-33.9684244274
5497,58.2959364497,-32.0193749802
5498,60.3347303637,-30.0379019616
5499,62.3030295167,-28.0309775898
5500,64.2082965303,-25.9939975462
5501,66.0541009281,-23.9166913865
5502,67.8338640816,-21.7764623020
5503,69.5062535640,-19.5190136960
5504,71.4199896129,-17.4428127383
5505,73.5351715128,-15.5900295397
5506,75.5037622434,-13.6814668548
5507,77.3975144371,-11.7571206830
5508,79.2493726550,-9.8280942149
5509,81.0778206660,-7.8980151486
5510,13.1306071112,-53.4485185528
5511,17.4599309602,-52.9913207145
5512,21.6718661682,-52.3735227396
5513,25.7478298727,-51.6038981355
5514,29.6776906773,-50.6922425245
5515,33.4627278664,-49.6498265488
5516,37.1245656645,-48.4931356890
5517,40.7418445881,-47.2692833689
5518,44.0475301583,-45.7097302826
5519,46.9053246597,-43.9009450147
5520,49.6132058114,-42.1200807366
5521,52.1631978506,-40.3080608805
5522,54.5691688714,-38.4509344505
5523,56.8457052461,-36.5458601265
5524,59.0061218905,-34.5933983134
5525,61.0624615263,-32.5951801172
5526,63.0631401885,-30.5676757798
5527,64.9928615334,-28.5112108334
5528,66.8565963988,-26.4180512296
5529,68.6521617063,-24.2725218228
5530,70.3585548929,-22.0417948075
5531,71.8931193394,-19.6502969149
5532,74.1599658375,-17.8701403260
5533,76.2141723708,-15.9792566619
5534,78.1590870532,-14.0537249136
5535,80.0418871947,-12.1165780343
5536,81.8881621276,-10.1759404928
5537,11.7631534479,-55.7192788219
5538,16.3545090305,-55.3174021111
5539,20.8188141530,-54.7430996890
5540,25.1294011391,-54.0058318146
5541,29.2683021285,-53.1160563851
5542,33.2275721555,-52.0847239212
5543,37.0129759138,-50.9233697624
5544,40.6607438555,-49.6490804858
5545,44.3582821898,-48.3652168252
5546,47.2982194249,-46.4747489303
5547,50.1161993700,-44.6953676456
5548,52.7547608863,-42.8865164056
5549,55.2324663195,-41.0289862564
5550,57.5671780994,-39.1205294975
5551,59.7743420229,-37.1627241436
5552,61.8676055960,-35.1580425312
5553,63.8592394429,-33.1089903606
5554,65.8147411866,-31.0324881732
5555,67.6973332388,-28.9225024801
5556,69.5080440596,-26.7677387281
5557,71.2361131691,-24.5464976167
5558,72.8401458789,-22.2149852599
5559,74.7362415950,-20.1101148666
5560,76.8975993619,-18.2562918322
5561,78.9077411578,-16.3388000237
5562,80.8310309887,-14.3979301226
5563,82.7018899197,-12.4486740663
5564,10.2309419756,-57.9682076829
5565,15.1263714430,-57.6287351700
5566,19.8876252911,-57.1032834224
5567,24.4782091999,-56.4022757871
5568,28.8715922320,-55.5376111957
5569,33.0516399790,-54.5218719257
5570,37.0128639879,-53.3675031621
5571,40.7635037303,-52.0859640314
5572,44.3564257253,-50.6912657763
5573,47.7296761914,-49.0444530174
5574,50.6671994134,-47.2746820889
5575,53.3986617698,-45.4721060270
5576,55.9520525079,-43.6133381835
5577,58.3484199074,-41.6991549863
5578,60.6050387154,-39.7331074855
5579,62.7370914084,-37.7188979602
5580,64.7582304950,-35.6598406182
5581,66.6808332113,-33.5587482128
5582,68.5829784203,-31.4306071648
5583,70.4084103796,-29.2635593197
5584,72.1525774815,-27.0424426265
5585,73.7930908081,-24.7391944707
5586,75.2621956189,-22.2990180939
5587,77.5532742295,-20.5048262184
5588,79.6437989144,-18.6068126125
5589,81.6179387530,-16.6680825811
5590,83.5206858805,-14.7131331434
5591,8.5000397277,-60.1896766652
5592,13.7493832313,-59.9205056587
5593,18.8614538680,-59.4492772936
5594,23.7871894191,-58.7873121689
5595,28.4899918765,-57.9481338584
5596,32.9462191910,-56.9465172555
5597,37.1441800328,-55.7976174952
5598,41.0821957145,-54.5162657101
5599,44.7662875885,-53.1164635271
5600,48.2079119106,-51.6110669625
5601,51.2512639921,-49.8863167480
5602,54.0817006568,-48.0865483236
5603,56.7200247303,-46.2200933571
5604,59.1859754577,-44.2939875149
5605,61.4979235566,-42.3141246152
5606,63.6727491789,-40.2854030587
5607,65.7258382261,-38.2118587417
5608,67.6711509095,-36.0967821279
5609,69.5213310524,-33.9428192174
5610,71.3609253110,-31.7608280795
5611,73.1178421943,-29.5337574248
5612,74.7801982534,-27.2424153582
5613,76.3108829282,-24.8523424633
5614,78.1804142486,-22.7177570276
5615,80.3675401645,-20.8525172777
5616,82.4037429497,-18.9230994552
5617,84.3462756047,-16.9662891382
5618,6.5274201537,-62.3770393778
5619,12.1899388958,-62.1873564982
5620,17.7185540755,-61.7761297910
5621,23.0473022077,-61.1551286790
5622,28.1266293624,-60.3390950593
5623,32.9251056392,-59.3442128111
5624,37.4292667330,-58.1861185009
5625,41.6445021144,-56.8755029969
5626,45.6131076150,-55.3893424675
5627,49.0243233190,-54.1484147887
5628,52.1222000999,-52.5583153508
5629,54.5972462703,-50.8098768545
5630,57.4627579021,-48.8903226050
5631,60.0453754011,-46.9307357017
5632,62.4360517356,-44.9235632981
5633,64.6668356692,-42.8706185382
5634,66.7595254999,-40.7750200071
5635,68.7318470001,-38.6397626114
5636,70.5990270418,-36.4674057256
5637,72.3744281875,-34.2600242319
5638,74.1413960496,-32.0224967781
5639,75.8173153435,-29.7331482448
5640,77.3811845553,-27.3687490470
5641,78.7782207462,-24.8887120677
5642,81.0791972987,-23.0710098356
5643,83.1895749076,-21.1592066098
5644,85.1804373717,-19.2051832079
5645,4.2580804765,-64.5222549165
5646,10.4042362498,-64.4231715148
5647,16.4303824283,-64.0786701647
5648,22.2467732817,-63.5000696276
5649,27.7855817995,-62.7023596739
5650,33.0053171460,-61.7011831525
5651,37.8929291593,-60.5070358974
5652,42.4703434638,-59.1057977005
5653,46.3061640435,-58.0259891184
5654,49.9477690876,-56.6808061882
5655,53.2729882505,-55.1096159364
5656,56.1987229133,-53.3714299332
5657,58.6860415785,-51.5356340312
5658,60.7349646245,-49.6713762170
5659,63.3396670645,-47.5983957515
5660,65.6811878918,-45.4989977410
5661,67.8403831315,-43.3666180774
5662,69.8540298870,-41.2004901663
5663,71.7459219607,-39.0014862913
5664,73.5341471188,-36.7708300352
5665,75.2335251002,-34.5096627318
5666,76.9170701686,-32.2155199097
5667,78.4986120940,-29.8624460220
5668,79.9462912492,-27.4233187455
5669,81.7789509926,-25.2577714643
5670,83.9765663773,-23.3728184699
5671,86.0250117713,-21.4269406120
5672,1.6212486115,-66.6153457346
5673,8.3343680574,-66.6207453486
5674,14.9587704393,-66.3513921505
5675,21.3699539685,-65.8166724678
5676,27.4722401489,-65.0303189495
5677,33.2080569783,-64.0046197796
5678,38.5624195256,-62.7370698984
5679,42.9546444033,-61.7893432402
5680,47.1297417022,-60.6064372148
5681,51.0053673004,-59.2079525007
5682,54.5270278391,-57.6230801925
5683,57.6677648062,-55.8877043721
5684,60.4238660552,-54.0411847371
5685,62.8088133867,-52.1233225187
5686,64.8472315198,-50.1718355394
5687,66.5698248373,-48.2205012792
5688,68.9004942852,-46.0190998087
5689,71.0035851848,-43.8013940672
5690,72.9446346649,-41.5612992993
5691,74.7585923063,-39.2966482477
5692,76.4685676212,-37.0067705238
5693,78.0918387142,-34.6915259481
5694,79.6806238528,-32.3403615867
5695,81.1537650254,-29.9229972804
5696,82.4669267891,-27.4087030538
5697,84.7658515237,-25.5605611847
5698,86.8819121076,-23.6287835846
5699,-1.4744376827,-68.6436162558
5700,5.9026776808,-68.7712750009
5701,13.2516109729,-68.5882540690
5702,20.3955618696,-68.0996831309
5703,27.1938541376,-67.3159988996
5704,33.5600304293,-66.2428806803
5705,38.6896104275,-65.4494006739
5706,43.5615190598,-64.4207044223
5707,48.0930768294,-63.1729375373
5708,52.2338129299,-61.7289965651
5709,55.9628396105,-60.1161439789
5710,59.2826055685,-58.3638070256
5711,62.2116434979,-56.5018011270
5712,64.7780502449,-54.5590249189
5713,67.0144567835,-52.5625677626
5714,68.9545646183,-50.5371383760
5715,70.6309929663,-48.5047312612
5716,72.0740898016,-46.4844683521
5717,74.1416965099,-44.1754766415
5718,76.0197064164,-41.8578783285
5719,77.7603135676,-39.5256079798
5720,79.3942653451,-37.1755413921
5721,80.9425219169,-34.8058990896
5722,82.4248619885,-32.3980265830
5723,83.7752008223,-29.9167341312
5724,85.5585693638,-27.7192919037
5725,87.7531356627,-25.8080425156
5726,-5.1465899732,-70.5905340605
5727,3.0036106911,-70.8635678609
5728,11.2361085820,-70.7823397846
5729,19.2938736982,-70.3440395857
5730,26.9603714112,-69.5531405026
5731,33.0626843680,-68.9645088993
5732,38.8795830341,-68.1195740363
5733,44.2946193757,-67.0346062302
5734,49.2382218529,-65.7330244120
5735,53.6839454790,-64.2422338063
5736,57.6383544990,-62.5909643487
5737,61.1294708899,-60.8074089054
5738,64.1968556087,-58.9181202762
5739,66.8844237067,-56.9474734130
5740,69.2358752785,-54.9174846054
5741,71.2921396789,-52.8478262025
5742,73.0901810508,-50.7559326986
5743,74.6626395153,-48.6571399295
5744,76.0379404653,-46.5648294353
5745,77.2406370475,-44.4905674619
5746,79.0678929270,-42.0915607500
5747,80.7416742928,-39.6894433979
5748,82.3032939840,-37.2780422342
5749,83.7787861783,-34.8535524288
5750,85.1428448817,-32.3900308510
5751,86.3558666655,-29.8461139728
5752,88.6407759150,-27.9621652760
5753,-9.5444724173,-72.4341637354
5754,-0.5078539697,-72.8827956542
5755,8.8079403080,-72.9252794738
5756,18.0220704329,-72.5448052014
5757,25.3585611556,-72.2456797112
5758,32.4596544550,-71.6505091159
5759,39.1162965498,-70.7740562811
5760,45.1929021065,-69.6424530672
5761,50.6299205885,-68.2880096630
5762,55.4281112604,-66.7446513609
5763,59.6268478077,-65.0448593751
5764,63.2850244211,-63.2180985011
5765,66.4677090849,-61.2903031114
5766,69.2382623028,-59.2839634341
5767,71.6544199744,-57.2184800157
5768,73.7668365221,-55.1105918015
5769,75.6189819312,-52.9747823515
5770,77.2476932189,-50.8236273051
5771,78.6839800744,-48.6680763059
5772,79.9538744977,-46.5176758881
5773,81.0792248674,-44.3807442929
5774,82.0783951065,-42.2645094586
5775,83.6935967105,-39.7899075849
5776,85.1879375016,-37.3157300651
5777,86.5940217559,-34.8357215893
5778,87.8280040225,-32.3183607873
5779,89.5470358084,-30.0887245641
5780,-14.8508058310,-74.1450938617
5781,-4.8317684800,-74.8085272863
5782,5.8134168074,-75.0062392155
5783,14.4955199898,-75.1235299416
5784,23.2422849837,-74.8941482143
5785,31.6513903033,-74.3197530275
5786,39.4055751000,-73.4248190491
5787,46.3265884174,-72.2487059080
5788,52.3677644027,-70.8363188370
5789,57.5724406499,-69.2311376658
5790,62.0297968793,-67.4716126611
5791,65.8433018978,-65.5901180227
5792,69.1130561247,-63.6132903457
5793,71.9279838703,-61.5629007988
5794,74.3636376264,-59.4568053754
5795,76.4827122245,-57.3097833010
5796,78.3366261497,-55.1342116855
5797,79.9673515381,-52.9405836243
5798,81.4091338230,-50.7378964696
5799,82.6899735056,-48.5339393952
5800,83.8328492102,-46.3355056171
5801,84.8567047797,-44.1485494433
5802,85.7772369214,-41.9783034933
5803,86.6075206171,-39.8293674670
5804,88.0408528502,-37.2905781071
5805,89.3819101783,-34.7540779029
5806,90.4742421750,-32.1854231910
5807,-21.2718602740,-75.6840396303
5808,-10.2411271315,-76.6116675168
5809,-0.7691835058,-77.2947769955
5810,9.5906703102,-77.6057155632
5811,20.2429779710,-77.5020359931
5812,30.4877203904,-76.9808807557
5813,39.7697144906,-76.0784732630
5814,47.8173437649,-74.8544335626
5815,54.6116293417,-73.3733464519
5816,60.2780711955,-71.6930666390
5817,64.9928406907,-69.8606114270
5818,68.9300822636,-67.9124772548
5819,72.2407144911,-65.8765620291
5820,75.0479081846,-63.7742476459
5821,77.4494540308,-61.6221351454
5822,79.5221499909,-59.4333515439
5823,81.3261940878,-57.2184911512
5824,82.9089177750,-54.9862809058
5825,84.3077511776,-52.7440478740
5826,85.5525066809,-50.4980480766
5827,86.6671142883,-48.2536989071
5828,87.6709350549,-46.0157446055
5829,88.5797563421,-43.7883751528
5830,89.4065491078,-41.5753126541
5831,90.1620475116,-39.3798749699
5832,90.8551955480,-37.2050233984
5833,92.1365243283,-34.6106901746
5834,94.8524124270,-34.4079795518
5835,96.8427015884,-32.8898300708
5836,98.7842426255,-31.3255345996
5837,100.6789664709,-29.7180088940
5838,102.5289847387,-28.0702278267
5839,104.3365457150,-26.3852152041
5840,106.1039962318,-24.6660344634
5841,107.8337491488,-22.9157799930
5842,109.5282560335,-21.1375688572
5843,111.1899845535,-19.3345327481
5844,112.8214000612,-17.5098100262
5845,114.4249508442,-15.6665377583
5846,116.0030565348,-13.8078436967
5847,117.5580991985,-11.9368381818
5848,119.0924166639,-10.0566059822
5849,120.6082976953,-8.1701981112
5850,122.1079786540,-6.2806236821
5851,123.5936413339,-4.3908418777
5852,125.0674116978,-2.5037541200
5853,126.5313592732,-0.6221965313
5854,127.9874969983,1.2510672229
5855,129.4377813374,3.1133526240
5856,130.8841125064,4.9620604457
5857,132.3283346710,6.7946822876
5858,133.7722359950,8.6088054468
5859,135.2175484341,10.4021170880
5860,136.6659471792,12.1724076930
5861,94.2679050472,-36.6041159351
5862,97.2418038702,-35.5102831141
5863,99.9817492511,-33.8574041096
5864,101.8431545573,-32.2474013746
5865,103.6664285668,-30.5952374548
5866,105.4531987317,-28.9038392335
5867,107.2052182564,-27.1762740968
5868,108.9243363698,-25.4157374765
5869,110.6124719774,-23.6255394803
5870,112.2715905501,-21.8090905440
5871,113.9036840312,-19.9698860891
5872,115.5107535034,-18.1114902164
5873,117.0947943302,-16.2375185184
5874,118.6577834794,-14.3516201397
5875,120.2016687406,-12.4574592586
5876,121.7283595607,-10.5586961970
5877,123.2397192406,-8.6589683953
5878,124.7375582546,-6.7618715050
5879,126.2236284833,-4.8709408613
5880,127.6996181684,-2.9896335931
5881,129.1671474267,-1.1213116192
5882,130.6277641825,0.7307742454
5883,132.0829403994,2.5634988722
5884,133.5340685165,4.3738759299
5885,134.9824580129,6.1590693949
5886,136.4293320444,7.9164033769
5887,137.8758241181,9.6433702154
5888,93.6427460133,-38.8192298896
5889,97.0647419258,-38.3008251475
5890,99.7211932388,-36.5745069475
5891,102.4004209805,-34.8774255972
5892,104.9780845996,-33.1069442747
5893,106.7121191590,-31.4152569970
5894,108.4211633026,-29.6842933032
5895,110.1061431525,-27.9172623200
5896,111.7680859734,-26.1176317424
5897,113.4081010472,-24.2891081829
5898,115.0273613311,-22.4356136748
5899,116.6270860014,-20.5612585119
5900,118.2085239459,-18.6703107323
5901,119.7729382367,-16.7671626725
5902,121.3215915886,-14.8562951326
5903,122.8557327975,-12.9422397866
5904,124.3765841380,-11.0295405461
5905,125.8853296984,-9.1227146358
5906,127.3831046301,-7.2262141531
5907,128.8709852920,-5.3443888742
5908,130.3499802757,-3.4814510260
5909,131.8210223062,-1.6414426730
5910,133.2849610196,0.1717937243
5911,134.7425566291,1.9546411313
5912,136.1944744958,3.7037298152
5913,137.6412806327,5.4159550735
5914,139.1211731331,7.7697038433
5915,92.9710495703,-41.0514005830
5916,96.4867325136,-40.4977351326
5917,99.6197916676,-39.3319246535
5918,102.2921899475,-37.5951519960
5919,104.9125719020,-35.8540595752
5920,107.4177107539,-34.0453502172
5921,109.8332931462,-32.1706506936
5922,111.4444661522,-30.4067773880
5923,113.0465682056,-28.6052014186
5924,114.6393676630,-26.7699047340
5925,116.2227173644,-24.9053059439
5926,117.7965446304,-23.0162231457
5927,119.3608396750,-21.1078265736
5928,120.9156427612,-19.1855818634
5929,122.4610304593,-17.2551851595
5930,123.9971013848,-15.3224916856
5931,125.5239618013,-13.3934397333
5932,127.0417114735,-11.4739722559
5933,128.5504301431,-9.5699583851
5934,130.0501649787,-7.6871171862
5935,131.5409193186,-5.8309458481
5936,133.0226429861,-4.0066542720
5937,134.4952244090,-2.2191076951
5938,135.9584847190,-0.4727785899
5939,137.4121739479,1.2282913514
5940,138.8920913962,3.5567188330
5941,140.3650489999,5.8658145997
5942,92.2457979185,-43.2985118692
5943,95.8704313221,-42.7198553444
5944,99.4980891840,-42.1054647577
5945,102.2782964000,-40.3230275324
5946,104.9556213581,-38.5665261138
5947,107.5182028261,-36.7812144504
5948,109.9545554142,-34.9344594599
5949,112.2864023054,-33.0285451942
5950,114.5431000543,-31.0625480349
5951,116.0387732187,-29.2350584202
5952,117.5448548523,-27.3698817960
5953,119.0593205868,-25.4727151547
5954,120.5801627301,-23.5499874471
5955,122.1053982636,-21.6087741905
5956,123.6330740273,-19.6566856257
5957,125.1612693766,-17.7017318083
5958,126.6880968089,-15.7521696913
5959,128.2117012140,-13.8163386263
5960,129.7302584994,-11.9024916147
5961,131.2419743621,-10.0186299718
5962,132.7450839204,-8.1723487896
5963,134.2378527995,-6.3706997269
5964,135.7185800847,-4.6200763278
5965,137.1856033477,-2.9261254264
5966,138.6723757355,-0.6206754265
5967,140.1447506145,1.6603235222
5968,141.6088410858,3.9341527596
5969,91.4585599490,-45.5582301218
5970,95.2096248148,-44.9648180807
5971,98.9439044033,-44.3073913302
5972,102.2490466112,-43.0591042591
5973,105.0413135432,-41.2675987263
5974,107.7113592307,-39.4828023616
5975,110.2162499274,-37.6526830579
5976,112.5866647041,-35.7674724743
5977,114.8415199117,-33.8302080315
5978,117.0036973226,-31.8412183843
5979,119.1068797080,-29.7963444467
5980,120.4974274795,-27.9125552208
5981,121.9233435252,-25.9892586574
5982,123.3796323567,-24.0359219497
5983,124.8610282042,-22.0632986468
5984,126.3620730574,-20.0831774710
5985,127.8771991018,-18.1080571635
5986,129.4008129027,-16.1507663550
5987,130.9273789041,-14.2240543286
5988,132.4515000569,-12.3401823934
5989,133.9679936137,-10.5105456560
5990,135.4719602890,-8.7453512537
5991,136.9588451260,-7.0533723110
5992,138.4591162076,-4.7694264204
5993,139.9373119896,-2.5155974279
5994,141.4001336429,-0.2701223523
5995,142.8540178695,1.9773284020
5996,90.5991239361,-47.8279746788
5997,94.4967814058,-47.2300215399
5998,98.3572296105,-46.5418088559
5999,102.2124676831,-45.8171704705
6000,105.1192094210,-43.9704099764
6001,107.9087239301,-42.1589170852
6002,110.5581426043,-40.3380924178
6003,113.0044156770,-38.4622345997
6004,115.3106854353,-36.5375888230
6005,117.4941499903,-34.5679086662
6006,119.5732700543,-32.5548631271
6007,121.5712475011,-30.4967908214
6008,123.5272771713,-28.3851928219
6009,124.8272913542,-26.4505830663
6010,126.1978158883,-24.4728181335
6011,127.6278193340,-22.4706166717
6012,129.1049107064,-20.4651314650
6013,130.6157937336,-18.4789355434
6014,132.1467911228,-16.5347966940
6015,133.6843908554,-14.6543907359
6016,135.2157639706,-12.8571207148
6017,136.7292087228,-11.1591880789
6018,138.2495666438,-8.8967250511
6019,139.7395612235,-6.6704402020
6020,141.2071076903,-4.4523408584
6021,142.6592139577,-2.2312542495
6022,144.1021271801,-0.0018956754
6023,89.6550128376,-50.1048777054
6024,93.7226845460,-49.5126124947
6025,97.7321273933,-48.8056918116
6026,101.7071256507,-48.0279502797
6027,105.1954229978,-46.6847257822
6028,108.1085408987,-44.8315705439
6029,110.8789965585,-42.9901712569
6030,113.4934072553,-41.1265355413
6031,115.8790146875,-39.2037231800
6032,118.1217186517,-37.2381454260
6033,120.2379478149,-35.2340961874
6034,122.2436167738,-33.1944012356
6035,124.1555011347,-31.1198108415
6036,125.9955475863,-29.0070384254
6037,127.8097361710,-26.8415123102
6038,129.0433244525,-24.8582331314
6039,130.4056962908,-22.8299704840
6040,131.8675145594,-20.8048415737
6041,133.3937850982,-18.8347637212
6042,134.9475657552,-16.9691610653
6043,136.4938994022,-15.2490502281
6044,138.0407755968,-13.0110840297
6045,139.5479675234,-10.8145568560
6046,141.0257566890,-8.6232761577
6047,142.4819729685,-6.4263472090
6048,143.9230608008,-4.2194683935
6049,145.3547968858,-2.0006127162
6050,88.6108376534,-52.3857288255
6051,92.8759379720,-51.8094618814
6052,97.0612611730,-51.0957151254
6053,101.1814247555,-50.2799073836
6054,105.2844491659,-49.4269216483
6055,108.3162099909,-47.5073507399
6056,111.2152059076,-45.6346276587
6057,113.9489616929,-43.7545771313
6058,116.5131346872,-41.8424025421
6059,118.8348485864,-39.8712113308
6060,121.0132139505,-37.8627712582
6061,123.0646260375,-35.8216085559
6062,125.0039832128,-33.7512531112
6063,126.8450841762,-31.6541590527
6064,128.6015775938,-29.5311949368
6065,130.2906057653,-27.3793526149
6066,131.9620032281,-25.1768699839
6067,133.1944313592,-23.1406336933
6068,134.6740276706,-21.1238776734
6069,136.2498720089,-19.3282427505
6070,137.8282989835,-17.1261701968
6071,139.3568701295,-14.9634535305
6072,140.8501965189,-12.7975441502
6073,142.3165258005,-10.6212926998
6074,143.7621992134,-8.4326707879
6075,145.1928365853,-6.2309425642
6076,146.6137360066,-4.0157823828
6077,87.4474249032,-54.6668976780
6078,91.9422890494,-54.1171293486
6079,96.3354570622,-53.4082505113
6080,100.6311073596,-52.5689216147
6081,104.8649104201,-51.6497799244
6082,108.5425754548,-50.1968745197
6083,111.5726774999,-48.2756346805
6084,114.4352606260,-46.3716359410
6085,117.1136114821,-44.4455159614
6086,119.6117358472,-42.4802129415
6087,121.8651254729,-40.4591053777
6088,123.9769215968,-38.4055533454
6089,125.9639412409,-36.3238943401
6090,127.8410922559,-34.2176740154
6091,129.6215916908,-32.0897806227
6092,131.3171775335,-29.9425558940
6093,132.9383057832,-27.7778862214
6094,134.4943294627,-25.5972775536
6095,135.9936589259,-23.4019169407
6096,137.5941556906,-21.2830468274
6097,139.1498053215,-19.1483969503
6098,140.6671167761,-16.9987978709
6099,142.1521702377,-14.8348973287
6100,143.6106969140,-12.6571870851
6101,145.0481537195,-10.4660260826
6102,146.4697940835,-8.2616606828
6103,147.8807362136,-6.0442426576
6104,86.1406256276,-56.9442241645
6105,90.9036890406,-56.4318107318
6106,95.5430907751,-55.7393589705
6107,100.0507982106,-54.8904427394
6108,104.4488958700,-53.9243575829
6109,108.8128612782,-52.9198939417
6110,111.9608785773,-50.9194772105
6111,114.9598739518,-48.9801295662
6112,117.7623823172,-47.0348526622
6113,120.3659507720,-45.0566903008
6114,122.7819858237,-43.0348620041
6115,124.9614394014,-40.9622978272
6116,127.0029180331,-38.8612068784
6117,128.9237784791,-36.7352352201
6118,130.7393261154,-34.5870842259
6119,132.4631572688,-32.4183971748
6120,134.1075289877,-30.2291215908
6121,135.6835994873,-28.0145895923
6122,137.1948032933,-25.7444938133
6123,138.8101203210,-23.4466571659
6124,140.4273219170,-21.2710282027
6125,141.9603287536,-19.0963176602
6126,143.4496160485,-16.9146156144
6127,144.9071014916,-14.7231111169
6128,146.3402729812,-12.5208441592
6129,147.7552734073,-10.3074408659
6130,149.1576736631,-8.0827231244
6131,84.6596709269,-59.2128608607
6132,89.7369662624,-58.7492590765
6133,94.6692132132,-58.0847753217
6134,99.4336111603,-57.2395172399
6135,104.0369818650,-56.2444602042
6136,108.5349368689,-55.1570970622
6137,112.3976683969,-53.5772920638
6138,115.5330863854,-51.5832778622
6139,118.4696664336,-49.6116222061
6140,121.1876742942,-47.6169525985
6141,123.6969223008,-45.5822925777
6142,126.0150250371,-43.5017527321
6143,128.1138231415,-41.3763103382
6144,130.0797164334,-39.2252404945
6145,131.9303444574,-37.0509552914
6146,133.6810709045,-34.8543698761
6147,135.3451518341,-32.6340249060
6148,136.9329905980,-30.3831755088
6149,138.4448293657,-28.0780080142
6150,139.7708498211,-25.6022730869
6151,141.6288458535,-23.4408281414
6152,143.2248781197,-21.2328942774
6153,144.7381191195,-19.0238184783
6154,146.2045699998,-16.8108091926
6155,147.6390547752,-14.5913368880
6156,149.0506987797,-12.3639665068
6157,150.4465110996,-10.1278594489
6158,82.9648768195,-61.4670436553
6159,88.4119191323,-61.0646643408
6160,93.6942765939,-60.4398780819
6161,98.7705752942,-59.6108208582
6162,103.6299255392,-58.6031562411
6163,108.3069533122,-57.4589192844
6164,112.9257664132,-56.2731863430
6165,116.1702147980,-54.1862384189
6166,119.2484560495,-52.1770536314
6167,122.0904781773,-50.1614444984
6168,124.6995834244,-48.1112594684
6169,127.0954288844,-46.0171786903
6170,129.3004393821,-43.8769264416
6171,131.3108829043,-41.6974295439
6172,133.1944673997,-39.4941066174
6173,134.9684698645,-37.2676022020
6174,136.6472150506,-35.0161277673
6175,138.2411576545,-32.7333623262
6176,139.7516242752,-30.4020566868
6177,141.1386792812,-27.9699384927
6178,142.7248554003,-25.6023562495
6179,144.4491175456,-23.3843294375
6180,146.0131728081,-21.1491340586
6181,147.5019261908,-18.9117735391
6182,148.9450491945,-16.6715673930
6183,150.3575750780,-14.4268198256
6184,151.7493001422,-12.1762088392
6185,81.0044120523,-63.6997531881
6186,86.8885233200,-63.3724676204
6187,92.5922341165,-62.7996336993
6188,98.0497760609,-61.9986939354
6189,103.2287456950,-60.9928652680
6190,108.1413652146,-59.8146456988
6191,112.8760980083,-58.5256165629
6192,116.8985083757,-56.7995216037
6193,120.1157622493,-54.7326209000
6194,123.0914016148,-52.6902892896
6195,125.8072052254,-50.6218065312
6196,128.2839641292,-48.5119815200
6197,130.5484696996,-46.3570368467
6198,132.6264262477,-44.1571844393
6199,134.5400169302,-41.9228272792
6200,136.3332462670,-39.6653265300
6201,138.0220091843,-37.3830858381
6202,139.6177722498,-35.0708305195
6203,141.1241328044,-32.7159971893
6204,142.5220827080,-30.2883723736
6205,143.6913934141,-27.7046336909
6206,145.6218190507,-25.5266913007
6207,147.2702316849,-23.2771181974
6208,148.7979803325,-21.0174101671
6209,150.2588488188,-18.7555248046
6210,151.6774841161,-16.4915172422
6211,153.0681836468,-14.2242662348
6212,78.7097224551,-65.9022078605
6213,85.1127603475,-65.6660696171
6214,91.3276287358,-65.1584964849
6215,97.2550321456,-64.3971745554
6216,102.8348456688,-63.4054715373
6217,108.0546613026,-62.2119995132
6218,112.9688182356,-60.8580575014
6219,117.7877772569,-59.4524836995
6220,121.0950680987,-57.2807849850
6221,124.2121541140,-55.2031986807
6222,127.0414300483,-53.1136910072
6223,129.6013654776,-50.9861306869
6224,131.9243124810,-48.8144355505
6225,134.0413981885,-46.5985404145
6226,135.9800456390,-44.3401928554
6227,137.7877114806,-42.0506568935
6228,139.4814138796,-39.7375807981
6229,141.0743140349,-37.3967628156
6230,142.5725810570,-35.0188952696
6231,143.9676449119,-32.5844051423
6232,145.2063981286,-30.0496124872
6233,146.7325914664,-27.6375942057
6234,148.5047664514,-25.3946739818
6235,150.0915220487,-23.1192082346
6236,151.5810782219,-20.8372011633
6237,153.0120806132,-18.5535458523
6238,154.4053980119,-16.2684809505
6239,75.9890686842,-68.0630941567
6240,83.0102634765,-67.9373643285
6241,89.8509981365,-67.5102314028
6242,96.3637879926,-66.8000210787
6243,102.4502058612,-65.8324593965
6244,108.0691423826,-64.6373617999
6245,113.2438868311,-63.2481281444
6246,118.1087281395,-61.7198191824
6247,122.2236293889,-59.8281252939
6248,125.4808344267,-57.6993382102
6249,128.4298289764,-55.5864841379
6250,131.0734748902,-53.4396924461
6251,133.4515125482,-51.2493597024
6252,135.6021766964,-49.0152417898
6253,137.5582962487,-46.7394732359
6254,139.3475466581,-44.4245630657
6255,141.0398990367,-42.0801184171
6256,142.6240287101,-39.7107578030
6257,144.1087460617,-37.3094592751
6258,145.4920210156,-34.8626488605
6259,146.7470390981,-32.3437417118
6260,147.7722405340,-29.6972566146
6261,149.7123198599,-27.4894417373
6262,151.3813134708,-25.2089052287
6263,152.9123830241,-22.9106682071
6264,154.3630877796,-20.6084002456
6265,155.7632752596,-18.3052734855
6266,72.7185609165,-70.1673853035
6267,80.4764628084,-70.1759764102
6268,88.0913747818,-69.8475993284
6269,95.3436237532,-69.2007093179
6270,102.0776970550,-68.2650654760
6271,108.2157191069,-67.0760391161
6272,113.7542350579,-65.6694758841
6273,118.7711537336,-64.0810534013
6274,123.6042475664,-62.4073816232
6275,126.9344340931,-60.1771241620
6276,130.0080569139,-58.0400974309
6277,132.7326099709,-55.8735948821
6278,135.1586705418,-53.6629014657
6279,137.3339137074,-51.4082095664
6280,139.2977280720,-49.1124723875
6281,141.0824450612,-46.7788169919
6282,142.7147507214,-44.4099014457
6283,144.2823558618,-42.0114873782
6284,145.7462814929,-39.5859562905
6285,147.1091897554,-37.1234298734
6286,148.3576824645,-34.6061934677
6287,149.4404179282,-32.0014578653
6288,150.8885624955,-29.5501332756
6289,152.6660833919,-27.2786407048
6290,154.2534187051,-24.9701517794
6291,155.7322924275,-22.6516188931
6292,157.1442446900,-20.3310522053
6293,68.7303507495,-72.1945207722
6294,77.3611052365,-72.3679829612
6295,85.9435780532,-72.1617881304
6296,94.1462034990,-71.5923767256
6297,101.7216140613,-70.6944411525
6298,108.5384745792,-69.5125380270
6299,114.5710910239,-68.0925293783
6300,119.8721365039,-66.4750175660
6301,124.5862345204,-64.6920094991
6302,128.6225567617,-62.6339117969
6303,131.8223956993,-60.4774144470
6304,134.6180633185,-58.2922527372
6305,137.0793170097,-56.0589584646
6306,139.2655405775,-53.7804346985
6307,141.2234508266,-51.4613404649
6308,142.9904531439,-49.1057391110
6309,144.5968597638,-46.7167928159
6310,146.0674657070,-44.2968243553
6311,147.5011109915,-41.8461048238
6312,148.8339205028,-39.3654416054
6313,150.0605255515,-36.8422566194
6314,151.1529345467,-34.2551869238
6315,152.0293469734,-31.5667910762
6316,153.9445230386,-29.3210922114
6317,155.6048393922,-27.0101017166
6318,157.1215394946,-24.6788193499
6319,158.5508338572,-22.3422296072
6320,63.7991373940,-74.1156330420
6321,73.4439616465,-74.4937184641
6322,83.2457826569,-74.4413517418
6323,92.6961861138,-73.9676573915
6324,101.3886361155,-73.1118177095
6325,109.1024216736,-71.9307788081
6326,115.7919466697,-70.4853152253
6327,121.5252037868,-68.8305695769
6328,126.4219772367,-67.0120857273
6329,130.6130558732,-65.0655061574
6330,133.9168322690,-62.9239829651
6331,136.7652405792,-60.7147263440
6332,139.2454088307,-58.4505508509
6333,141.4260774134,-56.1407591745
6334,143.3614949725,-53.7920962653
6335,145.0946646147,-51.4094261017
6336,146.6599086465,-48.9962111443
6337,148.0848459355,-46.5548531919
6338,149.3919011339,-44.0869370014
6339,150.6828371980,-41.5863292239
6340,151.8736368675,-39.0525591028
6341,152.9490291906,-36.4706964004
6342,153.8633516137,-33.8165598328
6343,155.2152839652,-31.3295883747
6344,156.9672868322,-29.0252553150
6345,158.5327258449,-26.6857315681
6346,159.9856685633,-24.3352379024
6347,57.6331710715,-75.8895151411
6348,68.3980514243,-76.5239362603
6349,79.7382065055,-76.6701432426
6350,90.8694925324,-76.3182821225
6351,101.0896762564,-75.5086657535
6352,110.0073520865,-74.3141333326
6353,117.5525243261,-72.8140538406
6354,123.8558182171,-71.0733343216
6355,129.1371542480,-69.1057967420
6356,133.3944223901,-67.3950793999
6357,136.7408102910,-65.3577230341
6358,139.0066387628,-63.2489638951
6359,141.6330931620,-60.8856089873
6360,143.8233491746,-58.5158415968
6361,145.7290392059,-56.1210511863
6362,147.4144658369,-53.7003755647
6363,148.9228356943,-51.2551127596
6364,150.2864703982,-48.7865608051
6365,151.5305326026,-46.2956246634
6366,152.6750543415,-43.7827777883
6367,153.8151968530,-41.2354539705
6368,154.8533845991,-38.6516115644
6369,155.7626733307,-36.0144899348
6370,156.4769784131,-33.2981957677
6371,158.3413797499,-31.0106928025
6372,159.9677931877,-28.6682286948
6373,161.4514715032,-26.3065436727
6374,49.8893312691,-77.4574912921
6375,61.7412232200,-78.4131131239
6376,74.9841534061,-78.8230647496
6377,88.4470057442,-78.6341300749
6378,100.8437594456,-77.8768392276
6379,111.4140222817,-76.6450702911
6380,120.0445000552,-75.0431457793
6381,126.9897502523,-73.1327731151
6382,132.3459455673,-71.5417151440
6383,136.7714107173,-69.6675954891
6384,140.2757751461,-67.5901094569
6385,142.9494573375,-65.3974128668
6386,144.9171961911,-63.1750803775
6387,146.3078391290,-60.9973731406
6388,148.2895746346,-58.4947614022
6389,149.9470835895,-56.0055187741
6390,151.3944802549,-53.5102638389
6391,152.6849889517,-51.0028723782
6392,153.8520082559,-48.4808423833
6393,154.9193399765,-45.9428063132
6394,155.9050414716,-43.3877324954
6395,156.8871213998,-40.7975967102
6396,157.7626182508,-38.1677098387
6397,158.4913196846,-35.4801469807
6398,159.7277037821,-32.9618836316
6399,161.4287199315,-30.6223548276
6400,162.9510591193,-28.2526614004
6401,40.2578950046,-78.7392514819
6402,52.8037264391,-80.0884689686
6403,68.2177381848,-80.8568174940
6404,85.0049635233,-80.9008419977
6405,100.6871136553,-80.2086906431
6406,113.5971124768,-78.9039354726
6407,123.5402895661,-77.1340543998
6408,130.7020276062,-75.6360493376
6409,136.4452458480,-73.8559876796
6410,140.9465715330,-71.8620869929
6411,144.4276364630,-69.7164975769
6412,147.0955761307,-67.4740924747
6413,149.1232385439,-65.1828003215
6414,150.6478805722,-62.8840551516
6415,151.7762872059,-60.6130172763
6416,152.5910475714,-58.3986498085
6417,154.0441330003,-55.8029268365
6418,155.2749828581,-53.2289142853
6419,156.3607222206,-50.6587660588
6420,157.3404314959,-48.0843157820
6421,158.2383495598,-45.5010326226
6422,159.0713540782,-42.9059247496
6423,159.8890111649,-40.2775684334
6424,160.5924406661,-37.6066071226
6425,161.1268021619,-34.8747228399
6426,162.9175117685,-32.5443493213
6427,164.4873361434,-30.1701657210
6428,28.6792417167,-79.6363096493
6429,40.8357300265,-81.4359676495
6430,58.0798911987,-82.6890677702
6431,79.6182356806,-83.0930257237
6432,100.6980177064,-82.4971289958
6433,117.0608712721,-81.0656756508
6434,127.8060400154,-79.7101209744
6435,135.8747263776,-78.0067953816
6436,141.8194097025,-76.0602573644
6437,146.2033512352,-73.9462513758
6438,149.4626870633,-71.7189412796
6439,151.9074429285,-69.4185977784
6440,153.7532400864,-67.0767725594
6441,155.1505664620,-64.7193223792
6442,156.2059053107,-62.3680630327
6443,156.9959333048,-60.0416337635
6444,157.5768872135,-57.7559350441
6445,157.9907587735,-55.5243551653
6446,159.0337749385,-52.8651898877
6447,159.9327924009,-50.2301433196
6448,160.7380692455,-47.6032311221
6449,161.4765575003,-44.9757116808
6450,162.1650310004,-42.3420905195
6451,162.8128510207,-39.6807309470
6452,163.3356624943,-36.9745272960
6453,164.4361907597,-34.4306673645
6454,166.0632872105,-32.0557023042
6455,15.6564023287,-80.0542859214
6456,25.5574468880,-82.2983894669
6457,42.4353884281,-84.1552304304
6458,69.9172756825,-85.1508966884
6459,101.0821953823,-84.7355167962
6460,121.2283441252,-83.7394230578
6461,134.7574599965,-82.1509591623
6462,143.4075568343,-80.2257128853
6463,149.0720406863,-78.1068801183
6464,152.9265159948,-75.8699197273
6465,155.6411128504,-73.5579671179
6466,157.6043942887,-71.1987902666
6467,159.0511022542,-68.8124193745
6468,160.1293535118,-66.4146659556
6469,160.9364170358,-64.0188028130
6470,161.5384580962,-61.6363825192
6471,161.9818836873,-59.2776349758
6472,162.3001211243,-56.9516547277
6473,162.5178154179,-54.6664846992
6474,162.6535131267,-52.4291528870
6475,163.3874325312,-49.7253066794
6476,164.0338740274,-47.0445923845
6477,164.6250063667,-44.3728505459
6478,165.1787441443,-41.7014446831
6479,165.6522454959,-39.0128511183
6480,165.9867826781,-36.2779966821
6481,167.6819648336,-33.9059973350
6482,2.3371411280,-79.9448866180
6483,8.1958112023,-82.5260301102
6484,19.8346338566,-84.9642052235
6485,48.8539700943,-86.8793092427
6486,93.9330619865,-87.4399397662
6487,131.2878764503,-86.2976856806
6488,147.4050730609,-84.3685145554
6489,154.9362120832,-82.1886841300
6490,159.0663511079,-79.9016991783
6491,161.5898712384,-77.5558906456
6492,163.2418752161,-75.1736968251
6493,164.3717557713,-72.7686829387
6494,165.1651222781,-70.3507886371
6495,165.7291843745,-67.9282456264
6496,166.1299945001,-65.5083580789
6497,166.4103765380,-63.0978360340
6498,166.5992615047,-60.7029344315
6499,166.7168681089,-58.3295021353
6500,166.7777324893,-55.9829885702
6501,166.7925598043,-53.6684315774
6502,166.7693989241,-51.3904389583
6503,166.7144120234,-49.1531705573
6504,167.2194581171,-46.4159175467
6505,167.6768032938,-43.6988789719
6506,168.1068046440,-40.9895472008
6507,168.4023832609,-38.2799592663
6508,169.3464729225,-35.7178656393
6509,-9.9729201125,-79.3365265985
6510,-8.4951836832,-82.0849954745
6511,-5.5281681848,-84.8403524892
6512,-5.3715250421,-87.0789820810
6513,-2.8772065018,-89.3502108621
6514,172.1719873211,-88.3453911675
6515,172.7865506678,-86.0152295180
6516,172.8215106869,-83.6604307931
6517,172.7446996347,-81.2845690995
6518,172.6271531690,-78.8912633059
6519,172.4901205646,-76.4842676376
6520,172.3421217969,-74.0674539828
6521,172.1871937783,-71.6447818847
6522,172.0274611055,-69.2202647190
6523,171.8641198042,-66.7979341698
6524,171.6978706427,-64.3818041229
6525,171.5291308521,-61.9758348745
6526,171.3581462272,-59.5838984652
6527,171.1850544380,-57.2097458806
6528,171.0099227530,-54.8569767755
6529,170.8327715581,-52.5290122826
6530,170.6535896101,-50.2290713453
6531,170.4723442757,-47.9601508965
6532,170.2889886181,-45.7250100712
6533,170.6270418798,-42.9604810287
6534,170.9451015609,-40.2121752643
6535,171.0599449371,-37.4882175733
6536,-20.4685250003,-78.3190669959
6537,-22.3012668230,-81.0942874915
6538,-27.5376480785,-83.2215024193
6539,-37.4504544488,-85.2698699185
6540,-60.4900147368,-87.0047495778
6541,-109.5707207134,-87.5322117546
6542,-147.1630945996,-86.2525748124
6543,-162.5300100684,-84.2463294074
6544,-169.8002389698,-82.0310482609
6545,-173.9407152817,-79.7323846220
6546,-176.6103320043,-77.3906350889
6547,-178.4826912311,-75.0233405307
6548,-179.8773685484,-72.6402150746
6549,179.0357678192,-70.2477407846
6550,178.1584347453,-67.8508721793
6551,177.4299333872,-65.4537573255
6552,176.8107904936,-63.0600719421
6553,176.2742392880,-60.6731835549
6554,175.8014902760,-58.2962345082
6555,175.3789642628,-55.9321837468
6556,174.9966006666,-53.5838267479
6557,174.6467839342,-51.2538036420
6558,174.3236400331,-48.9446010153
6559,174.0225624442,-46.6585505373
6560,173.7398849080,-44.3978262745
6561,173.4726505725,-42.1644418158
6562,173.6909885064,-39.3752062727
6563,176.3431344581,-38.4845148533
6564,177.7334636406,-36.5266529760
6565,179.0678114237,-34.5335741120
6566,-179.6488755393,-32.5078914145
6567,-178.4119971770,-30.4522039967
6568,-177.2172758201,-28.3691043180
6569,-176.0607312091,-26.2611836105
6570,-174.9386555371,-24.1310354134
6571,-173.8475890926,-21.9812573207
6572,-172.7842968621,-19.8144510725
6573,-171.7457463064,-17.6332211368
6574,-170.7290864127,-15.4401719459
6575,-169.7316280541,-13.2379039601
6576,-168.7508256337,-11.0290087411
6577,-167.7842599594,-8.8160632225
6578,-166.8296222716,-6.6016233673
6579,-165.8846993347,-4.3882174013
6580,-164.9473594991,-2.1783388093
6581,-164.0155396355,0.0255607268
6582,-163.0872328493,2.2210782766
6583,-162.1604768832,4.4058663371
6584,-161.2333431247,6.5776390920
6585,-160.3039261401,8.7341781227
6586,-159.3703336649,10.8733374612
6587,-158.4306769897,12.9930478907
6588,-157.4830616886,15.0913204195
6589,-156.5255786490,17.1662488731
6590,176.6622193825,-40.7181058264
6591,179.1701378345,-38.9109207669
6592,-178.7892798509,-36.6291756030
6593,-177.5832017216,-34.6130139488
6594,-176.4136999102,-32.5633362852
6595,-175.2773736607,-30.4827432788
6596,-174.1710319714,-28.3739388623
6597,-173.0916762412,-26.2397272838
6598,-172.0364835988,-24.0830078765
6599,-171.0027910742,-21.9067676396
6600,-169.9880806994,-19.7140717597
6601,-168.9899655830,-17.5080522502
6602,-168.0061769642,-15.2918949232
6603,-167.0345522344,-13.0688249471
6604,-166.0730238969,-10.8420912734
6605,-165.1196094286,-8.6149502389
6606,-164.1724020030,-6.3906486682
6607,-163.2295620357,-4.1724068050
6608,-162.2893095114,-1.9634014007
6609,-161.3499170610,0.2332507230
6610,-160.4097037561,2.4145083440
6611,-159.4670296002,4.5774204729
6612,-158.5202906983,6.7191397202
6613,-157.5679150952,8.8369342047
6614,-156.6083592818,10.9281978580
6615,-155.6401053724,12.9904590241
6616,-154.6616589688,15.0213873018
6617,177.0070160591,-42.9731647769
6618,-179.8139966745,-41.5953973857
6619,-177.9426410483,-39.2716103576
6620,-176.0209639231,-36.9640220601
6621,-174.2112642043,-34.6088688642
6622,-173.1674252572,-32.5459929263
6623,-172.1410434425,-30.4492420352
6624,-171.1302472268,-28.3216394946
6625,-170.1332353989,-26.1664451681
6626,-169.1482716218,-23.9871407063
6627,-168.1736796224,-21.7874106188
6628,-167.2078390106,-19.5711193852
6629,-166.2491817170,-17.3422849228
6630,-165.2961890380,-15.1050488572
6631,-164.3473892748,-12.8636441483
6632,-163.4013559520,-10.6223607258
6633,-162.4567066039,-8.3855098563
6634,-161.5121021137,-6.1573880121
6635,-160.5662465924,-3.9422410266
6636,-159.6178877838,-1.7442293034
6637,-158.6658179806,0.4326051964
6638,-157.7088754368,2.5843695410
6639,-156.7459462587,4.7073474356
6640,-155.7759667555,6.7980234107
6641,-154.7979262269,8.8531032748
6642,-153.8108701605,10.8695306452
6643,-152.9495322871,13.5138370567
6644,177.3816645127,-45.2481198344
6645,-179.3769990834,-43.8141261986
6646,-176.8367862498,-41.8993163400
6647,-175.0012694924,-39.5626672853
6648,-173.1953253076,-37.2305006507
6649,-171.5043248001,-34.8602835288
6650,-169.8991634662,-32.4471955721
6651,-168.9956557358,-30.3467250350
6652,-168.0903981438,-28.2098814811
6653,-167.1829872459,-26.0407430761
6654,-166.2729885908,-23.8438084740
6655,-165.3599406124,-21.6239619104
6656,-164.4433593753,-19.3864284686
6657,-163.5227441276,-17.1367202433
6658,-162.5975835997,-14.8805745506
6659,-161.6673629665,-12.6238857237
6660,-160.7315713768,-10.3726323596
6661,-159.7897099331,-8.1328021184
6662,-158.8412999957,-5.9103163007
6663,-157.8858916675,-3.7109564367
6664,-156.9230723106,-1.5402950008
6665,-155.9524749357,0.5963678549
6666,-154.9737863050,2.6940599784
6667,-153.9867545870,4.7481841122
6668,-152.9911964054,6.7545552362
6669,-152.1186688748,9.3739877681
6670,-151.2429040113,11.9713084654
6671,177.7912190322,-47.5412676186
6672,-178.8909710350,-46.0572833168
6673,-175.6397942027,-44.5338116549
6674,-173.7985025748,-42.1344582952
6675,-172.0127858397,-39.7805432052
6676,-170.3194677376,-37.4247590654
6677,-168.7409684843,-35.0398216256
6678,-167.2531888696,-32.6224761713
6679,-165.8272027321,-30.1644255032
6680,-165.0427091856,-28.0331403211
6681,-164.2361450056,-25.8605582018
6682,-163.4085637897,-23.6529035150
6683,-162.5609850892,-21.4171327448
6684,-161.6943973077,-19.1608473506
6685,-160.8097624845,-16.8921807282
6686,-159.9080228152,-14.6196625961
6687,-158.9901086332,-12.3520657523
6688,-158.0569474571,-10.0982414795
6689,-157.1094736184,-7.8669507601
6690,-156.1486379177,-5.6666987868
6691,-155.1754167373,-3.5055799893
6692,-154.1908200519,-1.3911399702
6693,-153.1958978361,0.6697405418
6694,-152.1917444560,2.6709362059
6695,-151.3090160985,5.2685959167
6696,-150.4256559778,7.8377108896
6697,-149.5413493517,10.3962738221
6698,178.2419144692,-49.8507658401
6699,-178.3478858385,-48.3224039075
6700,-175.0463188942,-46.7336871652
6701,-172.5036116288,-44.7040007626
6702,-170.7073737208,-42.2967195763
6703,-168.9851181100,-39.9221417268
6704,-167.4014198838,-37.5434124983
6705,-165.9295517217,-35.1436016476
6706,-164.5494195587,-32.7208535711
6707,-163.2392044370,-30.2697330773
6708,-161.9690101141,-27.7777831452
6709,-161.2826438433,-25.6200587785
6710,-160.5506076646,-23.4130589310
6711,-159.7756318016,-21.1674448896
6712,-158.9606630729,-18.8952367395
6713,-158.1088372881,-16.6095444293
6714,-157.2234495623,-14.3242234389
6715,-156.3079230592,-12.0534746414
6716,-155.3657764425,-9.8114147993
6717,-154.4005901485,-7.6116479504
6718,-153.4159715287,-5.4668679872
6719,-152.4155189957,-3.3885189891
6720,-151.4027855011,-1.3865330493
6721,-150.5103555797,1.1915956320
6722,-149.6200260846,3.7341557193
6723,-148.7321623652,6.2636379567
6724,-147.8443309775,8.7913818878
6725,178.7415307608,-52.1746225605
6726,-177.7378146738,-50.6067529244
6727,-174.3714966922,-48.9601406638
6728,-171.0809482338,-47.2791444101
6729,-169.3070399374,-44.8025170200
6730,-167.5727250674,-42.3825265272
6731,-165.9269608430,-39.9848962895
6732,-164.4500160247,-37.5836333193
6733,-163.0793706923,-35.1683436765
6734,-161.7980113819,-32.7383002747
6735,-160.5892802097,-30.2905106780
6736,-159.4335927762,-27.8176361204
6737,-158.2986023452,-25.3017950400
6738,-157.6886102841,-23.1189750964
6739,-157.0011805383,-20.8748088508
6740,-156.2418099760,-18.5904679568
6741,-155.4172931349,-16.2899054016
6742,-154.5355146144,-13.9987393558
6743,-153.6051749033,-11.7429069304
6744,-152.6354710811,-9.5472491989
6745,-151.6357587879,-7.4342065863
6746,-150.6152231743,-5.4227816725
6747,-149.7131975266,-2.8633770623
6748,-148.8163145980,-0.3470746573
6749,-147.9255950131,2.1549439238
6750,-147.0384067412,4.6549851931
6751,-146.1512077233,7.1594468138
6752,179.2999003956,-54.5106801318
6753,-177.0483432606,-52.9072938859
6754,-173.6013700463,-51.2091860013
6755,-170.2846853618,-49.4532914638
6756,-167.7820151410,-47.3027234701
6757,-166.0610621095,-44.8251807311
6758,-164.4048192698,-42.3889375384
6759,-162.8476131061,-39.9668379207
6760,-161.4747364179,-37.5432303636
6761,-160.2004969806,-35.1114718347
6762,-159.0101737345,-32.6716013661
6763,-157.8905551848,-30.2224434761
6764,-156.8285181122,-27.7606646309
6765,-155.8073428804,-25.2778066915
6766,-154.7909538131,-22.7486516227
6767,-154.2297175757,-20.5365188526
6768,-153.5374240064,-18.2474209638
6769,-152.7282667220,-15.9355976334
6770,-151.8225467118,-13.6605343651
6771,-150.8446012998,-11.4798523470
6772,-149.8201380040,-9.4424973698
6773,-148.9082421734,-6.9040409905
6774,-148.0053476787,-4.4156483195
6775,-147.1126961910,-1.9400075213
6776,-146.2270196949,0.5351172741
6777,-145.3445016007,3.0152271016
6778,-144.4612437764,5.5034353031
6779,179.9296282190,-56.8565907205
6780,-176.2637640836,-55.2206441287
6781,-172.7185341047,-53.4762850919
6782,-169.3624204130,-51.6547300142
6783,-166.0845468688,-49.8050760620
6784,-164.4248569295,-47.2523747056
6785,-162.7778533540,-44.7685653714
6786,-161.2146438361,-42.3137317127
6787,-159.7567841108,-39.8666491278
6788,-158.4855134577,-37.4207134364
6789,-157.3035717785,-34.9712001470
6790,-156.1979344208,-32.5184822247
6791,-155.1575000738,-30.0624125266
6792,-154.1725138871,-27.6021270454
6793,-153.2336850164,-25.1353056834
6794,-152.3293425941,-22.6550680074
6795,-151.4222627138,-20.1285555954
6796,-150.8470147114,-17.8669822445
6797,-150.0126356677,-15.5632924665
6798,-149.0083575577,-13.4501559521
6799,-148.0859932896,-10.9434067679
6800,-147.1786548217,-8.4867082093
6801,-146.2856480956,-6.0355965236
6802,-145.4026273016,-3.5813710898
6803,-144.5255236173,-1.1207582185
6804,-143.6504608996,1.3480721140
6805,-142.7736182430,3.8264520752
6806,-179.3528660607,-59.2097784661
6807,-175.3639389462,-57.5430090169
6808,-171.7010545505,-55.7562605451
6809,-168.2915645256,-53.8768335956
6810,-165.0311112876,-51.9429608467
6811,-162.6267611561,-49.6679471282
6812,-161.0240017539,-47.1240151534
6813,-159.4705008384,-44.6301195120
6814,-158.0136558583,-42.1554787743
6815,-156.6643760270,-39.6837008267
6816,-155.4925130170,-37.2153392853
6817,-154.3995684140,-34.7465965160
6818,-153.3738563374,-32.2777080550
6819,-152.4055524474,-29.8086706139
6820,-151.4863134819,-27.3392947363
6821,-150.6089805939,-24.8692440357
6822,-149.7673455595,-22.3980645694
6823,-148.9559644317,-19.9252068915
6824,-148.1700071599,-17.4500426159
6825,-147.2412670847,-15.0240041438
6826,-146.3329688846,-12.5930433874
6827,-145.4408456302,-10.1565918913
6828,-144.5608863574,-7.7140215095
6829,-143.6892621959,-5.2646517911
6830,-142.8222583184,-2.8077559544
6831,-141.9562092239,-0.3425658497
6832,-141.0874350158,2.1317237371
6833,-178.5258023441,-61.5673801376
6834,-174.3226679885,-59.8700831751
6835,-170.5209723736,-58.0431703204
6836,-167.0439250488,-56.1118814719
6837,-163.7903251762,-54.1063896106
6838,-160.6035342034,-52.0792647452
6839,-159.1134514524,-49.4560407717
6840,-157.5952189008,-46.9146317780
6841,-156.1526637019,-44.4082631165
6842,-154.8134980609,-41.9135858055
6843,-153.5802559152,-39.4180701845
6844,-152.5059029026,-36.9271363291
6845,-151.4995363210,-34.4376207215
6846,-150.5507221298,-31.9491478944
6847,-149.6506709630,-29.4609625324
6848,-148.7919032502,-26.9717167537
6849,-147.9680741170,-24.4787522527
6850,-147.1745422535,-21.9752113537
6851,-146.4200577624,-19.4312323672
6852,-145.5428921887,-16.8346830955
6853,-144.6009593754,-14.3553972243
6854,-143.7103790976,-11.8962827507
6855,-142.8381070193,-9.4404957206
6856,-141.9757597421,-6.9827640580
6857,-141.1183074095,-4.5206470129
6858,-140.2615922584,-2.0525995286
6859,-139.4017328821,0.4225812002
6860,-177.5596879233,-63.9261504877
6861,-173.1053048415,-62.1968993752
6862,-169.1422127399,-60.3301236299
6863,-165.5840197397,-58.3508643819
6864,-162.3278996359,-56.2840650009
6865,-159.2311901696,-54.1658772437
6866,-157.0013331263,-51.7669856629
6867,-155.5639483252,-49.1656627989
6868,-154.1550575449,-46.6224253418
6869,-152.8381945215,-44.1024513930
6870,-151.6257035834,-41.5883178747
6871,-150.5140298419,-39.0705384479
6872,-149.5356217096,-36.5569067569
6873,-148.6143415750,-34.0451340059
6874,-147.7412066587,-31.5337981593
6875,-146.9088537671,-29.0205779285
6876,-146.1116535079,-26.5013460072
6877,-145.3472043252,-23.9675076509
6878,-144.6261434703,-21.3962375584
6879,-144.0837045396,-18.7000999835
6880,-142.9319239828,-16.1858191616
6881,-142.0033789827,-13.6859857301
6882,-141.1244835477,-11.2036633497
6883,-140.2652631121,-8.7281831753
6884,-139.4146929233,-6.2539666715
6885,-138.5663883452,-3.7778036679
6886,-137.7154958343,-1.2975591792
6887,-176.4136297680,-66.2823080159
6888,-171.6651958934,-64.5175928040
6889,-167.5176278464,-62.6090054573
6890,-163.8668352395,-60.5832091575
6891,-160.6016296673,-58.4626107730
6892,-157.5875591949,-56.2720665066
6893,-154.6054241251,-54.0636223968
6894,-153.3438150612,-51.3817788392
6895,-151.9988467574,-48.7946707389
6896,-150.7203266963,-46.2469073477
6897,-149.5407482703,-43.7132016874
6898,-148.4614082214,-41.1807914340
6899,-147.4748320096,-38.6425691195
6900,-146.5911613123,-36.1062060686
6901,-145.7544194716,-33.5708797254
6902,-144.9575584994,-31.0337637919
6903,-144.1956570233,-28.4903307274
6904,-143.4674148604,-25.9325063538
6905,-142.7816894725,-23.3436214240
6906,-142.1931379887,-20.6821328549
6907,-141.3652528352,-18.0363888034
6908,-140.3358381026,-15.5046100174
6909,-139.4271857126,-12.9915979694
6910,-138.5608818339,-10.4930960529
6911,-137.7123835762,-8.0020874373
6912,-136.8703209203,-5.5138529517
6913,-136.0276635591,-3.0252155280
6914,-175.0293554593,-68.6312766008
6915,-169.9382465495,-66.8250253796
6916,-165.5847788468,-64.8700578014
6917,-161.8348702078,-62.7963814706
6918,-158.5595184577,-60.6262407575
6919,-155.6245914028,-58.3779904162
6920,-152.8465910404,-56.0787751870
6921,-150.8850706912,-53.5630476030
6922,-149.6578173936,-50.9209636638
6923,-148.4392557089,-48.3426419015
6924,-147.3075567549,-45.7889419244
6925,-146.2734064150,-43.2420817638
6926,-145.3310879763,-40.6929412832
6927,-144.4711401664,-38.1362680683
6928,-143.6813747854,-35.5773015608
6929,-142.9295532776,-33.0174364947
6930,-142.2113105362,-30.4521982962
6931,-141.5257492845,-27.8744660015
6932,-140.8796672268,-25.2717001068
6933,-140.3037383905,-22.6190431076
6934,-139.9335345066,-19.8618131199
6935,-138.7229263366,-17.3309810646
6936,-137.7532475426,-14.7921935347
6937,-136.8656758897,-12.2695633537
6938,-136.0123044603,-9.7592965253
6939,-135.1730716168,-7.2563618161
6940,-134.3371421011,-4.7568612121
6941,-173.3211424912,-70.9672373408
6942,-167.8344460249,-69.1101723537
6943,-163.2598984749,-67.1012342969
6944,-159.4143171834,-64.9753082688
6945,-156.1377008710,-62.7563183676
6946,-153.2860302734,-60.4601023337
6947,-150.7004871818,-58.0996816737
6948,-148.0843109958,-55.7156459085
6949,-147.0994310568,-52.9967535912
6950,-145.9715571886,-50.3842423544
6951,-144.9060041984,-47.8109528596
6952,-143.9324857114,-45.2507293439
6953,-143.0483418096,-42.6916608461
6954,-142.2443368612,-40.1274636882
6955,-141.5106259078,-37.5543281966
6956,-140.8143189501,-34.9731124968
6957,-140.1486904615,-32.3881470065
6958,-139.5130362224,-29.7932069891
6959,-138.9125323152,-27.1785018692
6960,-138.3667992478,-24.5272761227
6961,-137.9406969807,-21.8085812035
6962,-137.1783657518,-19.1450152104
6963,-136.1094407438,-16.5935597323
6964,-135.1826413904,-14.0496855429
6965,-134.3153476375,-11.5198754850
6966,-133.4742938262,-9.0009253674
6967,-132.6428147049,-6.4889461593
6968,-171.1581112559,-73.2823168080
6969,-165.2243844905,-71.3610932202
6970,-160.4293121920,-69.2871941126
6971,-156.5103646207,-67.1015397519
6972,-153.2584853166,-64.8307739938
6973,-150.5074741453,-62.4909148793
6974,-148.1095177843,-60.0896443989
6975,-145.8629253931,-57.6333098024
6976,-144.2773648646,-55.0183394059
6977,-143.2908024182,-52.3649798121
6978,-142.3133094315,-49.7738805030
6979,-141.4188776681,-47.2027613889
6980,-140.6096093425,-44.6357330706
6981,-139.8765448668,-42.0654275637
6982,-139.2096955133,-39.4877396811
6983,-138.6000451736,-36.8999620190
6984,-137.9971374007,-34.2971356239
6985,-137.4198038876,-31.6870270763
6986,-136.8721629123,-29.0617202546
6987,-136.3678500958,-26.4090196044
6988,-135.9445734815,-23.7089954795
6989,-135.7139311887,-20.9287105529
6990,-134.5021580802,-18.3843924834
6991,-133.5146972761,-15.8257651427
6992,-132.6223830880,-13.2781795663
6993,-131.7736265122,-10.7431605914
6994,-130.9435528518,-8.2179184730
6995,-168.3315783316,-75.5650370734
6996,-161.9175280028,-73.5611544042
6997,-156.9376093760,-71.4077229236
6998,-153.0020273057,-69.1520516175
6999,-149.8292961001,-66.8233637369
7000,-147.2180636366,-64.4388350594
7001,-145.0174102982,-62.0062680016
7002,-143.0856186382,-59.5232627039
7003,-141.0745101448,-56.9912749094
7004,-140.3674878213,-54.2765568273
7005,-139.5033607756,-51.6720492989
7006,-138.7100838049,-49.0946969072
7007,-137.9959529693,-46.5228922937
7008,-137.3518255835,-43.9485570391
7009,-136.7676241531,-41.3676811073
7010,-136.2345359996,-38.7777435166
7011,-135.7451707528,-36.1768258987
7012,-135.2359862816,-33.5533602369
7013,-134.7498012406,-30.9186603261
7014,-134.2968477255,-28.2633452256
7015,-133.9017969406,-25.5734188310
7016,-133.6258037803,-22.8275416203
7017,-132.9373106521,-20.1542940064
7018,-131.8646725034,-17.5904578280
7019,-130.9342694701,-15.0287144319
7020,-130.0707080797,-12.4787470250
7021,-129.2382275121,-9.9402460494
7022,-164.4918279526,-77.7971645171
7023,-157.6274241950,-75.6858742073
7024,-152.5726589321,-73.4352647150
7025,-148.7380469708,-71.0975957682
7026,-145.7441697047,-68.7028096484
7027,-143.3451919153,-66.2681838120
7028,-141.3771152544,-63.8029808842
7029,-139.7228963829,-61.3091414597
7030,-138.2589682488,-58.7721638584
7031,-137.1692443934,-56.1088219558
7032,-136.4448104862,-53.5019668977
7033,-135.7801478906,-50.9263778442
7034,-135.1864491315,-48.3538579332
7035,-134.6530838058,-45.7776385158
7036,-134.1701906681,-43.1947835446
7037,-133.7296863978,-40.6034032185
7038,-133.3250030871,-38.0019416671
7039,-132.9507653833,-35.3889397322
7040,-132.5360017293,-32.7461771286
7041,-132.1444819225,-30.0880842442
7042,-131.7939156126,-27.4042050180
7043,-131.5226249161,-24.6796561299
7044,-131.4202423125,-21.8940234538
7045,-130.2352932758,-19.3369059232
7046,-129.2518641797,-16.7662079646
7047,-128.3651901021,-14.2034660833
7048,-127.5257206373,-11.6524379181
7049,-159.0205651538,-79.9468329750
7050,-151.9191103843,-77.6972247345
7051,-147.0509713114,-75.3311728723
7052,-143.5380106307,-72.9006098725
7053,-140.8908764462,-70.4320026399
7054,-138.8241503369,-67.9396352464
7055,-137.1628694654,-65.4315316183
7056,-135.7947788064,-62.9122792983
7057,-134.6449289342,-60.3844677752
7058,-133.6615266509,-57.8494652755
7059,-133.0972630585,-55.2835136810
7060,-132.6013489033,-52.7139685508
7061,-132.1602318291,-50.1399606918
7062,-131.7636237989,-47.5604992047
7063,-131.4035651269,-44.9744967450
7064,-131.0737911645,-42.3807842986
7065,-130.7692932795,-39.7781190694
7066,-130.4860078345,-37.1651876273
7067,-130.2205914282,-34.5406056194
7068,-129.9013051293,-31.8802855586
7069,-129.6085373071,-29.2006731817
7070,-129.3688544233,-26.4907744421
7071,-129.2367417438,-23.7359846663
7072,-128.6291700334,-21.0588492531
7073,-127.5760322465,-18.4856751735
7074,-126.6567507214,-15.9132382822
7075,-125.8049369124,-13.3510650298
7076,-150.7751225804,-81.9524794372
7077,-144.1463584595,-79.5335027140
7078,-140.0174531163,-77.0404966768
7079,-137.2078653851,-74.5130523958
7080,-135.1684432943,-71.9677340170
7081,-133.6145674285,-69.4114787976
7082,-132.3858188350,-66.8456042518
7083,-131.3876261261,-64.2639624408
7084,-130.5844507969,-61.6251637215
7085,-129.6183019871,-59.3482600557
7086,-129.1852001689,-56.9206553748
7087,-129.2290011394,-54.5947365573
7088,-128.9191310632,-51.9372723318
7089,-128.6764738857,-49.3274091038
7090,-128.4588991195,-46.7252200548
7091,-128.2579802862,-44.1218613558
7092,-128.0697240931,-41.5135177606
7093,-127.8914862614,-38.8977547166
7094,-127.7212661090,-36.2726172774
7095,-127.5574512986,-33.6363285830
7096,-127.3350403934,-30.9606018891
7097,-127.1455878386,-28.2620232742
7098,-127.0258582932,-25.5297201971
7099,-127.0487841139,-22.7507099955
7100,-125.9076536777,-20.1824745586
7101,-124.9451075351,-17.6041576732
7102,-124.0748157854,-15.0327802358
7103,-137.6821270067,-83.6845849660
7104,-133.4515157653,-81.0932988160
7105,-131.0987276990,-78.4864246864
7106,-129.5858078987,-75.8754113315
7107,-128.5202382695,-73.2618694873
7108,-127.7237114232,-70.6422389095
7109,-127.1097849241,-68.0054887296
7110,-126.6571166028,-65.3173095133
7111,-125.7694365891,-63.0775336399
7112,-125.2173062355,-60.7113594552
7113,-124.9569455007,-58.2771939899
7114,-124.9412707739,-55.8394632210
7115,-125.1237078400,-53.4613978561
7116,-125.4610967413,-51.1979617455
7117,-125.3541696655,-48.5047077101
7118,-125.2854057317,-45.8595094088
7119,-125.2242137218,-43.2287015774
7120,-125.1631685306,-40.6003250129
7121,-125.0998667526,-37.9684978295
7122,-125.0333727030,-35.3295487506
7123,-124.9632518287,-32.6807417921
7124,-124.8394363772,-29.9921728812
7125,-124.7582491128,-27.2778434348
7126,-124.7679087417,-24.5277521178
7127,-124.2476289392,-21.8523547079
7128,-123.2300297930,-19.2725229030
7129,-122.3343437774,-16.6943372293
7130,-117.0123986660,-84.8734253757
7131,-119.1031800322,-82.2204921049
7132,-120.0833977014,-79.5695619246
7133,-120.6347299866,-76.9196660210
7134,-120.9826998922,-74.2652883484
7135,-121.2318903057,-71.5950641229
7136,-121.4602379668,-68.8832593557
7137,-120.8886331598,-66.6410563798
7138,-120.5661982566,-64.3119805315
7139,-120.4450567941,-61.9190675467
7140,-120.4865077833,-59.4878476205
7141,-120.6590859745,-57.0453980624
7142,-120.9370777230,-54.6191059448
7143,-121.2993867371,-52.2353133130
7144,-121.7286620089,-49.9180342722
7145,-122.2106200315,-47.6879107811
7146,-122.2521849862,-44.9751639450
7147,-122.3075975981,-42.3042448192
7148,-122.3575271565,-39.6487345835
7149,-122.3967170451,-36.9966670452
7150,-122.4239010613,-34.3413898083
7151,-122.4390856099,-31.6785380897
7152,-122.4158872830,-28.9800959111
7153,-122.4482186940,-26.2538555808
7154,-122.5968823628,-23.4914903577
7155,-121.5113497299,-20.9148644281
7156,-120.5825670657,-18.3326082464
7157,-90.0109143494,-85.1245357348
7158,-101.5866841509,-82.7273259938
7159,-107.2625841174,-80.1838807040
7160,-110.5676016288,-77.5800543119
7161,-112.7343681397,-74.9355882090
7162,-114.3080398682,-72.2436204869
7163,-114.4140755716,-70.0007385989
7164,-114.6325031936,-67.6967922053
7165,-114.9353088752,-65.3425739707
7166,-115.3025165813,-62.9501948359
7167,-115.7195013863,-60.5328585237
7168,-116.1753132965,-58.1045432767
7169,-116.6615940321,-55.6796172020
7170,-117.1718552329,-53.2724174274
7171,-117.7009845268,-50.8968254905
7172,-118.2448997086,-48.5658705404
7173,-118.8003018900,-46.2913876962
7174,-119.3644964580,-44.0837518172
7175,-119.5111541789,-41.3576849080
7176,-119.6546148856,-38.6662841980
7177,-119.7831475276,-35.9885938097
7178,-119.8935190095,-33.3135547711
7179,-119.9853226918,-30.6344089843
7180,-120.0650442502,-27.9294476336
7181,-120.2163758260,-25.1957062662
7182,-119.7889728683,-22.5279675360
7183,-118.8186043074,-19.9446003620
7184,-65.9413132977,-84.3314007473
7185,-83.5534083584,-82.5054299909
7186,-93.6814677059,-80.2582638346
7187,-99.9180061488,-77.8124705427
7188,-104.1092886335,-75.2475349478
7189,-105.5547369666,-73.0436849416
7190,-106.8003773658,-70.7880227211
7191,-107.9022730105,-68.4876184887
7192,-108.8973039086,-66.1499737188
7193,-109.8107270671,-63.7830551805
7194,-110.6604292206,-61.3952498427
7195,-111.4594416170,-58.9952695985
7196,-112.2174906521,-56.5920233113
7197,-112.9419885883,-54.1944689732
7198,-113.6386861853,-51.8114566626
7199,-114.3121142352,-49.4515717557
7200,-114.9658894255,-47.1229867254
7201,-115.6029307851,-44.8333285472
7202,-116.2256158946,-42.5895671642
7203,-116.8358957255,-40.3979287029
7204,-117.0548732646,-37.6603648693
7205,-117.2592571110,-34.9505191281
7206,-117.4421119743,-32.2513921733
7207,-117.6017068733,-29.5529917011
7208,-117.7869121398,-26.8452219564
7209,-118.0628871317,-24.1088909559
7210,-117.0416596530,-21.5274702530
7211,-49.9004089507,-82.8499117316
7212,-68.1071573933,-81.6311792677
7213,-80.7985910014,-79.8005553019
7214,-89.4307506310,-77.6138158305
7215,-93.2804959566,-75.5610042147
7216,-96.3020989455,-73.4302301288
7217,-98.7490286977,-71.2375213548
7218,-100.7838812564,-68.9948121253
7219,-102.5146520095,-66.7118032325
7220,-104.0154199993,-64.3969447524
7221,-105.3384884038,-62.0579657010
7222,-106.5217427241,-59.7021580948
7223,-107.5932525656,-57.3365218415
7224,-108.5742349009,-54.9678279778
7225,-109.4810138374,-52.6026330898
7226,-110.3263484405,-50.2472647468
7227,-111.1203522710,-47.9077906006
7228,-111.8711428997,-45.5899796177
7229,-112.5853090022,-43.2992613075
7230,-113.2682518065,-41.0406870599
7231,-113.9244384618,-38.8188964416
7232,-114.5575926629,-36.6380903237
7233,-114.8242960503,-33.8885063784
7234,-115.0689067120,-31.1601235669
7235,-115.2874518507,-28.4388244166
7236,-115.5809465753,-25.7322776211
7237,-115.2510358664,-23.0785373378
7238,-39.9058449566,-81.0295904723
7239,-56.3664418589,-80.2970326616
7240,-69.6921321077,-78.8963811427
7241,-76.8760666201,-77.2185337932
7242,-82.4735545813,-75.3712477010
7243,-86.9051087515,-73.4000458501
7244,-90.4815090969,-71.3358012651
7245,-93.4239531567,-69.2001167808
7246,-95.8890641849,-67.0087990797
7247,-97.9887034980,-64.7739974767
7248,-99.8039156578,-62.5055095955
7249,-101.3943818735,-60.2115831507
7250,-102.8047817751,-57.8994127997
7251,-104.0690995548,-55.5754500375
7252,-105.2135729467,-53.2455964878
7253,-106.2587415924,-50.9153232772
7254,-107.2208912863,-48.5897429769
7255,-108.1130875589,-46.2736509646
7256,-108.9459260965,-43.9715471897
7257,-109.7280850880,-41.6876456763
7258,-110.4667370654,-39.4258767466
7259,-111.1678597214,-37.1898853970
7260,-111.8364731603,-34.9830281949
7261,-112.4768229254,-32.8083703162
7262,-112.7725902211,-30.0447933160
7263,-113.0413335972,-27.2963094390
7264,-113.4461474394,-24.5952952390
7265,-33.4354112698,-79.0516023205
7266,-47.8158656317,-78.6810693521
7267,-57.4985277301,-77.6350220767
7268,-65.6187654171,-76.2901822007
7269,-72.2977948086,-74.7146566752
7270,-77.7682942764,-72.9638778730
7271,-82.2704112272,-71.0798564223
7272,-86.0106011413,-69.0936576354
7273,-89.1534402256,-67.0282988273
7274,-91.8260314513,-64.9011248809
7275,-94.1255003413,-62.7255349339
7276,-96.1260725225,-60.5121780014
7277,-97.8847927849,-58.2697659707
7278,-99.4458711678,-56.0056241301
7279,-100.8439027405,-53.7260647668
7280,-102.1062324760,-51.4366418120
7281,-103.2546922304,-49.1423251780
7282,-104.3068824664,-46.8476205031
7283,-105.2771247970,-44.5566515271
7284,-106.1771758576,-42.2732167504
7285,-107.0167671267,-40.0008283616
7286,-107.8040168712,-37.7427389674
7287,-108.5457473590,-35.5019600109
7288,-109.2477312828,-33.2812746243
7289,-109.9148848200,-31.0832468751
7290,-110.5514201177,-28.9102287996
7291,-110.8617764133,-26.1296838410
7292,-29.0000000006,-76.9999999995
