-1.83947827864998,-1.85991249913642,-1.86652656460202,-1.86830018323992,-1.792741644007,-1.26033481233136,0.599461798921875,3.217867203255,3.29407416636281,0.864627830694639,-1.45636924536989,-1.769151611381
27.1548856784918,26.4202395285706,26.0785800558707,27.1610716976056,28.2932994591407,28.4045019525261,28.2198836912165,28.1687505348725,28.0441511575648,27.9060894551409,27.7373059164042,27.5444869333167
29.4893048718227,29.6581908703406,29.7531046575471,29.3871338084777,28.586747589707,27.7576317023629,27.1674436828506,26.820824590515,26.9584494065603,27.4340909521215,28.3204052858657,29.1103383781048
14.6009300551537,13.8025267520977,13.4130845229432,13.5337446002441,14.7187803103239,16.859891470797,19.1523330521592,20.8591233057683,21.1447984303261,19.9728955885956,17.979741454927,15.9968664040986
3.46423325639139,3.92006935887542,3.33438304625142,2.42588933815594,1.63457109872903,1.06980616940988,0.689805754213679,0.398529690706988,0.267364948687663,0.360885649352723,0.899357452243869,2.02808127157081
26.3959582756733,25.8808835900466,27.0476374934002,29.3629829749668,30.6000839877066,30.0650424719022,29.2300667856567,28.9006393402181,29.1788148420393,29.7235501939577,29.1180542251967,27.5982743354346
21.1821024801031,20.459138723579,20.2170996345459,20.5533932497119,21.5453291996832,23.1737171857469,24.3957200196921,25.3776175323336,25.9803370010047,25.3768487268787,23.980834064107,22.4066526657251
1.2417550361604,1.67504852124114,1.50465804472187,0.967131014325121,0.375161474245933,-0.244659598920666,-0.758097790078819,-1.15286575270254,-1.34978897090876,-1.27319382669166,-0.714864869105126,0.172673113716003
27.9310975396352,27.6507190313344,27.6924779773112,28.1709731038453,28.7792540463978,29.2218079597904,29.4335278112005,29.525738585921,29.5553011266798,29.4401635128242,28.978869455177,28.4346624818562
25.309229284639,25.9235876070462,26.9316511819481,27.6405533107372,27.428778091427,26.8129177467016,25.9913032409684,25.2024827765202,24.9752619384933,24.9751265237308,25.0660936798769,25.0880264389775
19.0387007397495,19.6664192073657,19.3699984052167,18.084482772979,16.6750792867554,15.5935252468443,14.6346797896622,14.1055788162713,14.1737044267744,14.8874767655125,16.0566770813017,17.5312251422731
27.2856399796533,27.211098552793,28.1483142310342,29.533504408353,28.4990824296139,26.9060193679401,25.6729811578593,25.3786200391068,25.83092087322,26.815051076525,28.1238660826222,28.2988835292661
27.4625739245968,27.2938601827406,27.5312260084456,27.9342374025656,28.1663455151624,28.1168510361962,28.287551989256,28.7849386350948,29.0516813301956,29.0085632643776,28.6101310367361,28.0393311766008
25.4092773512312,26.2263630625382,26.338265173562,25.3750224789871,23.9406065138454,22.7393981430367,21.7769216613075,21.2044852353256,21.1033715529945,21.6363801300398,22.7895346538694,24.2105590631257
18.3807637449651,17.3486005769908,17.1144159421047,17.9410601608614,19.5145316734488,21.8338691324675,24.9997809745643,26.5548880930453,26.3614873652961,24.6676992099379,22.4414228479499,20.4007474262265
12.8470553671163,11.2066105163214,10.8586707045567,11.8773632948555,14.5074585534791,18.9067079111206,23.3992309307347,25.2033307742194,24.1183739034557,21.4208421713474,18.1990462475468,15.413368918939
27.2401348857071,27.9036329123671,28.2688883889852,28.3467587338059,27.863462409452,26.7663832748015,25.9735268281916,25.6907501164563,25.9767740293277,26.5057335070791,26.7514948410135,26.8407876592908
-0.570820770278806,-0.936681957840316,-1.64445890575342,-1.80887830279165,-1.82399309476502,-1.80791755964184,-1.79645905478713,-1.78746002628227,-1.77264928109819,-1.79008883131496,-1.79850125962542,-1.38461618626455
19.3788451534548,19.846665098911,19.611730596668,18.8181029685096,17.7012728828204,16.428464667385,15.347783915002,14.6092351017233,14.3065871298539,14.6959688292005,15.9767795214969,17.6632176338167
22.8652957432185,23.8049828715931,24.4443770361272,24.4075114821645,23.9708496765766,23.1911792941241,22.3287842170727,21.6647829700916,21.3432274508325,21.283929530047,21.5252365443536,21.9788495047066
27.3652075238558,27.8906236772549,27.6190981660217,26.5863161006528,25.209625671353,23.7690749412323,22.6343201561343,22.1812132455043,22.4966411115822,23.4003209881528,24.7177519290688,26.1181927175431
15.7150916276817,16.3391578810079,15.9575529369865,15.0112510270196,13.8405597088461,12.7618108773156,11.9616656036392,11.5276694776005,11.4188609285079,11.6873610025869,12.5859565698741,14.0633627291673
15.0997117347715,14.2854711957739,14.3889035176673,15.5838769885219,18.1840701581055,21.4656929641106,24.3823307435012,26.0512019450584,25.1022027298612,22.5263350850014,19.5706291139193,16.8238923372459
3.24227046191834,3.69405837035804,3.58292304117302,3.0186616040995,2.34351917596375,1.70985113000284,1.18378475401725,0.791497242166514,0.637776157320603,0.736417572892651,1.31287570979072,2.32156994404628
13.5150577706918,11.6233690632196,11.135132424176,12.3859929222172,15.4500366276176,19.0451685380575,21.9829481376771,24.7020578744617,24.3346438474538,21.4324630854422,18.9378637361954,16.4201399515922
28.7865759071922,28.7668410619321,28.9619737190541,29.1092829882925,28.7589939638376,28.319735172805,28.0690226488363,28.0550198745336,28.0789979897271,28.0962572223332,28.3503081686892,28.6282058376504
15.5777342738397,16.5244871078522,16.5009452000393,15.662103616089,14.4575910967097,13.4097846078444,12.6596045465365,12.1219986047332,11.8454313722474,12.0533760929185,12.7842076616827,14.1812626608308
29.5681410604159,29.7687043732297,29.5686635445931,28.8813019500764,27.8293811086111,26.875628016841,26.0919029121246,25.6873227939319,26.0608095271003,26.9329955967084,28.0221914874552,29.1491361361286
-1.95828422411171,-1.95978334980737,-1.95831425516022,-1.94779646639648,-1.85571636792327,-1.34641033815343,-0.152337779755293,1.2204966401617,1.40575588102826,-0.331508347035055,-1.78001210295617,-1.9437915329946
29.6062029198257,29.5165059810853,29.6200241724418,29.8327009339584,30.087497349318,29.9923693597299,29.7205372929995,29.5886238967617,29.7387763704477,30.0576172187525,30.1517119769995,29.9560739133987
26.4733584426902,26.4217551120335,26.6353793067405,26.9298316485774,27.4212184668819,27.8404924548619,28.2080917838287,28.3249674455306,28.330820450956,28.195441499278,27.6389736299269,26.8696274581029
25.6254592911779,26.2773969909508,26.309927371112,25.6039146903398,24.3608963951792,23.2857738010317,22.4370104154468,22.015182466054,21.957345545899,22.3032190561124,23.1672610041358,24.3892121745479
22.6513782717671,21.415255714311,21.1918747097703,21.5568563439528,22.3140774645232,24.3704602020864,26.6351066497417,28.1408492741382,28.8984513748856,28.4362852009735,26.7721557297395,24.7014684685591
19.1927325050937,20.2077836088529,20.0823525117272,19.0428267743559,17.8588248358808,16.7552141353711,15.9921031426372,15.608023532155,15.4945315375007,15.6682242157785,16.326941612038,17.65163228182
14.3089517120287,13.7770889299047,13.7326882309943,14.2835590523096,15.5320832357182,17.5302001625915,18.9991389612531,19.9144033020483,19.6877028532122,18.4684669626532,16.7569760462959,15.2487647316274
27.3728905386074,27.4221990895315,27.9299727740935,28.523144819617,28.5938726745805,28.3268466600147,27.8589056533427,27.4958860856615,27.3387735560696,27.3469584492188,27.455765958857,27.3370495286689
19.1813889544435,20.3094314864339,19.6866009422543,18.5121611458089,17.0009325775059,15.3546498450872,14.2406356623363,13.5503652333586,13.3819879399844,13.8397200380896,15.1159613954285,17.1778415150959
5.3376483828719,4.87118778513711,4.66113248327269,5.07508531177124,6.86018581124618,9.7582947506772,12.560026088962,13.6723093034019,12.329799080256,9.78727305638919,7.64816297140314,6.20272138180936
3.86292137274379,4.15453757498494,3.91554135109956,3.09302378607873,2.25714068550162,1.72382438907085,1.29550138899496,1.0070569537836,0.937533341660501,1.1087511798981,1.71829229657299,2.7704174317446
22.366835213478,22.0086667301608,23.3043852561334,25.884518611933,28.5205090589162,30.259326949731,30.5448666949816,30.600710948291,30.2191083756443,28.5934293621005,26.4391618617966,24.0317350091115
0.938300119829216,0.529524414809652,0.349593619011863,0.302938682736347,0.717986557753005,2.3181733566904,4.28002131834781,5.35557620172425,4.72981258853039,3.15684373651867,1.89994238129848,1.3742627638866
1.01536448291849,1.28353824221339,0.477253462402164,-0.491024315711975,-1.17813587604404,-1.45204086634038,-1.58213570146609,-1.65410254942114,-1.69163232022826,-1.74229998449254,-1.69043486387556,-0.697472256040164
2.88763541098336,2.31127812676414,2.15939210963162,2.48838045321134,3.7329283087416,5.98157724259783,8.66694257980139,10.8602935947212,10.7234334952084,8.43387116349667,5.90222384584283,4.01583259180593
25.7825877133083,25.2888427200927,25.6593390896968,27.0910223169177,28.7101412961854,29.7723931013419,29.85724685661,29.6208760881838,29.5185249397727,29.0551955606074,28.2064490269975,27.0158096913678
23.8883064145859,23.5119995362495,23.4958303951512,23.6856524760769,24.3008910429572,24.9003755404228,25.3119455138678,25.757396070065,26.0460366328949,25.8879801822312,25.2577393904015,24.4131643822492
3.56264255612609,4.09457904005817,3.7403565533881,2.91221861628967,1.91381963536499,1.0375566160488,0.346297412654895,-0.119262150104472,-0.345819023211932,-0.0795407894076346,0.814644727922381,2.20479988782968
26.7960538612779,26.436438078497,26.4049124719424,26.6941381335254,27.1786564716271,27.6243975063588,28.0323824868037,28.1766102259122,28.5362093567339,28.5933984656873,27.9932339462534,27.3996077915181
20.2071768764572,19.7995052076578,19.7157852919222,19.7934841636801,20.3367920728036,21.0044405396557,21.9330985699061,22.7916426013191,23.0998563745775,22.7923447132242,22.0275894445523,20.9439649288094
28.4835258215645,28.7807480096339,29.3953594894789,29.7933889235566,29.2234613381086,28.0327916795992,27.311792209964,27.4593175443824,27.8628088860961,28.2719535255391,28.5311789635631,28.5015847969765
28.6999596356454,28.4162344974073,28.5478218119758,28.9584168433272,29.2449581617288,29.1991433783757,28.9641505206412,28.8746584451215,28.8689093462305,28.8244638074107,28.9248162822401,28.8440749695531
26.1228873541546,25.7503211345994,25.8746814003229,26.4529119894324,27.3815553596973,28.626104745011,29.0735241484518,29.3656166128591,29.4901921246114,29.192066893755,28.1021217519394,26.8972375508363
10.2866556461354,10.6236811570111,10.1715579605868,9.48010801866835,8.82395496082122,8.25826332980003,7.95230308078059,7.87800950701756,7.87543982428666,7.98387293024091,8.43891988066362,9.40317890530788
24.6025755667868,25.4117968432042,25.9682619121246,25.6317209379383,23.4185993883599,21.581033335653,20.5816680123699,19.9627374199425,20.4245626348264,21.4458733361428,22.6755363486324,23.6884042933325
6.38716615047753,4.97261893675893,4.4557520591052,5.03075229999429,7.04804825577543,10.0634212961265,14.2105455217669,17.2763544034566,16.7830774099253,14.2090162450761,11.2049177366218,8.67826204665096
10.786876161284,11.4539769900671,11.3275047349675,10.561372768275,9.6455198158896,8.87941418505468,8.23793784766712,7.82892301059959,7.70631954979024,8.00938618253271,8.69565353453719,9.75581323214286
27.1750439284773,26.9763673476868,27.1093527269015,27.3859957629914,27.7646777802421,28.0858008327096,28.2382773934485,28.5193046758734,28.8310876029814,28.8092114802608,28.4105654800865,27.7163664345036
-1.9534912958827,-1.95597421756063,-1.95694196463189,-1.95559537217179,-1.93991818931159,-1.86103000137231,-1.76459952528295,-1.75991712881032,-1.88119322040441,-1.93427073525964,-1.94656536965905,-1.95167369153588
18.8430988823109,19.687977891551,19.4956588233545,18.2171034373189,16.8536784524054,15.6517351610923,14.5690923847367,13.8559204380778,13.5908728428377,13.931284832536,15.14926624093,17.1001795574224
29.182518906094,29.1224461384292,29.2840283923259,29.2631591458616,28.8603412320166,28.2094847316763,27.6773033042282,27.3981641060766,27.4479175893268,27.8913861980984,28.4964583063615,28.9160351874805
28.9831613929292,29.2848107034981,29.0504845292009,28.5182892172766,27.5425452693151,26.1380089658477,24.8492391028255,24.2589472498753,24.3773086541592,25.0614905952716,26.35665378079,27.9065910135267
24.0585249501856,25.2861216468341,26.1623897161504,26.2927561789833,25.4693405146611,24.4973599051482,23.4409798757696,22.3925728344755,22.179063633621,22.4997776112657,22.6080641845353,23.0263767143727
10.9366670248774,10.1493441787045,9.84701480097362,10.0429693760981,11.0768424891749,13.1682852369196,16.851166825678,20.2640642074092,20.0075940690103,17.0088136668345,14.4140509598226,12.3890851392627
12.2226844294427,12.5873568118046,12.4998471140354,11.8066031421684,10.968167244626,10.3536519353782,9.92372318898189,9.67350899376403,9.56484946934981,9.70409743210473,10.4660098779991,11.4801749032338
26.8793752817883,26.9411468785828,27.3643504292961,27.9642013090583,28.4737211167197,28.6714591888592,28.4219696232571,28.1942767306427,27.8975916671304,27.8853348330775,27.7064809390458,27.1890373070608
28.1434361333775,28.2624034916419,28.4612343968726,28.369390523639,27.9932831231748,27.380644419145,26.7464906781524,26.3586177317538,26.3609695149091,26.7832724683747,27.4664851121483,27.881925966666
0.684962896168272,0.880988045027843,0.334090606986661,-0.629314684726061,-1.33718334493901,-1.55552142565176,-1.58194141123295,-1.57391639549911,-1.61086312218412,-1.65640615682278,-1.60858074956346,-0.536643520038694
18.5412793966928,19.1741986116486,19.0998183323778,18.3747306192684,17.3301839293973,16.2466740620537,15.3440254502504,14.6862245572929,14.4327731567645,14.7355772897109,15.6928468424956,17.1621972065166
25.6615224030301,25.0201944476332,24.9980777809602,25.3935495720433,26.0539546882399,26.6194823337807,26.9746533152636,27.4967731590809,27.8635344975491,27.9258079452448,27.4700591664034,26.6086800290063
26.7561990460474,26.4121609381579,26.3846502973008,26.8416140745581,27.5624438311068,28.5411891424475,28.9104425004523,29.106862243428,29.1351402165864,28.818453103587,28.1229725971272,27.4209916182964
29.2656687491482,29.5902469401171,29.8900502562201,30.0545456848305,30.2446139769436,30.2993784160484,30.0677847699624,29.8701404760566,29.6069958091995,29.3732191564664,29.154107183136,29.0860863998944
26.7751018680034,27.8932133454785,28.5786642803835,28.4871969121487,27.7100274685006,26.3772494671899,24.8943387549671,23.8523682237279,23.605397620869,23.9305113562456,24.6867543092136,25.6046685887464
-1.46237511487044,-1.61833971318171,-1.71779529885565,-1.78251579107165,-1.66954111730469,-1.03939083436959,1.28655641445363,3.83121944156877,3.87599111898567,2.23349899705046,0.362546311304454,-1.0087973376224
21.4855649262997,20.843488532558,21.4858844128449,23.2667791017817,25.9542464010304,28.6668410311463,30.2226034719819,30.7536982961679,30.0268939749366,28.1032821166045,25.4956063674112,23.208549088548
1.28326044208207,1.58194150320821,1.09804728081229,0.417305532310821,-0.22849869725505,-0.615625391818171,-0.846388994548362,-1.05627199579921,-1.20693809682403,-1.25797808819443,-1.02241898452421,0.0505646723386542
6.91669807747062,7.40642419180653,7.2518675560264,6.65081008787592,5.99529694019146,5.40634101713224,4.93473323280261,4.60416904182835,4.43146104283974,4.62304328959985,5.23598953657144,6.01124852634488
24.4751292807598,25.5922175505663,26.3105868241554,26.2080448191597,25.6314161140718,24.6600594170955,23.7116790056044,23.0647077802421,22.7632568853018,22.8324715773436,23.0648912888813,23.6066265900876
29.1510491855924,29.3092148516636,29.5955061027136,29.944267544342,29.8660604279848,28.9398750161137,27.8699978702361,27.2245768137993,27.3068642840035,27.9622607265649,28.5401714319229,28.9882839158282
21.0516468987545,20.2317239182894,19.8405397028369,20.2934354657132,21.9541470549013,24.5137757113125,26.9146750627375,28.1150117404731,27.8129447340187,26.2260236748862,24.1901395680079,22.450475341569
24.782809025098,25.2774130414936,25.2710016095096,24.8190106870239,23.7783586889646,22.5084973729164,21.4512848306547,20.7435792633106,20.5057504112425,20.9825213182967,22.1815183595984,23.5126657055724
3.62507888399076,3.91874179384639,3.57388191177601,2.81651677283306,2.11429146910377,1.60882809539668,1.17882133632547,0.847956661154953,0.646452926249988,0.644763135753792,1.12798103021616,2.2612440508584
25.5266529872133,25.1761652070116,25.1892141948312,25.3558926652492,25.9913963899148,26.9866308269609,27.3881939441686,27.7731493470892,27.9984072699694,27.8275521452655,27.0240970615885,26.2031740549974
20.8511552292199,21.7322041137333,21.3245915840567,20.3305012559508,19.0218964495288,17.670081306036,16.5883629386824,15.9748098223027,15.9056497990435,16.3962707745773,17.5493833971609,19.2258468797538
9.47653486940554,9.04171959495618,8.95946903669874,9.49154402823867,11.0962055018432,13.2100123722612,15.0970498973614,16.2105505928971,16.0892282383998,14.3440591461689,12.2373358575992,10.4648004749258
8.84427967028881,9.19548644779844,9.11421278061914,8.79480636154881,8.19510246046769,7.52786682643845,6.94488067240639,6.47142310750355,6.21122201258894,6.31782984802632,6.88546589217661,7.97992831473633
21.5659265331189,22.1932807374957,22.3099608481755,21.6781970054001,20.8059053036053,19.9729021041071,19.0931031039123,18.4923059873319,18.3098325207914,18.455629052925,19.0751818183886,20.1888696923156
17.8311122098169,16.87234020603,16.7113750876815,17.5111134937208,19.668122632902,22.8797221781315,25.9373274335839,27.6001435601527,27.2440460201654,25.049969058774,22.3913824612532,19.6769827278465
25.2741392107972,26.6825038363045,27.4241397677256,27.1042527633812,25.9361545243483,24.4477586158519,23.1756247228974,21.9999804261129,21.5310084960409,21.8824767181334,22.6501400959449,23.6226854624349
27.7405474763899,28.3563477798548,28.0775029868939,27.1366684821442,25.9056199500798,24.7217769097304,23.729470978129,23.1578052990103,23.3641118250448,24.3145704881367,25.5570813224345,26.893720445944
5.97194176892186,6.20967255468048,5.85877093005644,5.23017195312434,4.6518212429092,4.2829394477688,4.01458391047436,3.82675711197385,3.72664352813629,3.87956302401924,4.28593926325965,5.13289126863876
25.217125003051,26.1529530364889,26.086783845259,25.1779908429899,23.7322210610244,22.4492228386611,21.4338085401387,20.814486650279,20.7600463459561,21.444900481443,22.7324433221891,24.203151065923
30.4209700562023,30.2771444359359,30.150842760792,29.6984022283388,28.4036255128335,27.1540718124452,26.2157428972496,25.9054894201606,26.5537480792521,27.6572204999747,29.0801350955615,30.3798961976807
20.6059855834387,21.6225040739636,21.4333852497039,20.4116170266348,18.9470895395317,17.4963821356602,16.415021867576,15.738348625223,15.571598537431,16.0955068192541,17.3048233565382,19.0445008881916
26.9172063881497,27.6134182577245,27.7544572478265,27.1669717008718,25.9155143404244,24.6420288563595,23.6933157757948,23.0911205116359,23.004974631181,23.5380828668212,24.4913150871725,25.739202623663
10.3731340296092,9.93518850943741,9.76111028335816,10.0654387444548,10.9187190921332,12.3842527166662,13.9923113970606,14.9143382262397,14.5590515702634,13.2245544936698,11.9720508576178,11.022183999247
12.2999957753729,12.7333128219146,12.4679102864815,11.8238358591899,11.1096567174706,10.5875477019996,10.4191306447071,10.2386352900564,10.0686152020125,10.0904319923245,10.6306155675999,11.5185951879392
20.9426027551525,21.9546063596538,21.3393484125859,20.2663629889522,18.6232330439427,16.8824726950084,15.4722841617075,14.6586248722835,14.5642496085777,15.1689117587211,16.6436157254944,18.8782900480394
22.4883336462133,21.2583820297934,20.9172724241896,22.1595006665143,24.4074824040641,26.925890833684,28.5329556449102,28.7365548374072,28.5749281372128,27.9662547196529,26.4633683205352,24.541135358873
25.553560572962,26.0780972482268,26.7396359704422,27.023809483607,26.8990427634231,26.3272024721472,25.6411063498028,25.0860651985558,24.8259498051589,24.8156270575208,25.0100528582554,25.1807686953457
13.2932735680953,13.9218006395429,13.5680687230173,12.6760264160874,11.846077418159,11.1669158967739,10.6735687592863,10.3189992398132,10.1942000786939,10.4106224265237,11.2043314520996,12.3172965341051
4.30718236844646,4.55889892559521,4.32830895723205,3.71136376214253,3.07144008442162,2.60866261601766,2.22864574905002,1.86263089713993,1.67610579129788,1.79717041419684,2.43499574296273,3.47169494299862
24.2001030999701,24.9140349821519,24.7634990192549,23.9138615872082,22.6875916600316,21.5447102658196,20.7091971434267,20.2932870331245,20.2494965866902,20.5240750851138,21.3236997083975,22.711807214609
26.9033574181102,27.1016211760339,28.1816355352084,29.6961617674501,30.0712793366448,27.7127394887402,25.729217511493,25.3858543397677,26.0107457693766,27.4617635445779,28.1314941430309,27.5273082046958
29.0741771795024,29.1146876765571,29.2315799478457,28.8788645249457,27.9422179572667,26.8695257603348,26.0906216776255,25.7945650762617,26.079424063864,26.9128694038442,27.8991026885808,28.6250391077943
24.3174283411283,25.1731924333635,24.7881827989446,23.7249302154576,22.170507668195,20.7461811035727,19.7982651043333,19.2106631451408,19.0864174456598,19.505916029398,20.7537530295546,22.5392033627942
22.5104727007782,23.7250950209436,23.6121729544422,22.5009308434464,20.9540375342363,19.4555867086139,18.495090866665,17.9371778758323,17.8246671895217,18.178935481455,19.2079956471439,20.7044240242233
-0.404205401524008,-1.04980282489245,-1.35622113472097,-1.37778355606518,-0.236370707903065,3.40725026577633,7.07022664763348,8.97310220243617,8.15707519982243,5.11565648579778,2.59863385497827,0.709316954314291
3.39163095183152,3.77551564889305,3.16605505112897,2.13914457761265,1.103861915383,0.292628850591699,-0.289790354779703,-0.575981782975314,-0.655135730592324,-0.413378787529001,0.349068938311684,1.77403835244572
29.8907260240143,29.8744270626883,29.8024212693973,29.9217916302149,30.0584464699833,29.9094091952313,29.6386651068974,29.4311852584009,29.5600570449649,29.8120877995562,30.0763634646605,30.061594682707
15.203846315827,13.8035072531552,13.1400968923075,13.4461444224389,14.976204247304,17.5272358091897,21.042658403087,24.0828295884514,24.4955081471628,22.3734327567978,19.8672910439476,17.4395071916394
7.73066273665012,7.20687859024072,6.92926127964628,7.02488042763942,8.05402976152206,9.88051819778212,12.6646293413221,15.2126956316225,15.2478904756005,13.2165799951466,10.5891351792177,8.75507316835343
23.7240611955609,24.7665142219347,25.4305779333799,25.1675401012864,24.3891628836066,23.0604242388593,21.8760362360728,21.0617504881889,20.6695039985644,20.7961174972495,21.5783005632514,22.5625635846402
-1.86443207995418,-1.90387044032682,-1.92275076750445,-1.92658646012674,-1.88805140150349,-1.71958526440298,-0.852233720877231,1.1370333174547,2.03971195840061,0.303675382176466,-1.33563473048514,-1.75674283292156
28.8754831298631,29.1284961035078,29.7327883814486,30.0404295029936,29.7337110330556,29.5202552996346,29.2113496986768,28.9733641765628,28.8688430518768,28.8171590316041,28.6890080276935,28.7018136393524
25.59450027626,25.9071735959106,26.5173043532991,27.2665565696295,27.1726649406894,26.8429960574849,26.3371286526274,25.8132297178749,25.7849621970774,25.8818956975928,25.7606985257509,25.6145015921897
26.686822414435,26.9217356425615,27.9007388456428,29.3493803409091,30.2397932347842,30.1917579157943,29.6354915397003,29.2542508662858,29.309221492778,29.2831041815286,28.3050100015982,27.2027978219736
16.7390763364565,17.6076807274844,17.307509912096,16.1765984584888,14.9087696764781,13.6672281834711,12.5837275290938,11.8669346967956,11.646325344537,12.0456775011527,13.2278832330295,15.0206298156002
-1.89795583591496,-1.88778257008622,-1.87245231713074,-1.87041185244588,-1.88105435924511,-1.8087332015777,-1.64933265236692,-1.51873354902905,-1.64471618469883,-1.84656466276956,-1.90551387774389,-1.90985301311299
3.47901284934163,3.95172328926733,3.83587346267878,3.41212205976387,2.75284053177422,2.0380028851952,1.40860031590482,0.936801868031189,0.747752662476618,0.926447524402395,1.53318060643726,2.49133693498237
30.095995642828,29.9291846154753,29.8378862976101,30.0263299317978,29.9113601805763,29.6034649942562,29.2123560331102,29.0776816432407,29.2564374043985,29.5947866594125,30.0263747159377,30.3288067919003
20.3192460925721,20.9306444078718,20.9357493631578,20.0061825743236,18.8677805390491,17.7447547150112,17.0399534087607,16.7410731184005,16.7584595529604,17.3369089514211,18.138866370411,19.1717909864735
2.21880597446011,1.58393237173124,1.18052923240515,1.3039743851899,2.56648434316503,5.16498381366232,7.94946987552582,9.43019226150304,8.43454530082557,6.35416819839156,4.54981762382749,3.19397779024676
28.3335083969715,28.1110215674475,28.2583195460386,28.8059768389051,29.3993829660782,29.6928637431544,29.5843054928074,29.4811622522804,29.6554452212073,29.7598638123973,29.5189847895129,28.9303412377842
27.4984255174667,27.3133563258843,27.3422263399104,27.4650483320142,27.7669314912047,28.0686322266654,28.3610972893657,28.5900014156543,28.7700722819293,28.7756019388287,28.4893627698288,27.9040841761704
23.1313425688458,22.4683746723767,22.3754464869171,23.0698820853575,24.8780944054957,27.3293904809806,28.9948170779545,29.6468774565079,29.1514020254882,27.8156044152577,25.8585680036113,24.3047801428588
26.9436921480588,26.7102940500114,26.8953437050613,27.6610638866631,28.6736915126055,29.2805037109009,29.3262909276451,29.6273326750462,29.8581097672718,29.4428030151799,28.4791585020989,27.6026927715998
0.0971523404760583,-0.239965395707803,-0.251420900255599,0.0685471601614943,1.24098303560652,3.6690817297192,7.04230917298829,9.62718589545679,8.6113848677292,5.6215445394156,2.94502314278336,1.07510188993657
22.1189441792275,23.0994288012925,22.4817185387734,21.2213568748465,19.5716365730614,18.0959754994796,17.0289834821243,16.3851412129282,16.2261837841153,16.614720976925,17.8831840439722,20.0320958205778
21.5993943792563,20.7878196855017,20.8135413152462,21.476443866091,22.6569346072757,24.6305537818146,25.6144914164055,26.2830462916688,26.7017054412491,25.9185219664254,24.4544869560343,22.9805557999735
2.99843107688026,3.48980307156157,3.39946304725294,2.97057598452441,2.38658280575573,1.77755993475315,1.31367256596042,0.983744469269616,0.84115826813747,0.914129349218128,1.3573392345081,2.15919094528256
26.5898328211629,26.9706911530066,26.5349589400235,25.8184029481131,24.5585918318389,23.2145806673337,21.9914422071283,21.4222644912959,21.489240964526,22.2584946033795,23.6338134343886,25.3611347886696
6.96832300842653,6.15257025060105,5.76776864293829,5.79215130837116,6.67839240136267,8.64050126174888,11.6970367663717,14.8277809362368,14.8168505085263,12.3685375561309,10.1708174044632,8.24835425440283
28.3752640929677,28.8889039294212,29.4659495917631,29.8944352551099,29.6097727491323,28.941989720206,28.5657365834685,28.3698105935926,28.0583055350006,27.5860312722062,27.3811448903318,27.7315837265527
11.1454087880216,11.4174118436648,11.145350734775,10.2733347543068,9.37989340504808,8.64719583682421,8.0598451367579,7.66472016245288,7.56997382553477,7.78654867508096,8.67742257012411,9.95802427547531
27.4805730193002,27.2024581366681,27.3615400977404,27.8611204252491,28.5944143718551,28.8060546344171,28.918065252778,29.1240085032872,28.8093191525267,28.7499482860513,28.6594897024315,28.0742550459063
11.4074160396156,12.48111898853,12.4483755350303,11.7620343910705,10.6581370201796,9.44265895315916,8.51528104862428,7.96168522763235,7.86617560362787,8.06037720019254,8.92312190949803,10.2433116547686
15.6098179735762,15.3115356650612,15.4578587074635,15.8895019998418,16.7142276277641,17.7130069398342,19.0481710779257,20.0555593928429,20.2803496444002,19.5109570021716,18.1197835303391,16.5219899087053
26.8077892237172,26.7492006068625,27.2743188871766,28.6288725907138,29.8302777707753,30.4225488888861,30.2250989724431,30.012356027039,29.9326907701242,29.3664979529958,28.5426818643775,27.5439604568826
26.925020021863,26.8975784392124,27.1658639373008,27.6493631298439,28.1351789066289,28.3445104721155,28.3572295417339,28.2136187525428,28.0763801809525,28.0658930547657,27.7992962776229,27.2534462755703
23.8100897169785,23.0178577154866,22.9024681918429,23.2222061846596,23.8499395843219,24.4941413870088,25.1852450355885,26.144525598276,26.8460237558719,26.9345831179935,26.2874553139458,25.0827025708421
29.7974126751784,29.548133537156,29.5877650545962,29.7694381433586,29.8862657802586,29.7591214840639,29.5691826948052,29.5246514797241,29.6502807658375,29.8504662633951,30.0489733357694,30.0470373202414
25.1517774743795,25.6982610850661,25.3643894532532,24.2176069852261,22.7993853763658,21.4680878390585,20.4475473644281,20.1501059846962,20.3359941553035,20.9875040220962,22.1829754152259,23.6887525216569
27.3824189061376,26.9726863166415,26.889002713792,27.1572055277622,27.8863644542165,28.4519980622382,28.0439935191112,27.5404979383946,27.9109198860716,28.7514281703714,28.7498863737222,28.1420736302666
26.4002889170553,26.7504811862344,27.1216520133304,27.1335789660244,26.8800336545517,26.2765546167842,25.679756685732,25.3044759278902,25.203039197462,25.4266541170233,25.774454584975,26.050892581646
27.983449240865,28.3029636215596,28.3047466876261,27.8255580363536,26.8440800141135,25.6836452917159,24.7507304374105,24.2025954936411,24.1324887089132,24.8544540640717,26.0481974544728,27.1348491171053
28.9988031821044,28.9819373711646,29.2298264684273,29.5059404098572,29.6852008022998,29.6309268001974,29.4922301062393,29.3814704322996,29.6037855526343,29.7809790980291,29.7711887964276,29.384512419395
0.284108534379703,0.774017045553366,0.103027149344573,-0.940678593418829,-1.46470914821515,-1.58331597077713,-1.62283735698529,-1.63401987531726,-1.65430920463347,-1.70184560082079,-1.7006515631548,-1.05504772188826
24.7208771214546,25.2536106899963,25.555553540363,25.1999559253065,24.6335481271811,23.8788941271447,23.1578495856312,22.7676939337098,22.7177490923003,22.9574707833695,23.403502030478,23.9789626100022
28.6603550283863,28.8454897588768,29.533864638219,30.2581902475621,30.0268114966434,29.5737142732324,29.2794990588634,29.2331356284712,29.3197718311712,28.9889146070341,28.7197920577042,28.5947744569193
28.7518833086573,28.9929704066727,29.6676027412865,30.372639395536,30.0093472177139,29.2931561188028,28.8445891520886,28.6039909896953,28.6673857037597,28.7947174998989,28.9180183387108,28.8599191144595
28.7343048563331,28.5856812473903,28.9328849141935,29.6070879338688,29.9388681995236,29.8357533433826,29.3382280203097,29.0492140422303,29.3493726303846,29.7339078588111,29.7676750220031,29.3156137052673
19.2586984601186,19.7518045421635,19.5526524853152,18.7066718582857,17.6071734224234,16.4645256177578,15.636284391925,15.1531853662362,15.2591263882566,15.8730029919136,17.0403166994587,18.3410523349971
18.9163311426214,18.3360853089883,18.1344257940706,18.3773126249857,19.1814825733795,20.8555572213945,22.5584758034515,23.9817926336568,24.2711091809093,23.1786340700667,21.5412350714883,19.9912207833413
25.3939613638815,24.6197668092181,24.5457076329626,25.7476248327492,27.5028527869014,29.1466259502175,29.7211694932421,29.497988429985,29.275340290271,28.8507349059327,27.9998190438396,26.7922819062061
1.64055238842335,2.10780611512881,1.62422563835047,0.834825893350218,0.0788605151967504,-0.492784846462853,-0.908495443696554,-1.21241091503373,-1.38182003455425,-1.42643169888595,-0.955486650704196,0.279569291945999
0.697968612321256,0.506026503105922,-0.665142953957926,-1.43011763384338,-1.67092193617601,-1.74573208160317,-1.76168153131581,-1.75450469028435,-1.74159679499451,-1.75817063656628,-1.69808791289708,-0.816053112291205
0.543624615511823,0.829671208832328,0.466459300337537,-0.409399847541546,-1.13587255013485,-1.45589406151505,-1.54707186506184,-1.56674074483733,-1.59465482990965,-1.6332645981552,-1.50047755445319,-0.675293716930262
18.5395996910684,19.3740003934988,19.1034531636883,18.1800168369459,16.7854579558971,15.4322962251108,14.4035276323787,13.7406292736695,13.5145872786185,13.8809548361471,15.0223785632472,16.9512101063494
4.65444693919211,3.49414932492243,3.05169388278788,3.47964227378786,5.36131341379589,8.70575636586461,12.378119219823,15.5908620685702,15.9820484937724,13.0492498823396,9.84435157829603,6.76711953630058
-1.17250956339818,-1.42180022043577,-1.59023465837053,-1.66734513851451,-1.54676520791581,-0.812533970675212,1.25835443975766,3.39728149650105,3.33459407840111,1.76617149280315,0.15851356499629,-0.755363586639174
24.093528397345,24.5049415104248,24.5660446975938,24.2486196520715,23.4579013414452,22.4349518330265,21.5620015369045,21.0725591060225,21.1262736638177,21.7520765688556,22.6310844795074,23.4260460394187
15.0121928795526,16.0787255186674,15.4312834233978,14.4635235698438,13.1812383765517,11.7548892155435,10.7987809885165,10.147098137759,9.95983364047453,10.3493368817735,11.5028713987105,13.3152048328728
2.02917042413924,2.33376586747828,2.02580241706157,1.40786698658,0.711482809486904,0.142840172528349,-0.320499945181499,-0.684066631189361,-0.899628244052341,-0.926020868994708,-0.421661201860005,0.758012483427371
6.71990470718878,6.98846976383492,6.70784425398267,6.15525160374996,5.62216718496015,5.3518105665401,5.20286756054724,5.01291506111812,4.96207422992878,4.99936592000619,5.31274123925329,5.93090776753242
17.8619152382584,16.7672227590739,16.5433068178019,17.0496859170439,18.4843653818226,20.9710265854382,22.9922803196874,24.2642522309905,24.5432490887228,23.4116216246668,21.4829004036625,19.5018776836095
22.3087517665716,21.9804914252042,21.9160402850619,21.9278432628489,22.3496509433116,22.8309479745299,23.3494253186686,23.9102537133986,24.2773017196675,24.1407643976726,23.5718255432705,22.7942961182286
20.5031609977896,20.9193036586461,20.9226807839637,20.0378538644289,18.8340283513053,17.5884583228408,16.498245908015,15.7801099327223,15.5687590763452,16.0595949271926,17.1979656225004,18.8535460859903
9.93497596055865,10.2236485427575,9.70753469666426,8.22236715586638,6.82271669631199,5.785222748764,5.05868975167156,4.72854480274692,4.72410988355444,5.38014954999997,6.77379906583259,8.58794251031083
26.7552712977754,26.7439290934964,27.2117891554155,27.8315755804415,28.1027660284904,28.0891454565477,27.7383121107581,27.2566981184649,27.1858055766963,27.2115297672088,27.1462967136623,26.8716902102453
0.430453072159975,0.099568023337601,-0.219308008269815,-0.494346855067701,-0.150683113370757,1.50056371913608,4.05421972247332,5.35760595200682,4.88188134409798,3.46508292718535,1.887180321515,1.03386900762684
20.035348802313,20.9541455629701,20.4512626706439,19.3883042576743,18.0879091563817,16.8060138726684,15.8103067324405,15.2429346134378,15.1622774935382,15.6101866647305,16.7342646973874,18.3484494287337
23.6172911521543,22.9266090727401,22.830620341467,23.2008122455688,24.0099686540327,25.1930009278751,25.8479646216702,26.3834593161165,26.9314251263774,26.8781682367543,25.9784014220416,24.7257324776041
16.7354663188217,17.0467108394017,16.8582360033721,15.7014204742061,14.353816556398,13.095308715488,12.1004373064515,11.5385144250937,11.5032972117058,12.2689609404169,13.6153573967399,15.2755276212814
20.63514674691,19.9013274324538,19.6320744174491,20.0172063100204,21.3738089077688,23.567797050907,25.8171445057547,27.2103938186134,27.1376548501698,25.5327792501938,23.6679666665825,21.9466473408848
11.0181026092137,11.3023220324311,11.2880458265112,10.8322833410641,10.153367652561,9.44981917703645,8.89615944188033,8.52650783792184,8.40141156264196,8.74658729051621,9.36148046803508,10.2310482584929
0.83295785241008,1.2466170333196,0.375542509856003,-0.711945170375676,-1.30345311341025,-1.53191531175308,-1.61123058563963,-1.64699829351232,-1.67277081109676,-1.71334033984072,-1.63405998172986,-0.722958004068927
-0.535507380019915,0.165265562118614,-0.317849057586928,-1.28897084416093,-1.73592373027013,-1.85365638446203,-1.86220442092866,-1.82338984905174,-1.80345762649862,-1.79413203330371,-1.74470911377118,-1.46224742047607
28.7309224492198,28.5210250214508,28.5284119684843,28.5867768129545,28.7357533377582,28.9414064992801,29.1298010332165,29.3737921619199,29.5900229289333,29.6501988489603,29.4874873410227,29.0493994193884
8.51256220487853,9.34631761864157,9.30118292013927,8.32667676101942,7.08720527514144,5.98803439845446,5.12629991709989,4.65429387962993,4.48444716702654,4.87001050876046,5.79673059934101,7.22517586468058
23.7588869107554,23.097725403428,22.9959329865491,23.1522567237162,23.6333957796327,24.3529159667348,26.3768004104822,27.8712031092246,27.989826211486,27.3777631115137,26.3866498028401,24.9060416644431
16.2541526098454,15.6975524522323,15.546131020126,15.8985540939217,16.8871992698124,18.715847804774,21.286577931082,23.056865882116,22.6108175903513,20.8192877685766,18.8787429416082,17.3414677262794
29.0341734985645,29.1888742966142,29.8948495978053,29.6240904261609,28.3748576347581,27.0267627275954,25.7581555452461,25.2463732838368,25.5786202831033,26.550982099232,27.9335835470461,28.956000595331
29.5646469255307,29.5939445377842,29.6733928919819,29.521279486824,29.0964148342115,28.4286169306073,27.9566448868426,27.7340035049133,27.8356341233705,28.2719613142797,28.9550809147734,29.4297633942361
23.8006436927335,24.5220390326249,24.059758679613,23.1187036442256,21.6870739102598,20.1392672700363,18.8271533897398,18.0959457290564,18.009626924987,18.6233182663909,20.0646589070338,22.1088637686734
17.4678972630935,16.8549573953129,16.5861460267527,16.7461245228355,17.6878219644577,18.8025797789045,19.9355443710136,20.9703042577412,21.2484949546052,20.7887808287086,19.6684087031099,18.4141611883949
25.953622967264,26.6648481081216,26.4945669171483,25.6168917980285,24.2861712360088,23.004697458019,21.9512013466844,21.3476574892085,21.3967050394962,22.1847066387174,23.4347308385572,24.8857524156541
21.8929740799758,21.1590057862603,21.0229447791527,21.283972622801,21.959351740729,22.9001447343099,23.6857804026352,24.5761354498698,25.2545354615775,25.3147623733523,24.4330513083355,23.0719159203672
-1.86005521886023,-1.93845756562935,-1.94641440092594,-1.93836970251934,-1.73278172857552,-0.297617678003522,3.56158152721013,5.91803345446651,5.59672348044591,3.54633319921214,0.945577579569835,-1.28696531314773
27.4904911900518,27.5912658844275,27.7976473527839,28.042127803839,28.0359299897709,27.48539238342,27.0771521576248,27.2033645626172,27.6043109943304,27.8974182753117,27.8159687134065,27.5410965880977
25.6684830977571,25.4591805847667,25.5333260557938,25.6688242099757,26.0833772748129,26.5073484226517,27.1644112012151,27.7409610093108,27.9092969959461,27.6356105766191,26.96604704013,26.1313803224555
29.8693934026312,30.1603125953517,30.3636559977714,30.0335278823824,28.5783409936069,26.8956669865768,25.4821877391428,24.7980546271142,25.0645474416101,26.3967117887749,27.9102507830195,29.0629598929854
26.9594551627915,27.827487889951,28.352577528174,28.3310739540393,27.7342829499201,26.6757608277921,25.1684482802018,24.4090775106475,24.5870313603653,25.1281442253234,25.6590364101146,26.1575773418859
26.566709665035,26.9184872695215,26.9052359758747,27.6438510478808,27.5711733231092,26.8637285297151,26.1888038690403,25.9508558799057,25.9283996209625,26.1065721883329,25.9683398775877,26.0656229409074
23.6205876383129,23.2342987792703,23.1452773765774,23.1931373660562,23.7372990359071,24.500279366897,25.6525491178504,26.5684981389275,26.744245003848,26.2741298674203,25.4107026300522,24.3341912270343
6.51531327088163,6.0582642519218,5.80466807707107,6.07409811005522,7.35533932555081,9.49342399329355,11.8331657339794,13.6874889259614,13.3517822253097,11.4728718768069,9.20371780492455,7.50575465502051
12.5965863379204,12.0539935828842,12.0695210243915,12.7456510276531,14.6831900497739,17.4293770276966,19.7267252094266,21.0813545237777,19.9794209681566,17.9141510017846,15.5718498920961,13.733913657302
4.84171514370797,5.31014992022141,4.9080849224849,4.07747911400078,3.24077486694589,2.55250424268421,2.08799398885632,1.8031964242163,1.69970121288713,1.84352699087485,2.44204165974794,3.60337516568991
20.5415359680394,21.3537551668399,21.041327077456,19.8572728085031,18.3539612917935,16.8310000762281,15.7102704629688,15.0830163969492,15.0220924409264,15.6709754275766,16.9589471032591,18.7498619319533
9.94179160296287,9.73509600655533,9.58837555439931,9.67745882256093,10.2858370941485,11.4822793209308,12.9085485011792,13.6794948355585,13.1140869878725,11.9082342044549,10.8467415482091,10.2356135513529
12.8267236145136,13.7463914720769,13.5093025917311,12.587622826392,11.4930312814167,10.3563198526945,9.45206254246713,8.83233435163628,8.63765548076699,8.98378646948848,9.93656660794195,11.4118421327723
-1.94990349533044,-1.95216169951124,-1.94932010105886,-1.94503796625829,-1.9081747230155,-1.7420178630599,-1.49603854956246,-1.37941493216461,-1.53173815417789,-1.85756586592671,-1.93496381984172,-1.9471266806127
0.761549782341492,1.24066467947361,1.07247911816132,0.547537765137404,-0.0846982117523835,-0.750457474579087,-1.19030763062562,-1.40439579302436,-1.51274697010182,-1.52052103080994,-1.1641943237841,-0.242712516837725
8.49714073564221,8.70582681223489,8.45595054059671,7.62278484785383,6.80380862113435,6.14698790382885,5.73753122890874,5.56400427343265,5.52191152688297,5.652617702048,6.22502199033437,7.33697755405528
29.020935273619,29.0816357918253,29.7240020222868,30.2123259794758,29.0832076794901,27.0590366717215,25.5870019114402,25.5188053291965,26.3749357824003,27.2552396982723,28.2730494901545,28.9369440038522
26.620538927127,26.2046850914597,26.3697600797915,27.1190904823148,27.9671694399137,28.3066103384941,27.8403374668676,28.2476000274732,29.0214200227856,29.2037006842658,28.6926797415578,27.5388063061935
26.7346088593576,27.4616088764241,27.5092326792725,26.8533243631606,25.5893221533213,24.4716483473731,23.6395123064976,23.1706800514302,23.1574244185579,23.6656808547286,24.7110533721036,25.7939142346877
27.107841852586,27.1863407911894,28.1096655094892,29.6775120808512,30.7010496868546,30.6217452574565,30.1937383536463,29.6936128977476,29.7244639713634,29.6213655462085,28.9055258500749,27.8935842672738
29.5618373881702,29.4105473365816,29.5074834145972,29.695296861836,29.6606106964155,29.2664653388475,28.8768443097388,28.6808090528025,28.7502343001218,29.0819268091468,29.4376056853042,29.5552911252121
0.936345972375613,1.09951237827426,-0.207739194757456,-1.31307401985034,-1.65224275385395,-1.71619071441748,-1.72234149412573,-1.72327801203281,-1.72431114744922,-1.75249525910619,-1.72650725749065,-0.98225392367491
2.99076710735544,3.25194672830646,2.99153307137034,2.37316513977384,1.71097880087151,1.13556918910529,0.624921923883322,0.141470186989391,-0.108086544786279,0.00527339690874788,0.698348645127975,1.83619129998504
28.3641360750318,28.9819770158802,29.4849600635734,29.2752580015184,28.0412937324078,25.9076014564474,24.5435404272852,24.3858864355338,25.4017743534156,26.6560360547382,27.5452115367502,27.9165518016458
16.5379287352553,17.3684917075767,16.8568413562278,15.6722120609602,14.3244052135934,13.072343873247,12.0831709909165,11.4074238642311,11.1956126744151,11.4957792041676,12.6911145665982,14.7386265615989
6.52197116043042,6.12468966942117,5.87821707351437,5.87663907570721,6.6689722253113,8.35225403982509,10.5042821184235,11.5084829043363,10.4979242140305,8.81691166222067,7.67540523417236,7.06751510372834
29.515345653877,29.2871200830122,29.5529929392297,29.952969930376,29.4317923505973,28.5265784720241,27.6409713980043,27.1833827262456,27.7017144836169,29.0504212176192,30.3005631092256,30.2805577812808
26.3264330985261,25.8551633512259,25.931148338435,26.5394752406018,27.4089336674926,28.1182053616536,28.3525586141152,28.7353118322917,28.9409788984242,28.7948403955914,28.1622936523592,27.1663329945787
19.8033643441822,19.0414352707659,18.905504610562,19.1909767847346,20.2188259891001,21.679769145242,22.7447207713489,23.7107586239973,24.0256282420683,23.5366199918482,22.283258058142,20.861146590134
23.9799192763266,24.6677848377248,24.2899708568677,23.3812943157538,22.1148370449885,20.8813162140948,19.8409439909896,19.2389072782266,19.1745323895834,19.8202440379156,21.0720910491741,22.5990588181677
10.200319218964,10.4174876155921,10.211771151533,9.65897764617499,9.09154191900406,8.75338164213382,8.65887867098284,8.6168433058564,8.54482820516884,8.59934258274972,9.01806268944751,9.70822078070666
29.2199995568772,29.5217021411036,29.9137333579943,30.2141477175367,30.0041844565211,28.6575564358223,26.925757763944,25.4891131099836,26.2835054081993,27.6377014736487,28.8010999804492,29.3077183967582
22.7922297563896,23.7050584665474,23.4746203672368,22.1555507262289,20.5260172428362,19.2533213124374,18.1753562924607,17.5132719751954,17.3048312607597,17.7356705321013,18.9753953419483,20.9169773860927
23.4503641419296,25.2557039791685,26.1112689190132,25.7043595197132,24.3769594800412,22.7187784809852,21.1469882940006,20.0115986482757,19.4061783332762,19.4030787082374,20.070139548933,21.397271129137
21.4015537536418,22.3805362403574,22.4005202192396,21.3401734905519,20.1433201032465,19.0245789689521,18.1840724950183,17.6926226638588,17.5287646440299,17.7819676798827,18.5844290974287,19.9429019463409
27.302808356647,27.0502727633316,27.2422037673657,27.596717169406,28.0125033639628,28.4421875897924,28.7227659086148,28.9584216484704,29.174196389493,29.0779104046844,28.6217069133441,27.9194482927335
28.7091866885698,28.8799343550349,28.9969853953135,28.655211805947,27.8255395635675,26.5903525947304,25.4349097469106,24.7981067526069,24.8087991017021,25.399473625791,26.5147092207273,27.7950460782542
25.1559811224051,26.6051412420603,27.5294655703488,27.4693228867137,26.7309236549809,25.496440912116,24.4145211276341,23.5668812171076,23.0704648575898,23.011826699683,23.3344300247285,23.9713398336627
29.4873966668872,29.6739639933472,29.6041564409663,29.3255620370185,28.6293892315703,27.8682193847377,27.2814849248232,27.0464067010356,27.2460907081738,27.695200814883,28.43366333611,29.1853231253287
0.910469578036384,1.31867650751058,1.03001054872983,0.38038662473157,-0.457149164263007,-1.14431029979053,-1.50512175233846,-1.64194430166471,-1.70351188799299,-1.69686491920849,-1.38927630446773,-0.387849159370857
28.0756941386254,28.3393107995257,28.6494274359923,28.7810848719796,28.5181861588589,27.8825422804876,27.2236428335223,26.7818396493115,26.811051997325,27.1553961167735,27.5135194735286,27.7904267824263
2.83637581388036,3.21181492920269,2.63833190997741,1.71721370207653,0.900389524601501,0.323141267818521,-0.0487154229606653,-0.253856282553898,-0.377506139416042,-0.296814698638288,0.190080471864967,1.39484165223858
28.9844509358409,28.8843813996396,28.9360976127896,28.99057201669,29.1319811890927,29.3043551552788,29.4670014340336,29.5675759394288,29.6938255100014,29.6861203192506,29.5956591858591,29.2747856125373
18.883254513609,17.9784035233114,17.4830033618386,17.6873464962224,19.2768615105831,21.940813993648,25.030564809432,26.407578022079,25.811318958213,24.0855695025634,22.0466224366175,20.2785475112038
27.8942341960751,27.6472601153718,27.7234197466232,28.100323494231,28.4627664026387,28.7356239660358,28.8294217709733,28.5505089808583,28.4134613920624,28.4005451924633,28.3611685966601,28.0313935506094
-1.941366554786,-1.94600632116776,-1.94834417621056,-1.94903039880703,-1.92864322794616,-1.83498330638627,-1.68154363648492,-1.49775573686456,-1.44988982707299,-1.76732226130508,-1.90916525930882,-1.93405869418486
4.06325013378828,3.64250903538656,3.51798121137714,3.90292943005723,5.54994761180763,7.98577051470119,10.6574307161682,12.1942962754006,11.4009799484249,8.93476226481226,6.585715042792,4.97711544720199
21.9197439192548,22.9180295764642,22.8111924707715,21.5441333090755,20.127138094954,18.9003278029984,17.8244028250434,17.1555396743707,16.9297705776067,17.3665719578038,18.5590754479117,20.2997028850425
16.8865170238227,17.4463652927908,17.4107191934201,16.5851252900706,15.5195851250586,14.4905610813482,13.6299129858988,13.0698194515729,12.7881113109365,13.0068043700373,14.1163239175665,15.4973498175939
10.2812806269267,11.0230413378184,10.7764649054739,9.99935018397199,9.05019669646798,8.11731269526888,7.43690419387549,6.95522311875998,6.7827948057995,7.07111094896575,7.91450792317136,9.14212981319125
10.0646713399466,10.3885040832812,9.89108087504859,8.93914184747775,8.04209661924729,7.26540785684957,6.80408039563756,6.6237308094504,6.6301442871462,6.9103531042547,7.65606384210457,8.91106816840223
26.4041584064316,27.0165490244495,27.5076094662693,28.014110482431,27.9627198768888,27.3281156011403,26.5892120693168,25.8600053162733,25.948160135403,26.0809315431285,25.9187424892199,25.9957934381556
18.6024591566155,17.6606792998601,17.5583369701512,18.4961394725337,20.0019147286383,22.5053946368463,25.0547531966967,26.2480936223731,26.3880675655346,24.6532825580038,22.4265039500951,20.5680202693825
23.5720567347497,22.9666047376136,22.9966998058125,23.7251601225774,24.7040796486318,26.4962476191653,27.2594222696817,27.7323614267055,27.9618183446914,27.2262496675868,25.8970637236469,24.7934101284884
5.68788661890549,4.46978135137395,4.14938843867235,5.32976316591681,8.86619363698627,13.9329909042601,18.6418806009727,22.0018748871612,21.0593507985185,16.9193929663073,12.105756878968,8.11465411982587
13.0109823017116,12.70470811515,12.7029742471045,13.0098490513644,13.7367143618525,14.4567203894691,15.4794451726271,16.5341157752525,16.7505370815885,16.1789101706241,15.0380475020119,13.8021194029338
20.515343629246,19.6247549961658,19.2623113304688,19.6923885859003,21.5750240351541,24.4244801377285,26.9606197862387,28.0066350557659,27.5783376986191,25.9367261555478,23.7309451593015,21.9378093497032
27.8857109696126,28.0524652805672,28.3336320128919,28.0211082287143,27.1527406434882,26.2957170549534,25.4977350246699,25.038713022573,24.9924247933338,25.3856140292907,26.3436456733161,27.2260584166232
-0.0806904733155041,0.261904560163276,-0.774053656092638,-1.54902482392001,-1.75331267349484,-1.78382880235679,-1.77500807881278,-1.75269293829413,-1.74853226799277,-1.77058915606334,-1.78614729382282,-1.39696358098514
26.4533869530813,27.0405345449866,27.5249832106699,27.5255593685409,27.0855663695663,26.264538323623,25.4711930812403,24.9768426941042,24.8811998453392,25.1675638203831,25.5294857407742,26.0012307108935
5.72435171391878,6.062950389612,5.85089352332643,5.25887106778527,4.57865892611319,4.08378291006435,3.83982529299309,3.66547667989474,3.51270278579803,3.53636058501683,4.02957475470014,4.9115316783648
26.8742074877283,26.7941520347813,27.6701034027295,29.3056525583978,30.4892269918892,28.9758411081646,27.1799618081368,26.1967259522274,26.6572414933059,27.9253743539412,28.17316111843,27.5464099479446
1.86871312498091,2.28369698379363,2.08336586219325,1.51271203115247,0.903855021002981,0.484706131968603,0.184201912566179,-0.140677149791464,-0.345983856338608,-0.346813703602188,0.0199646102986653,0.88153919403283
27.3711595725984,27.5427487887772,28.2621279386879,29.2834718038613,29.8602494404635,29.3765070483409,28.6646167153482,28.3684753674892,28.0855119644891,27.8788619942918,27.8595027273898,27.5662922400432
29.1652902735295,29.1559217023221,29.3854237301881,29.7025777555952,29.8172934113444,29.5559258546739,28.959337381124,28.3767697251801,28.1275375731431,28.4668021948134,29.0000230473781,29.1175147844507
-1.2514624143811,-1.3747401320687,-1.38877001621156,-1.50802806768948,-1.43834121186366,-0.539466768782418,1.69757428375513,3.57978687538429,3.04900701846252,1.0156920949444,-0.486021496101681,-1.00197630325218
27.1734287962541,27.4814524248799,27.9123532832549,28.0935918829676,27.9506810346798,27.5044546256437,26.9654041131042,26.554908947637,26.3710356748717,26.4617467056867,26.7084602728508,26.9112936242181
29.987071801331,29.8744025165347,29.8765404575292,29.9289878076561,29.837270088783,29.4589881117559,29.1129218612897,29.0007967828825,29.170963922647,29.5352487370969,29.9615957588832,30.1091019244296
28.3082162760856,28.4756264221423,28.7786427200704,28.858516661155,28.6828292217162,28.2287511518065,27.7091267705168,27.3767962751805,27.3026597841852,27.5244617567382,27.9150581364201,28.1248556655342
26.8842585552643,26.4308661708887,26.5142716242425,26.9391710518363,27.410357249155,27.6486527225677,27.9893893104111,28.6020266745429,28.9865710378078,28.8241837239506,28.2801841215049,27.6170205207698
28.4811319359618,28.8998013814114,29.8214361900306,30.8009054355051,30.6368971877271,29.8096297905387,29.2451877218849,28.8770668391994,28.9068680831631,29.2240651863808,29.251451289846,28.82586930937
29.2007311462251,29.073226814426,29.3015077299942,29.1818694784693,28.1997517811276,26.882571128451,25.9384849821335,25.5598259971467,25.8974529206316,26.7817801792927,27.8157949619053,28.79268914978
21.4561278973695,22.1989087612777,22.0799834330481,21.1887911603305,20.0605608328324,18.863192610169,17.8284577575914,17.0638708778565,16.7840013931538,17.1066176930228,18.1945698337157,19.8675035874548
27.502551283239,27.1342016322781,27.1188272901944,27.5539936632542,28.1689606669714,28.8362509832922,29.1850057749167,29.3456303736559,29.4019491240143,29.1677534116836,28.663106960135,28.0811389038505
26.1801088974396,27.3003999447347,27.8334547457653,27.4809348400243,26.1035057040234,24.3002993251217,22.7584345312397,21.6000204950844,21.3779346663361,22.1119804711143,23.4579449200763,24.7895223722406
27.2533805282545,27.4085547526459,28.4359183864565,29.9413320451937,30.7959340444568,30.6296848907761,30.1235656762822,29.8345372407415,29.9817590066742,30.1387711212079,29.3763536205269,28.0931458762746
27.7936721788903,28.1786510101927,28.4595785377917,28.4933250147419,27.6083266273259,26.1496285271963,25.2353810331702,25.0976372708185,26.0365483759958,26.8408344967865,26.954650888674,27.013438700308
27.0947339858109,26.9696535848535,27.0971007736329,27.2486154247995,27.4898618182824,27.7592764416534,27.9579534468894,28.24688882873,28.5710317895705,28.569138552421,28.1427628344408,27.4648310661754
24.8330031210571,24.2578986072441,24.2104006119755,24.6438135284539,25.6308893567989,26.9055427125358,27.691200238404,28.1293875195492,28.3274585326066,27.9835580787337,27.0262837580832,25.8214084109855
25.6991199163898,25.1215661075449,25.1482170255288,25.4145693171051,25.8343160140379,26.2576984219296,26.8959128093524,27.719090956667,28.1561752779053,28.0290464401683,27.4722108152658,26.6807013164014
25.8369835565066,25.8155165668153,26.7987168591914,28.6760949957459,30.2687297201082,29.8974521354579,28.0266248099168,27.1091242822728,28.1508686598016,28.2322444059175,27.6366162166534,26.6945613881609
7.28897470711282,7.47193127397636,7.16138745212185,6.60471921849829,6.06207610217059,5.69954346470314,5.52214163025494,5.36550112572602,5.28598459648523,5.33688303672044,5.66687306822649,6.46536710819505
24.1478462330498,24.9324926775996,24.7470780428572,23.8382035378576,22.4248652241576,21.0170465958124,19.8744870334439,19.2193374622303,19.1721911831138,19.8550773217542,21.2542218257979,22.8963698027159
2.61760658115088,2.12705953782186,2.00189795325727,2.21627790584396,3.29466850131339,5.49603306868076,8.01383753827899,9.85733144643409,9.46981450422849,7.43100184059297,5.17284681397034,3.57289167434835
-0.314626122395818,-0.224434935433025,-0.937264793815949,-1.49738433938238,-1.68680017491848,-1.72222910694725,-1.70478942717578,-1.69040051955738,-1.69539565627372,-1.73831990502731,-1.74512252708646,-1.26794157440446
25.2425148292412,24.8350590027255,24.8123533760743,25.0585747899781,25.7007467260637,26.4610043683684,26.8561288880792,27.2829161127731,27.5619885136787,27.4209081819137,26.7683987348587,25.8931463663513
27.3783355106484,27.4127720379433,28.3315865357998,30.0533077769302,30.6742706954484,30.0396178595615,29.2338568877985,28.8110946351257,28.8929052604714,29.197983848286,28.8042871953415,28.0038261069545
29.5177992844732,29.7798643600922,29.4829387295746,29.0911680240737,28.3727831697095,27.6355727592709,26.9810623563705,26.6837683381379,26.9697566945648,27.6271047574162,28.4300638978772,29.220579746
28.9856222072948,29.0928535974044,29.4049216421287,29.7724270683889,29.9695100916564,30.0330348471319,29.6118850954998,29.2144013372132,28.9951305579891,28.9345007807795,28.9123292440416,28.8397744913649
15.7640620391677,14.3381293325616,14.8624659586325,17.4180165322595,21.3296434884575,24.4901990554535,27.5903552742924,28.8361100699985,27.5549569283464,24.7532462190414,21.8742554794813,18.6076119046555
27.0927323306568,26.7813228840772,26.9617065530097,27.7371628260733,28.6892196766753,29.3867189141455,29.6572865090859,30.0091605164842,30.210750451675,29.7575840870313,28.8409972735631,27.8404662593422
0.927781188550721,0.183350902801718,-0.00876097577480349,0.578268188578731,2.42729379188006,5.70849092290118,9.44449508784138,11.8574529922056,11.6450479092246,8.51734148952758,4.89140577576161,2.36163109835951
24.1547128638377,23.4822913955612,23.4200038935489,24.3895466009401,25.5699762816108,27.3045374901992,28.1348654145456,28.4178203903986,28.4583444069078,27.8072079131306,26.5810566497063,25.4600621284438
13.7766691517174,14.8567681296401,14.8789972235899,13.7731710078396,12.6042971824286,11.4559201491397,10.5588736949167,10.0941373884537,9.96875513625529,10.2725280706898,11.0925368566571,12.3129976523798
26.8090152434028,27.2954332944883,26.6862194365014,25.6421550695979,24.3873779898662,23.1084249126553,22.0025430172446,21.5335997798544,21.9176086180915,22.9776979101595,24.3163045112078,25.783215068591
3.0967564396759,3.45992737249796,3.35996977455904,2.97026375514278,2.4477054534265,1.86679282964989,1.39277568804038,1.06696266554804,0.902551118245127,1.02194155674734,1.51386722097276,2.23979095116638
17.1163761332207,18.0904082513376,17.416884807097,16.28336328881,15.1459080092022,13.961818781852,13.1201074369991,12.6807944398816,12.6171120814098,13.0030090705067,14.0068181946456,15.5589298335623
17.0313856090656,17.7558334005562,17.6564032940029,16.7549361751739,15.6029379981955,14.4460705187433,13.4697414332953,12.8379171025973,12.6307316919823,13.0048323537749,14.2117897031594,15.640838711536
28.0892799298712,28.7644563753426,29.3185789033254,28.9216973498054,27.3100934874394,25.2895691791345,24.6596619888234,24.9779567850866,25.8492380363254,26.8609994384643,27.5212095465221,27.7073702877149
27.6416893201799,28.1462395349215,28.5159261137286,28.3328671352287,27.0707425183011,24.8554696508037,23.9831432938285,24.1653101577275,24.7709603244906,25.8323986919037,26.7317418898146,27.0996459217962
4.74251809001915,4.99517335339596,4.63766774436531,4.1030615515795,3.58044646353735,3.26959005902742,3.1023917065498,2.86814718360259,2.72571585949186,2.77551613184487,3.09539056468273,3.88751263079361
29.3555733138757,29.3313401028569,29.4268453541226,29.499015920522,29.6394211144067,29.6553851053978,29.5594635090927,29.5252079582715,29.7221640912248,29.8153581204051,29.8431311020747,29.5662542778693
24.7644505256517,24.4236219324439,25.0097081270093,26.4267281962254,28.1626552159782,29.4191364090524,29.6198165407142,30.000752479988,30.002284197322,28.8456276018428,27.3056937944908,25.8514611655693
25.8048576522549,26.3050240489688,26.3185329427726,25.8933494068791,24.8469108770285,23.5691023340527,22.4895636227334,21.7229800244374,21.4419033933836,21.9090949511015,23.1254196214247,24.5478691218163
23.5797093174707,24.6042994572637,25.0349274372466,24.6050369327792,23.7441058676005,22.633592770574,21.6504290126969,20.9762069158484,20.7197433618399,20.9559524832809,21.4715636064389,22.3573984968191
24.4833098820708,23.9192599613987,23.8164460276579,24.2740873333109,25.520423916912,27.2995861112309,28.408744427342,28.8344373607707,28.7307051566302,28.1548076610586,26.8501713465914,25.4949526760792
22.0601096421546,22.4697463246406,22.0545610864882,21.2817723948993,20.0044103574724,18.5701274453506,17.3770125933474,16.5499402667465,16.3262452218236,16.9251073884088,18.5367616107268,20.3216884277841
14.6544563408331,15.1519794223013,14.9754666702951,14.3137431788464,13.2169817759758,12.1610202526829,11.3364555852961,10.8012935039466,10.6338771593987,10.9651641092054,11.8885954336907,13.4291895437566
28.7514303583386,28.5327916157332,28.5419744494551,28.6829631129566,28.9610075960077,29.2572768829051,29.4330187425353,29.3995975488077,29.3280086574907,29.1998578995579,29.1882614437935,28.9177318601416
5.37825286305574,5.65196751962833,5.54036859377239,5.16290755690005,4.64138578337049,4.0870464620415,3.61376929548334,3.19664675949514,2.96775960185294,3.11851786337236,3.67554522608632,4.55622815920798
28.6419955495602,29.0440206699521,29.6111145658594,29.8657633348573,29.6378584912694,29.4152753252325,29.2021699637329,28.9359670747675,28.8525937221274,28.8272430549716,28.4692208669695,28.2958556359794
1.0551545592895,0.716775174513289,0.526387589671802,0.591003340374266,2.06776783229998,5.36986657166488,9.20221285503456,11.5222469783384,10.6025234855922,7.09933932509306,3.78125766737948,1.84251026483265
25.2570819341642,25.6367463336087,26.3115515323384,27.0597016080455,26.8593871038701,26.4162088606395,25.7402573210081,25.1976890364915,25.2444456050841,25.1728209180384,25.216606808763,25.1450985056043
12.3602060116557,12.6946802853185,12.5659477383369,11.9045713558176,11.0936922298056,10.4210339690965,9.98177772631787,9.91437532116505,9.90161858879298,10.0117514267618,10.6422923768313,11.580909695839
7.99553971048243,7.34871136500723,7.04554334009657,7.4527912894299,9.12477352573829,11.622848588412,14.0354331296956,15.2800800106928,14.0545033150836,12.1171695637795,10.3453381047543,9.023504717578
1.10009154967458,1.51713661031458,1.0239262508875,0.0198791454422132,-0.867503110669459,-1.38932078060052,-1.52871335303836,-1.55042489414322,-1.57138673759313,-1.61939884680374,-1.30228637962965,-0.153823424275574
8.05965037093313,8.39634045810347,8.15898814987876,7.58230442755755,6.9109307616724,6.39268673366771,6.09827356765377,5.91697415728704,5.85616931870851,5.99004933331673,6.46127952037832,7.29186617497284
23.3192199980047,23.9044110707541,24.0215102982005,23.3468238079177,22.449059260578,21.5577305223312,20.7034371383501,20.216449964328,20.1186612380461,20.2914570392408,20.9085024365994,21.9759614351582
24.2809685833025,25.8677237174203,26.8433891234876,26.9705145602812,26.2649325540315,24.9925166649891,23.693340161669,22.6757964235984,22.0645952700771,21.8532804750212,22.1187367359757,22.8581557588873
13.1481866295156,13.7316347489499,13.582115158138,12.9325704966002,11.9523147322301,11.0495141335404,10.3306429552986,9.78250770943617,9.49093588877282,9.7634140084313,10.5818990666834,11.9965954624082
25.9452526993448,25.9043170066502,26.2426747587774,26.7750629380128,27.3857901763416,27.7100967641017,28.1107830709696,28.2216518449771,28.1102950393948,27.8455504465711,27.1225881092042,26.3154947174754
22.2196555776433,22.8641772247306,22.7428045895143,21.8024181708451,20.5254451570255,19.2766254727181,18.2498566993195,17.6146671128202,17.4462952563469,17.8244623451037,18.8873805815476,20.4859062251864
24.7842060943655,26.3858387725526,27.022200048519,26.3104078265677,24.9037603850032,23.2116113428846,21.6878731080651,20.5587027864341,20.1099563572021,20.3727726335105,21.3061751986443,22.7363981865854
25.9540004034833,26.826367822971,27.497998969084,27.6772323492583,27.338770195051,26.5839796857118,25.7671335982091,25.108338703467,24.6986880287958,24.6203729446343,24.7778857244711,25.2377536959264
8.35427614485157,8.81060733404881,8.59301413894704,7.9209071170621,7.09964269649473,6.38623079993292,5.83572879613743,5.50597619768716,5.41536014600263,5.63564150476102,6.27513791854873,7.31769710324519
27.6037964742618,27.2948880862529,27.3711176597924,28.0592797938543,28.9531112533947,29.6372033909274,29.6984991374056,29.6163715439892,29.5640465439862,29.3543961538665,28.8424225956577,28.2542487773658
20.3928520217728,21.2428336442885,21.2491136244328,20.4083645883069,19.2475197199815,18.1987714041762,17.1860000866861,16.5195711950283,16.3591497664367,16.6843688372909,17.5499812407724,18.8703317678463
11.2516934817263,10.5821715052285,10.2679242365481,10.4552137938327,11.6598526930793,13.6313996707705,15.9900323796906,17.7404443128822,18.0046075150135,16.5995605763688,14.5051466351334,12.5304510757298
21.1678546350184,21.5774761231422,21.2347223971505,20.0499245472644,18.797427775895,17.6507908386215,16.8299161445526,16.4814584230061,16.6326400711117,17.355316780738,18.6152972542941,20.023369024764
3.05037084509822,3.40040028735598,2.92295890137256,2.14277947847386,1.38580082105076,0.844424266760449,0.495279068539196,0.158343281707324,-0.0805386997058443,-0.0328912553955776,0.523465194347401,1.71229368009038
19.1020334640865,18.4216333165516,18.0708011628083,18.2298171288444,19.4088042968673,21.5591184404237,24.6367081032131,26.3884887388706,25.6852158772219,23.8543956187355,21.9274706064889,20.3297065628026
18.9822012888062,19.8674924793548,19.2022252804044,18.044169357087,16.4185944368287,14.8019345643849,13.5373507670909,12.7309267967023,12.5202808016925,13.0590204942138,14.6500620297802,16.8710098468924
21.7129298479064,23.2319401932096,23.61974965159,22.8791632777064,21.5204471836376,20.1645362551931,18.977396070958,18.185022749254,17.8711208473203,17.9593738503828,18.6101548912096,19.8542003858519
27.8212350246947,27.6309566465384,27.6380709926928,27.8191581782525,28.1164444461224,28.2882591726169,28.2399578611535,28.180366315812,28.3538112292166,28.5081734671976,28.395205505141,28.1222880123727
27.3130553130528,27.5850584047935,27.7921262147371,27.5711265842423,26.9122851878329,26.1197571162203,25.3577379408503,24.9312412189181,24.8879885460944,25.3041313292815,26.1508267243583,26.7975926383288
3.19327351071912,3.53932757688718,3.16288985096504,2.3701123132933,1.49624848475807,0.77481445444605,0.313176016163284,0.0492377398858327,-0.0290677809161519,0.0808234379110656,0.613537091298396,1.82057763716912
6.02424705137825,6.83417170808207,6.77765974375223,6.19945002459399,5.3035577497115,4.39973390976768,3.71389664331852,3.30613241682195,3.13355088720828,3.26837406719324,3.88531329241007,4.96943978660278
25.9591597935488,26.2160223569458,25.6575023503816,25.8131520261429,26.4332204704136,26.2979454526842,25.7524795222471,25.3637929788612,25.4108678422677,25.7509628507813,25.6993864252839,25.5718637915236
16.1721697332921,16.7822481730288,16.3861768207421,15.4546253045595,14.2299507456732,13.0510895313713,12.1192939109772,11.5347820388796,11.3307686786381,11.635510452766,12.8636650443009,14.5608032560163
22.6623140251286,23.7665888367641,23.6536876009803,22.5283105460099,21.1033513133748,19.8017057416002,18.7690248135519,18.1120306525632,17.915421119009,18.4516833175275,19.6986446450993,21.2725804093095
13.4796912982476,12.8673254076905,12.6072934448186,12.7637913823906,13.5320067380204,15.0948761543466,17.5022882956752,19.2066083262329,18.7580926726447,17.1478123350398,15.5857802454837,14.388410877985
26.5906540710314,26.897069817582,27.5227830354362,28.1115434932201,28.0865872100539,27.6972558930159,27.0749409097402,26.4932699246147,26.2566720886315,26.288079935012,26.4034576917859,26.4067850968469
28.1175603206415,28.5365844284972,28.6268707558833,28.1794456235375,27.2049704285833,26.2675174787446,25.5867184843743,25.21775078307,25.3076008562813,25.8197575993367,26.7331350235783,27.6346818561269
18.2965017922269,19.2145821846147,18.8843051085351,17.8579395570413,16.3975459595262,14.919981049576,13.8377097640366,13.2044041375566,13.0650546768095,13.6073467566791,14.827426071498,16.5177028385928
26.8332215940004,27.1278045080702,27.6756873728035,28.3102017366194,28.2153595579577,27.9362395813192,27.3402332108927,26.7931265934061,26.4950354525743,26.7269334735113,26.6693702740232,26.6452169050942
27.4895856641033,27.8977843955911,28.2103048055299,28.0443524576018,27.2753251702473,26.2511894128738,25.3613213802068,24.7804451595852,24.7301174420041,25.3459289087548,26.1566992520414,26.9561794137717
-0.881408351727594,-1.30604176834258,-1.52943253971291,-1.40175000507785,0.701246935399535,5.16714385075739,9.98662672373372,12.6080549700896,11.239257016998,6.67135154889557,2.37808698902527,0.127196711934378
13.0285610140591,11.8568306095571,11.4222803545366,11.8236699194905,13.1226676602058,15.2143386942492,18.7433204435829,21.9144175659657,21.9925765742856,19.7349669688488,17.3250445155914,15.0182174666392
29.7309947620946,29.7316595750376,29.5856543216763,28.7415228275475,27.4287666877311,26.1481679981639,25.0632761927562,24.8235335359828,25.282792104468,26.3297809432018,27.7553698690255,29.0460812390839
27.3137727527643,27.9376485424193,27.9479433901205,27.2087204198272,25.8391352750543,24.6805600788837,23.7855102345322,23.2383739995014,23.2789928285648,23.8606819469493,25.0789240469602,26.4422985436766
24.8253335679745,25.810411705395,25.7753116368968,24.9072200255011,23.5000746816647,22.2535662527865,21.2939565288766,20.679134265241,20.5479003904667,21.1269345796397,22.3302162035155,23.7580097040992
20.1214304209844,18.9330782381325,18.4356875283376,18.958610288624,20.9934647317862,23.7180475093778,26.7882847095654,28.2979151606131,28.2298117841255,26.7756659304791,24.5321052041113,22.1876291078699
1.57046366828152,1.77053494277897,1.17012288600669,0.146991950938871,-0.821379481140882,-1.34520932363326,-1.52492319909312,-1.56926441443637,-1.58534507870184,-1.63139291949553,-1.34273058688566,0.00542039135099264
-0.472096071261437,-0.0213439490156054,-0.547906988774958,-1.40407726782142,-1.63589020652646,-1.67226479282447,-1.68077793019862,-1.67484156381043,-1.68518679270749,-1.73351097727222,-1.75588476273648,-1.4952976135782
0.739516648793269,-0.34196753305125,-0.696622022744036,0.0262464920938253,2.29216184155735,6.57784088524349,11.1271536749001,14.3035233365077,14.266967489217,10.5594778271509,6.37242408030557,2.90816442799414
21.9709001922501,22.8457585869704,23.1673592598024,22.768268841265,22.1109104790742,21.3401615237303,20.5148823775122,19.9257048821828,19.6689716646251,19.6305860542991,19.9963311027555,20.7643757748423
13.4940396197935,13.0339565340782,12.9292659463898,13.2809524036391,14.1985668353785,16.0546357036442,18.1610931517068,19.5592922510054,18.9788393378561,17.4520940902235,15.6339160302753,14.3310202640282
28.9554811488094,29.2794255650746,28.7305258675641,27.7468471403334,26.7126291377431,25.676086441645,24.7983746571366,24.3546773899814,24.7619716285555,25.7770460680191,27.032891197238,28.3374312892302
16.5951850851626,17.541499220128,17.0932948885088,16.0079862791457,15.0100061529775,13.9841194933101,13.1486835818204,12.5847611055696,12.4142881076165,12.7509924349442,13.7520889555423,15.2418446701948
7.72168121324544,7.92428546851299,7.82160681709666,7.3837154019922,6.91177154120261,6.6201804780279,6.40647075578717,6.14406633711495,5.9786413450579,6.02612059507257,6.54644559602234,7.25423215255595
23.4498181692543,24.3302330335379,24.1859702637724,23.0181520451555,21.4918252180419,20.0572716281396,19.1062005745947,18.6223946904264,18.634606864781,19.0932621044192,20.2266149622189,21.7076406687711
29.1824133341593,29.2742294123117,29.0309424600998,27.8787951868168,26.3570206158036,25.0464015203743,23.9644357657729,23.6250376869219,24.018953177473,25.1198439823076,26.6867689301831,28.1620296808852
4.19340458797987,3.88579603788332,3.56326357790591,3.44844125769359,3.9320042830058,5.21504924520176,7.10760877706647,8.29413158083544,7.80073363435315,6.52905106695265,5.35040838469726,4.52411539457726
11.402747005655,11.1162014647182,11.0273170294156,11.3246596021953,12.2664869927074,14.0920797530075,15.7884432083167,16.7442459928028,16.180076905287,14.7632859976335,13.2217471162002,12.0561338354455
6.80296824754523,7.03742715784335,6.68149574397104,6.01416389100623,5.35527209334591,4.88718194439859,4.61502998614889,4.44143312331082,4.36420709766979,4.49696369857981,4.97696212532945,5.86046564265901
16.0529125657288,16.772954619644,16.546990808376,14.9177433975206,13.0641752008249,11.423921354319,10.059284764917,9.39918716233222,9.4773949740216,10.4285512683715,11.9658053264608,14.1108314584636
21.4976068973618,20.3098358106616,19.9634295147714,21.1045153147488,23.0743353515647,25.3876084865334,27.2956191004077,28.0608803230411,27.991293188985,27.0610461843334,25.3454333789612,23.5187456605793
-1.95703792707939,-1.95827627293759,-1.95805465045908,-1.9436776398913,-1.82697764719998,-1.38013755311007,-0.192362555605024,1.60920685655332,1.86972244213307,-0.299081433985148,-1.89981021125916,-1.94967906443091
27.633045363589,28.0855570036666,28.5193861492128,28.6681051989098,28.4494541365273,27.8413209351941,27.1003787090166,26.5598157588894,26.3125874349603,26.4277070327646,26.8019567907493,27.2223259840389
22.9613979444458,22.2674035055121,22.0415400109268,22.4393512763466,23.5896188586286,25.4830443767996,26.8144745236523,27.4764328886018,27.7733275901472,27.0293235110873,25.644857933255,24.1337946455134
23.1062256945109,23.6963423627452,23.1625173916436,22.3945502582671,20.9779381690987,19.3925092764582,18.1029228218053,17.2410028304205,17.0035899771412,17.5987990596413,19.2388423616618,21.3250163509415
-1.64739227715455,-1.84042979088759,-1.89591383079769,-1.88884427619955,-1.79942934362415,-1.41645482714147,1.36971007403879,6.10034923078012,6.41410830225633,3.98629810543555,1.65345481035091,-0.70142329283355
24.6793639805312,25.2335345276019,24.777868497008,23.9905013448778,22.5579014198198,20.9776681785523,19.7158433421807,19.0234273792741,19.0144938803225,19.7542113373704,21.3356662664854,23.2654235406575
-1.73243415713691,-1.73683652820698,-1.75424418995507,-1.8004482781527,-1.84413713687851,-1.79691032446045,-1.60563676301639,-1.38299745095115,-1.42713443619332,-1.68412679445487,-1.78424678026887,-1.77665664126052
6.64702496266206,7.11088171340266,7.16107824517817,6.87315252255215,6.44794788122015,5.93683450192956,5.37540393738768,4.90232622652226,4.67263865015973,4.7060699997774,5.19119188628969,5.99077943725259
19.379158207106,20.4018709060497,20.3180229561177,19.2418843211614,17.7718752627482,16.4567502829854,15.6218775781751,15.1515898137605,14.9495305774767,15.1904331970844,16.0369280581411,17.5055197480083
15.1113719207613,14.2100617131219,14.0366783416777,14.6542510706144,16.0041757229518,18.0836843240452,21.8416959776702,24.3871048920948,24.1140915646862,21.7310821130171,19.2004556356601,16.9974895832987
18.5694626619762,17.9372736812116,17.737315433721,18.0901159790562,19.3008323327064,21.234382506575,23.8942870914588,25.6770196836058,25.3058479892753,23.4497157129964,21.5077856125991,19.8052841284446
24.6122467814022,23.7878885749217,23.6611720617177,24.9063872755947,26.4637027001657,28.1849128583083,28.9427581543539,28.9882878689823,28.8886735129656,28.3701673311934,27.2723311458951,26.0677926566219
26.0304122140687,25.4873131206787,25.6522899261485,26.1488601799488,26.6471914903336,27.2710844805919,27.8063048042942,27.8376485919118,28.1146543033988,28.3740621185619,27.83200839017,27.0205160737593
8.90896421568699,9.04688969993639,8.88843536580478,8.32223573767953,7.70107736601842,7.33975634876097,7.33669012607878,7.40946710879734,7.25665563638599,7.27918111197165,7.75605208640428,8.45376010196937
10.8383293723225,11.4753658864111,11.1138220640577,9.73703419005439,8.23510328758799,7.03825838825163,6.07682199853082,5.60174709994998,5.5750375674595,6.34453259715035,7.72400421647655,9.50071472322412
28.8315259378036,28.7402153647211,29.2643144961206,29.4001006541476,28.6074181600957,27.4834733414604,26.8344158156284,26.8209130099091,27.0696096693927,27.6766542449278,28.4081920558565,28.8690690193493
2.75619668451971,3.02188659078282,2.54927318204043,1.84713830975859,1.2068655847827,0.80611029389479,0.549085406899973,0.325279196977377,0.177902147223577,0.212807948399082,0.549198171099068,1.54577073136333
26.0733129306674,26.5871064021712,27.2502617805123,27.5892863825107,27.4924875705429,26.944299307147,26.249841022227,25.6734337706974,25.4094255199491,25.4092278044667,25.5616698891097,25.7124404994143
27.0437984242367,26.6558401325144,26.7628679264894,27.2438112294373,27.7512301135443,27.9019633363767,28.0572466890479,28.614404565642,29.0220732268637,28.9159001424028,28.3975909866881,27.7523010819105
30.5479017657918,30.2798978508406,30.169531912701,30.0543362121026,29.1144564248094,27.769940094086,26.6785840701538,26.3772638460914,27.344553817048,29.0783018274978,30.652611749515,31.1638652999982
21.8345185730842,23.0386123357873,22.7831640279254,21.6557189681814,20.1456994795686,18.7054281921694,17.669803529344,16.9600918782199,16.7109138806922,17.0362660734136,18.1809290242256,19.887320787291
27.5410716927814,27.4752972458759,27.6032349423346,27.9094179987392,28.2496058427297,28.4461699722241,28.4384619201108,28.2032358408027,28.3890950040779,28.3766422559855,28.1929676953689,27.7469404300104
5.56332103570219,4.99988866084456,4.79681698784627,4.97183260970728,6.08539420694883,7.91679643320355,10.4218402760839,12.8118509875275,12.6811205003437,10.4835077326571,8.23675427640535,6.56447566808527
26.8302445494365,26.7268126832682,27.5871354270269,29.0933591071321,30.2900502365527,29.6604423249207,28.1340550359278,27.2832462878872,27.4615075868679,28.4888915254162,28.4711954298858,27.6295702724605
3.15659562203231,3.52456782509125,3.2964378482375,2.4221415641113,1.59410191178518,1.07836911572959,0.744530800837027,0.548116174792842,0.470755725797544,0.511506019326426,0.929849766484736,1.91537106336218
25.1669124636207,26.1999256063225,27.2868858998495,27.5850277426564,27.1178075384659,26.1948200886961,25.3195423771647,24.6424882029579,24.2114262054759,24.155282050056,24.2826809621602,24.5680143440443
1.85054199637565,2.24331706072618,1.62204902508258,0.587743679816626,-0.260988162984726,-0.777048639743871,-1.05664907297739,-1.18087589680194,-1.20950643475964,-1.22225248359375,-0.899645202458545,0.306700990448764
0.806508400535166,1.1968164419361,0.740557280669271,-0.173408606356652,-0.861464388112819,-1.19181678648216,-1.35667645720831,-1.43214632546038,-1.48117043616814,-1.53385346256729,-1.44156404308203,-0.661869593627103
13.8894885950088,14.448931465965,14.0933770760554,13.0143875960692,11.8485248088989,10.8066260817494,9.94895710427794,9.31251551033299,9.11686804642503,9.35694029537807,10.4898873724737,12.2949108738936
27.9737646915596,27.7525703228728,28.0151624294397,28.7070681865584,29.4944735976102,29.9180149191832,29.6765531834314,29.4484131802802,29.5579525002434,29.5898847465182,29.276145175147,28.6604513644409
6.30185232734021,5.9023274700362,5.71363046204543,5.95756095946344,6.86611090819536,8.44102630141583,10.1248143830584,10.9598410426711,10.2844592172599,8.96589421631522,7.76722659549327,6.87971256151
3.49248699284638,3.90103831150773,3.450978935496,2.53534106438772,1.49546323946259,0.606598692000938,-0.0479861363504869,-0.354532290864183,-0.373601719070772,-0.0409452167638613,0.773868029497248,2.08732141500726
24.7096171495028,24.0037421443781,24.1374833708949,24.614883098579,25.1364035039033,25.8733557026266,26.9059963124932,27.7648800775404,28.1003787106897,28.1147367385919,27.376579121111,26.1006500841887
27.3853186348336,27.2733008582648,27.4062700709581,27.749534914448,28.1640386590939,28.3636264754558,28.3959109645404,28.3160431272405,28.2899570195002,28.3303674243441,28.1321386255949,27.7240583898403
7.58483895245219,7.87176871201764,7.49500030735591,6.82180470118148,6.18341386095158,5.72106585620595,5.47355248339304,5.3217366065267,5.23068585719797,5.30634010162152,5.81460640592582,6.73687337745681
29.4476440095849,29.3969503256912,29.4974352702189,29.7882348143958,29.9552072716811,29.7589245565917,29.3654833769535,29.2394010986074,29.4213154482863,29.8260579376832,30.0631792854474,29.8410095016259
22.6905317622518,23.6077022332477,23.217213915989,22.1433133704071,20.6820890289205,19.2866773190961,18.2853300525692,17.7155696138595,17.584310636061,17.9231771765812,19.0295199746709,20.8678478162117
25.7207053278141,26.1200379191782,26.4362417026148,26.291793375088,25.9311120434889,25.2633953986009,24.6315820998088,24.2571637013827,24.2000746048042,24.4781493001113,24.9111172723525,25.2850001005277
26.6554690024076,26.9650805305109,28.3470703994012,29.8663169436583,29.5936532049091,27.2348566702254,25.8495243528149,25.7192504584587,26.1978107486821,27.3673550749713,28.1935140641805,27.3167250816327
26.8626930450694,26.3858103931117,26.3665521769987,27.1863326032029,28.2535686792179,29.2641198170966,29.5716432737437,29.5429488022452,29.4322373093229,29.046771101733,28.3730251866072,27.6810249037035
22.720673395943,21.8933331517523,22.0633388614436,23.2243455122947,25.1749640736689,27.3452388458773,29.5743952158246,30.9555888864433,30.9618603675531,29.9679384856435,27.5214811488884,24.6425702704453
28.2191338160147,28.5709514606435,28.4112985151014,27.9158872742525,26.9048458905796,25.72355851987,24.5080821274558,23.8765930426225,23.9102831357176,24.650452539211,25.9236774896879,27.3768579935132
13.3635601099271,12.4677057751605,12.0714029271307,12.257175525096,13.4852625098124,15.916846618131,18.8682377177315,21.1704090100208,21.4268763222749,19.7680012745347,17.1776919974462,14.902201316425
27.7840177763354,28.2052111744607,28.3772379686514,27.9358665740783,26.9848087200854,25.6962914033376,24.5778502524407,23.8877291913881,23.7903192680759,24.3739418744228,25.4514016361486,26.7264014201784
17.3979687038008,16.2892413207469,15.8896134889282,16.3617951768199,17.8294899291073,20.0237272396654,23.4381477232668,25.7124325034317,25.740674107767,24.1492975887314,21.7923659924281,19.487652904958
28.4855104885188,28.7822419770676,29.7527085145613,30.5708081084206,30.2079718278522,29.4060888409618,28.9958848340245,28.8306295466694,28.8413183321539,28.8839163152409,28.9488759457662,28.7155138244774
28.4002088096882,28.4593582524746,29.302895495502,30.1833431481043,29.693023564212,28.0817130099601,27.2874742804449,27.8100493869049,28.1475702472731,28.2789424942681,28.3112859456534,28.4079746776458
29.7679758283839,29.5015695673966,29.7667075344566,30.1671343119207,29.6664230401866,28.7082389950838,27.8465265339722,27.4326940216984,28.0090687583183,29.3590312289278,30.5461511619329,30.4259606046195
0.313676432955897,-0.388303356141445,-0.597515425590709,-0.585943686463816,0.871158768228642,4.41631837541367,7.892976195106,9.62554146189092,9.08182661739626,6.72939220251121,4.12211345875889,1.94376860897706
3.44953528906431,2.45462416342108,2.1439615996951,2.49888038568726,3.90571120895223,6.49480134433762,9.81095568834731,12.7658387334542,13.1186586687903,10.5738633440013,7.73979628716079,5.16683932558908
-0.264665357161957,0.352092363356327,-0.247568467000786,-1.0570636714989,-1.47684974539177,-1.65131740437324,-1.70431245883507,-1.69748540924087,-1.70284491116253,-1.73874137526848,-1.67528158137039,-1.26418067257436
26.8496730648349,27.6819783989254,27.7477033185254,27.0829756740856,25.7206862567203,24.3403675725973,23.4380797573115,22.837004415987,22.727161799305,23.1965968391806,24.1822174893008,25.4681730021078
28.7382675630105,28.6584228980967,29.0228800517187,29.2844515816088,28.7439061212292,28.3418643581353,28.1668486316124,28.1629869102736,28.3681246058121,28.567771643834,28.5794124448667,28.7002995581695
16.6975299532506,17.5113818010129,17.2496675103063,16.0146262938631,14.781149129428,13.6273948153636,12.5882566611973,11.9173654667772,11.7009720157947,12.032251374175,13.1862164799691,15.0268990612491
23.2961639113106,23.9511844321294,24.2330201652209,23.8115372392645,23.1913449743024,22.442808372017,21.6726162928954,21.2115377293049,21.0807864146908,21.1710384781645,21.5532331036192,22.2807610056297
14.610300648656,15.3464156238984,15.1609745837846,14.2333977776041,13.1814155680709,12.2235858512692,11.466069524195,10.9089127830384,10.653176785795,10.9178899092319,12.0261633061953,13.3969143837582
29.9892121635606,29.8530698795876,29.7608423366722,29.9698615198222,30.0074302190517,29.7955595438031,29.5281001332536,29.3945620991031,29.5164537935105,29.7783211211919,30.0946289485423,30.2270362297758
18.2086328524904,19.3482335645089,18.9900652216443,17.6334004553868,16.0919449629795,14.4017332346501,13.1491215425853,12.4878934420123,12.521682260115,13.2751734191861,14.8826507806894,16.6753962008738
26.2499100993248,26.9385757747056,26.9940690187,26.325389632786,25.0614477549748,23.8293543777753,22.8649520790394,22.2508387529853,22.1032677331684,22.5557734525329,23.5431318021991,24.9018328681612
6.94581249007084,6.65889379680161,6.49949696455939,6.66969124370992,7.51755810845897,9.05172907651917,10.6568464040392,11.285595598851,10.3184642653042,8.86838381249132,7.77091253888921,7.29581783881166
3.95146550846138,4.52470122367688,4.47498855840287,4.01627768135978,3.36261587689261,2.69684022533342,2.14861767497553,1.77166229493549,1.61558526957137,1.69029750133799,2.1590972392047,3.08704627260815
9.71203716216919,9.03627409002504,8.72560143867419,8.79366247005346,9.75130341444793,11.8047591691899,15.1729435827415,18.3729898534404,18.3988777536996,15.7278716643363,12.9287537511509,10.9489426003778
10.9615488052934,11.3061713185618,10.8759341817491,10.1166303113102,9.45553129827409,8.92693718962221,8.64161824622396,8.56270885751858,8.56970526735724,8.73081749619194,9.25219074689862,10.1570834795906
16.0517712190752,16.8712706925368,16.5590963479451,15.6387380777662,14.3000652441296,12.9781476946609,11.9127358039729,11.2716682190849,11.099631405,11.5234376046529,12.727727242497,14.3415555412536
11.1138037649588,11.7943827972686,11.8140386951939,11.2863043861115,10.350950365135,9.41564366653567,8.5514566393493,7.90908738947324,7.62021277548441,7.93773969007176,8.70093306790693,10.0446551193623
9.39073371167036,8.82746186036092,8.51028864210272,8.59206593976675,9.57471618923482,11.4530350707384,14.2742697955122,16.7370707790553,16.8717631395107,15.0577580083884,12.493204599819,10.5212689514171
15.2513891913527,13.71961120222,13.1322017903614,13.7009006567682,15.9178896338977,19.0428531808163,22.3939673202626,25.2338147235501,25.2462295047178,22.6743554344106,20.1966973447593,17.6809688528409
22.6459038387766,23.5730439280222,23.4675989510868,22.461017787879,20.9782325783822,19.5590386173567,18.4454531502419,17.7557535990082,17.6272938184912,18.2712530935888,19.5812874126627,21.2760100017049
-1.87180607595276,-1.90580114769758,-1.92476111624322,-1.93363144372711,-1.91665914972897,-1.82584035560862,-1.64763514681352,-1.03759120737034,-0.382458685034279,-0.99840424017211,-1.60837672538931,-1.80243155669612
6.7497388463798,5.27356535831729,4.7659397481508,5.56543152691491,8.06188756884158,11.8772513412704,15.8713274526838,17.966851801888,17.4031827934873,14.6324346606562,11.4772229753942,9.00019784203791
25.1471156501304,25.8528755938749,25.8255355121219,25.0656708317543,23.8310773252362,22.7228709360935,21.8829106783031,21.4805867176459,21.4520132579274,21.7688721151701,22.5608259846341,23.8328250553824
24.7608560197065,25.6728011658296,26.207784715149,25.9606624752556,25.2037568903072,23.9552986905932,22.8148495352044,22.0573000888039,21.673160423576,21.813734961533,22.6024510819836,23.5609241351103
26.0705272757649,26.8601752250132,26.8451261224163,25.9151782343097,24.4461436383856,23.029676151087,22.2011993377418,21.718095839121,21.7108388258434,22.1274730931335,23.1629149525554,24.5770311657026
27.7886815134337,27.759423339151,28.6025300851199,29.8514660256435,30.6424257027367,30.6531605362333,30.187223002727,29.9465303640329,30.0175569208545,30.0226812840317,29.7830775561245,28.8099812542492
28.9463853915756,29.1830532496164,29.6383479274184,29.8607121709947,29.6869911373578,29.6749970088933,29.3356037739241,29.053166649815,28.9052470812644,28.8443921830073,28.60305421157,28.6575992566859
25.2394798096155,25.938634250882,26.1938928395668,25.6285296349848,24.5217072810185,23.3390336566114,22.3745352629806,21.7663035660258,21.5974178317875,22.0185537275936,22.8457829522815,24.0054970450323
3.21687408737059,3.52401948363959,3.44403037582165,3.06967115233157,2.56574398073145,1.99130129895453,1.47449110978077,1.0300218803456,0.804818016069045,0.943100409710863,1.48279354901197,2.35409398286698
2.45641020016007,2.91987328205125,2.73071600573852,2.25984224646114,1.68823822182397,1.12472779312981,0.694995952401203,0.369907911525766,0.202589097057246,0.234333121186508,0.670001264709178,1.4841155475031
25.0014501762729,25.8584640446584,27.0570148397238,27.4807880018185,27.0342797308177,26.2710747558276,25.2451022743585,24.4535312512233,24.1006818989383,24.1899874402977,24.2581181491983,24.4384366156948
12.723532531086,10.9167643207694,10.1010018869955,10.7314749094307,13.6241817684983,17.9455867046098,22.1376084144024,25.633629388931,24.5532326920446,21.0714124169938,17.9285835304844,15.2063790571453
7.49834074535798,7.1109351482584,6.84876787000692,6.94312813328722,8.02697868812159,9.90409332404711,12.0776383599556,13.2041205083887,12.3183973327018,10.6198940490485,9.11816133239111,8.12416013419581
25.0993486119306,24.5863638303902,24.5798953287524,25.176370113261,26.3932218799006,28.0538362418084,29.0311082357978,29.4165921379794,29.2838147659143,28.7643956668708,27.4229046924399,26.0875523435817
27.9583378379365,27.982454400069,28.1948337185041,28.3370636696085,28.4309880510396,28.2236130297726,27.8240030736247,27.5895258672046,27.8513337133613,28.3336407775909,28.320322064841,28.0686207676184
0.947735461194892,1.13157906877522,0.00700047554033092,-1.1048874542455,-1.50625237724453,-1.60708868292932,-1.65856772585098,-1.68432956412667,-1.68199637894698,-1.71869780376749,-1.70802374035041,-1.01879128584906
30.1322596399688,30.1075479225189,29.9367762259963,29.90444374758,29.5797351072248,29.1254233420919,28.5335602330242,28.2075560430056,28.4514605501415,28.9881809753658,29.639056344605,30.1277828119965
28.6972425229329,28.1840374997677,28.2710611739428,28.6709139736219,29.4875880929782,29.5458710128284,28.6886462675654,27.824432350468,27.9265078862041,28.7664103409211,29.397856873739,29.384733404518
27.4049403883878,27.5062078582285,28.0878205228056,28.9273004978979,29.2343387622723,28.7419616257255,28.189638809268,27.891802042255,27.6580177770235,27.576378207339,27.5856732164277,27.4814688133926
10.9497335450457,11.2108141227078,10.6373247724355,9.15795314326741,7.8312276492544,6.63788578995388,5.60957554426623,5.04026827292231,5.02780943990996,5.92719183057899,7.57009433376243,9.54004265325628
24.4150121878014,25.0714791152348,24.953300941932,24.0868881557716,22.770203720873,21.4889368245698,20.4939067072159,19.8163327142225,19.6072103308768,19.9928110827489,21.1528639430067,22.8019949251123
4.0414166034503,4.45212572534352,4.32314512466243,3.91194696798281,3.27588966001212,2.60827213664383,2.01948380097552,1.5601158848627,1.37838964463867,1.56947961966273,2.17531924480953,3.16610037952488
28.2316876094044,28.7586633096381,29.3337669865506,29.3580151516662,28.1902996912439,26.0945814946174,24.4519176762884,23.8227544810498,24.5047702949405,25.8900971321656,27.2283573437133,27.8586865881295
4.54974074861389,4.20869031712873,4.02365808219179,4.05783069809531,4.70928622801876,6.24350006297181,8.30248837157558,9.08661108850268,8.06714696257061,6.48509194558878,5.47583793982157,4.9939175493262
26.2857199122689,26.4785099023972,27.1618299401415,27.8897099947604,27.9313553210264,27.6159612123819,27.1296951689878,26.6179534530264,26.472335747453,26.4647295252324,26.4963292654132,26.2724146840777
29.0772046042489,29.0790555994515,29.3341363722807,29.3960952295442,29.014564883014,28.3470070326195,27.2465546880694,26.4617554282838,26.4962951076158,27.2591006818884,28.1602884038348,28.7526082379492
2.65716217173744,3.25287581252861,3.09276053077404,2.45222793736715,1.60393354885108,0.819591640334505,0.178758598982945,-0.25161709473573,-0.429513116096985,-0.256305241681136,0.394975318071476,1.52849197075487
24.9355209468949,26.1421601089594,25.8922240925329,24.8279491989554,23.216919116389,21.7398029767557,20.8433958694392,20.2412060835641,20.0924594362939,20.4814410778033,21.5629404601091,23.075326031105
20.4231781054122,20.9334612035116,20.9788743990525,20.4216215601869,19.4929387045723,18.3398664679282,17.3284596989472,16.6577619027771,16.3791190580318,16.7384838667472,17.8839758855095,19.182950891138
20.5875213425465,21.6476196839863,21.4961105188267,20.2720226962788,18.9269517609695,17.7045303081847,16.6273550599051,15.9526632182514,15.7044464448707,16.1124549325461,17.2974037240879,18.985223853082
13.9262763993137,12.9583597567248,12.6916909876129,13.1752319629065,14.4597159866874,17.0436484794106,20.7939936351823,23.3327702405258,23.270316310621,20.741513821384,17.971569959975,15.6909127704394
1.30100381364556,1.73348788580497,1.18179292593892,0.148655692045848,-0.788530812189289,-1.33157588509804,-1.53266343528421,-1.5860360530774,-1.61362196013881,-1.65092468201987,-1.42150516137304,-0.0575518581086979
20.4512152149846,19.4494316149358,19.2066407896043,19.975523441889,22.1189417696164,24.351933290572,27.6417055018498,28.9666968012717,28.5350785207682,26.5431015143064,24.2940261002898,22.1869971331327
28.899526470732,28.6828674834879,28.7414505179779,29.1982322258574,30.0120745618169,30.299377433027,30.39085214549,30.7133184390316,30.2670119955996,29.9742072147004,29.892314904246,29.4019189879289
18.7141661377698,19.5633817547966,19.6026344407688,18.5908177922399,17.4756010086144,16.427293972461,15.6167078229779,15.1352185116513,14.9553355178611,15.2969313109277,16.1333070039047,17.3024038717035
27.7673040024341,28.3658968103957,28.586266784062,28.362996498815,27.9380817948444,27.3501480064797,26.7520017853093,26.3044090535479,25.9554712760001,25.9244464753275,26.341732278736,26.9607090930419
27.2789664736972,27.0186882393639,27.2709796249908,28.0440360265017,28.7909624610875,29.124885383309,28.732708792462,28.9441303812476,29.5343521554187,29.4837712834945,28.7629035612814,27.9360606959025
24.8514031781501,24.1301805303998,24.0473631011974,24.3012402491049,24.8091469085996,25.3340111630721,26.0761488005624,27.0164846634513,27.5587624740974,27.5323459181411,26.9692467506976,26.004062001991
18.2893135708754,17.2084176712583,16.7374134020149,17.1363976825359,18.6988526818729,21.0920670880799,24.2901423935161,26.5197907563331,26.7865271358229,25.1447698408011,22.696446367716,20.3328193461588
25.4022631447181,26.0623245374132,25.9096880241328,24.9157681348792,23.7094560935418,22.3721825372769,21.4230066132581,20.960996218094,21.10326822141,21.7378937761703,22.860425999415,24.1601454321393
1.64816728215226,0.491741322815819,0.357661730798772,1.26896283747443,3.51542086293454,6.91476624730052,11.2776583201636,14.5318003171694,13.8787977138359,10.5523381405077,6.98179201906131,4.01173032584816
3.57792793974291,4.09183578220966,3.97650634667009,3.5045289555023,2.85865648815027,2.21467473941904,1.74253011622239,1.42536518078882,1.28094446141647,1.373406673751,1.83457703851252,2.64412538955485
28.4739206009081,28.4556275651633,28.725541048013,29.0830536569628,29.1692922240583,28.9306175884203,28.5407290152158,28.2130992118644,28.1664318780127,28.3149852049306,28.4630597742075,28.448965803571
7.14376907550306,6.75217828064503,6.57629585335601,6.97149524585114,8.38914107483693,10.62725515996,12.7871783552913,14.2681950895945,13.7089777923171,11.7947800314288,9.67065488843002,8.08977987489702
17.8208166130903,17.1134556383222,16.9856925207696,17.5209454503235,18.6145685080533,20.3557390279182,21.6973758352283,22.8643654441937,23.16554612421,22.2948135188974,20.6890578088547,19.0127582672351
18.0664414201634,19.1242674052002,18.7638456659071,17.6947390389139,16.3010636216162,14.9307373694815,13.8403049007767,13.1532735707986,12.9647178358909,13.4212797633844,14.581146016528,16.3090003763906
1.64194020608971,2.11437369090285,1.70495564384183,0.952475313312029,0.174689758098662,-0.427029128736782,-0.900606687133186,-1.22600096503441,-1.3841305838735,-1.40962265599628,-0.89348593114791,0.34159406265019
27.1182278528079,27.4085347616952,27.8603440382206,28.5106990851141,28.7661830636213,28.327308916693,27.6975249028437,27.323587735316,27.2298424434309,27.1870898426158,27.0488486332521,27.0172828494288
22.6250512598845,23.3105111637146,23.0504055731621,22.0808995941178,20.6275916599656,19.1278323228079,17.8844839890733,17.2722152533888,17.2361481768255,17.7863473115946,19.0302117787442,20.9101614524406
26.8437143843334,26.6073142701171,27.2347401508244,28.6027450755339,29.9820886188678,30.0559885503831,28.831760780535,28.0198065685383,28.2616470844774,29.0882529960636,28.7754177687555,27.7133419088275
27.288828565699,27.6939944581818,28.2634702780405,28.9857895567604,28.6428639949774,28.0911198328176,27.4777712056302,27.2352549938975,27.1721311187204,27.1076826601567,26.9665233888691,26.9374332447004
26.5344525671365,26.084082409264,26.3158681701933,27.4236728078749,28.7973571705889,29.8156526670787,29.8491254586938,29.5929593758135,29.4670762786549,29.211990789499,28.5705686586306,27.6385133215258
7.36903603552409,7.65515695776815,7.39704045942056,6.69684615111618,5.96216619963342,5.35021701779637,4.92355224621135,4.69524338399745,4.63241453535725,4.87531031197686,5.44008097315644,6.3709098542196
-1.95497026681743,-1.9561034502521,-1.95691262822875,-1.95646091229526,-1.94432449506565,-1.87110957837678,-1.77201312102481,-1.78401553822942,-1.90470076806295,-1.94030936880466,-1.94963200918875,-1.95374113400138
1.76937586998869,1.26982835170592,1.03255869677693,1.02857695699996,2.01831824731841,4.36124086702949,7.01553585129847,8.29701565459689,7.33922935195372,5.27792673663902,3.47753671402631,2.48471100274767
1.85650877195005,2.24363091727556,1.61570551524941,0.576585820866626,-0.339215230903785,-0.873393836298311,-1.15320011722547,-1.3418675717424,-1.45243902088909,-1.46255308385719,-1.01461058320381,0.310247599510922
23.1975548609083,24.1157258666757,23.5374656701265,22.3991818543832,20.824363166414,19.3383359206586,18.3065227024575,17.7814854624845,17.6896856396741,18.1430478781704,19.2962599142949,21.2416970719436
-1.9525756356311,-1.95519285593387,-1.95713542243495,-1.95641015342892,-1.94304258918825,-1.86029279720813,-1.73489364076151,-1.71450421121165,-1.84774410638129,-1.92453100704217,-1.94484537211422,-1.95104092562569
9.10565604275456,9.48513388329779,9.4197581301883,8.83547894986518,8.18324706607891,7.57528516728295,7.06887135111465,6.75773620239205,6.64407869842861,6.92266918436741,7.52291265327677,8.25694626033848
24.7237013734485,24.2981945251625,24.3346168424229,24.618225040399,25.3873592258446,26.428406065821,26.8037130263686,27.2258474182138,27.473567971857,27.2518536102941,26.4089190100285,25.4701709248034
29.9032069745303,29.7435212661828,29.7429720048719,29.8860592269521,29.9082726894663,29.8029899213552,29.6367936608862,29.57345662446,29.6924538758823,29.8718779328981,30.1235873775611,30.1762818555202
10.8569496883129,9.68336170067137,9.21838684198173,9.46499105296623,10.7477628718744,13.0173341903792,16.4075150022447,19.6156511359664,20.0390459398785,17.7298570003316,15.2354667074333,12.7730477137224
28.9356247454438,28.8319006138083,29.1464715067616,29.4914568616394,29.7622802387937,29.7857533792918,29.4730822076005,29.2954837769722,29.5038514775562,29.7006683669498,29.6744285279675,29.4068669547049
-1.68403843223292,-1.69496740477815,-1.72999440758738,-1.78800676914959,-1.83240470075166,-1.63887820111592,-0.844553831665971,0.485854107589545,0.545912428508917,-0.551921907952881,-1.44863019483482,-1.63095195402575
19.7060210444829,20.8320263840799,19.9544152009832,18.6926174505043,17.0299118257691,15.3271682785651,14.2223515215235,13.5562005140847,13.3962113150729,13.9002100608135,15.2801892490357,17.586021967625
18.5455946392309,19.6264032587126,19.3207958692365,18.2362759458625,16.8210397495486,15.4967114897021,14.589439759667,14.1535959298078,14.0744980821327,14.3176784980578,15.1619274703336,16.7815325797311
13.1132740641027,13.5354110534775,13.2681003130744,12.2477177344622,11.2113107207392,10.2581783528775,9.40178296010974,8.82077427019457,8.65895353380478,8.96094749872334,10.0787428378463,11.6619405445097
5.64301241898442,6.37634447445882,6.29294073493805,5.70005280847077,4.86331138665131,3.97918291886863,3.21384659817841,2.68695236655812,2.50677054705113,2.65162275308694,3.32163493080764,4.5667561617792
6.04937910427919,4.26272339595566,4.81124211703761,7.57677847013735,12.2160342570378,17.9238992722325,23.0988903193858,26.1641815573465,24.6048736681793,20.1520611113832,15.0579408096849,9.98809985664954
19.9107694833585,19.156928680457,18.7770938753534,18.9842918613233,20.447001185179,23.061953758272,25.8729715455332,27.1616803030171,26.6060425912859,24.9177001273745,22.8666171100581,21.161531953793
23.2870578240079,22.8911327362166,22.9022661388277,23.0762151915492,23.6089139902831,24.1663133716072,25.4502344354941,26.5792979171828,26.8417843772703,26.2599691324112,25.2881294859283,24.0945385028229
22.5509815632621,21.8438120656311,21.8713526549,22.6073228557574,23.692748940222,25.6489746834453,26.5943040987383,27.2085279376517,27.5016500856378,26.6776817929102,25.1974510297752,23.901117103385
27.0447405174113,27.0753375694197,27.3768544439657,27.8563721308682,28.1733407257198,28.1531846459362,27.8617976821098,27.5858594368361,27.5426498559973,27.53038180456,27.2983204360555,27.1502076412796
24.0236862286603,23.5825650188725,23.6336314295667,23.9634532707135,24.7925736610044,25.8561094589836,26.2569985337596,26.7166350807976,26.9938858590836,26.7230127418027,25.8324862153219,24.8115582561378
2.69657062923557,1.9891244026284,1.98799832742859,2.53590876454816,3.94114085158385,6.19029991084524,9.48483627323262,12.0651235028113,11.4346897761277,8.83225990620556,6.20289269512667,4.17185183138962
27.7892847096746,28.0952175020072,27.733317333024,26.6465392420612,25.2221541868932,23.8404050896479,22.7106640449783,22.324716803401,22.7376933004799,23.7905183898701,25.2118187178988,26.6006698919151
28.0476736893697,28.6295694382516,29.3582854696528,30.2859814907022,30.3211467571359,29.4229938074248,28.6191783647909,28.2736746171879,28.5370599964948,28.736362148226,28.7883641319712,28.2659583249723
28.9410665469642,28.9609714805461,29.2215063047492,29.4764188615703,29.6828202913371,29.6659941447856,29.5912697930789,29.5036605457832,29.6903571754506,29.8205803530975,29.7553182336477,29.3314277390517
0.732183294398204,0.669713628477535,0.585102545162697,0.599133171419076,0.912250351165769,2.31896951873614,4.80840440390446,6.54770970362084,5.89143157422462,4.07988312606693,2.39692665081789,1.07661187439698
26.4033698034032,26.1198785704913,26.3171897665703,27.0956123614813,28.2931517754587,29.4013858981385,29.9842909986172,30.3572546045848,30.2911071603435,29.5512357560974,28.3001079153724,27.1878304343934
26.5535105810796,26.9968663130138,26.656716659916,25.9723460889691,24.7885391195392,23.393271791152,22.1472457286289,21.4629422578551,21.3966664447065,22.0622280618439,23.4759539529954,25.2324750042172
-1.95430127089008,-1.95586157755697,-1.95555300656218,-1.95189333036739,-1.93308149304677,-1.8513908562355,-1.75163945095651,-1.73688578295662,-1.86934684665731,-1.93997973019126,-1.9501559230016,-1.95289776231435
24.5960457767108,25.1602741734727,25.3592190612822,24.7944059607419,23.9316536056227,23.0398475631554,22.2605035739871,21.8681367520361,21.8324589661678,22.07401708869,22.6188150879463,23.5195147027408
20.2903579168889,19.5773918665088,19.5182397366513,19.9299143173852,20.7755641974847,22.0209112613786,22.8339611159255,23.6760013998209,24.2822800300425,24.1841359706635,23.0098156996434,21.470719564519
9.76729860100961,8.99543545686771,8.72811555447305,8.91430240186292,9.9410238932911,11.9557403224068,15.4231315919814,18.7441760423636,18.4472457909836,15.5336715114725,13.094147154582,11.1453895771726
21.6182895565825,20.8169443833795,20.7374722517689,21.1508657044139,22.272804740328,23.8514906823923,24.6567659314086,25.3421597973903,25.7464071963551,25.265675589846,24.0846794130152,22.7422801566096
24.8083955854869,25.5696110191392,25.3938611608227,24.4689952287152,23.0410678797678,21.8379253345925,20.9283488061132,20.4515089451594,20.3592923748774,20.7155912431764,21.6822046616684,23.2394001274215
-1.94863239605527,-1.95058103768879,-1.95019915216147,-1.94818066202973,-1.92653663231411,-1.83619615453734,-1.74568961194096,-1.74441598838506,-1.82775388432385,-1.91533342695952,-1.93995489582194,-1.94651747376153
19.2454539698032,18.2557102246454,18.4531976667256,19.6871013322521,21.9191485692034,25.1784258996884,27.7523031603659,28.4600461417357,27.3866215321612,25.2645073061111,22.8065273469109,20.8268429094665
29.8660240204605,29.7241244935127,30.0973181648362,30.5082960100501,30.364596367121,29.7080487283143,29.024292339194,28.792578956428,29.2245908419591,29.8582755357452,30.4148035266413,30.2982214903903
22.2845478583735,21.5689622381293,21.4040768871002,21.6879920667891,22.4392059819787,23.5473916992321,24.2539580816771,24.9981619529823,25.7106332396286,25.7591145364122,24.7863965756531,23.4413801077024
13.4238928339426,14.0646089546058,13.5724759275033,12.6935797897591,11.8285059808852,11.0341975113212,10.4631303369289,10.1395419869103,10.0793033302018,10.3396085082405,11.0820924029169,12.3173020696296
6.78484256982694,7.44830297622717,7.43971170214474,6.87014813410094,5.85593864893557,4.79947752547153,3.94907464530287,3.42008936055713,3.2355788439724,3.5414888423964,4.3897749565915,5.74056827180523
17.3464793835701,18.273854720873,17.6985929461982,16.5770009380369,15.1116396328066,13.7622358352595,12.8216691657107,12.324282738375,12.2293296820785,12.5710654525722,13.6930960690334,15.5475909762355
11.4220564844163,11.6368406815892,11.4601262434254,10.6382238133092,9.80351842587985,9.11671229502795,8.58234224548299,8.23326305408884,8.0953678209244,8.26764589070728,9.04219621696937,10.2517003585275
17.7204545057253,18.8587157776919,18.4648687032161,17.4208870026729,16.0381572396613,14.727137793833,13.8351580480617,13.3843916919166,13.2889465442894,13.4996172253029,14.3098924104649,15.92612265715
29.035889691628,29.0986768714283,29.3600400126936,29.7202607421323,29.9360963706565,29.8914918353564,29.497907408672,29.1029113730274,28.7811471761366,28.7569898712813,28.8809674847697,28.9262576239072
28.6458198970242,28.2998629797095,28.3424270383185,28.7314913136274,28.9971802753173,29.1208314884411,29.1193269306432,29.0421414747698,28.987824648907,28.8752061204508,28.888174624318,28.8143260698555
-1.95415197253927,-1.95257172608919,-1.94904352657876,-1.94431953695674,-1.92615520613527,-1.87060000520826,-1.7363819633479,-1.66287170199624,-1.75768713887803,-1.91131723182938,-1.9476733018541,-1.95251843214125
17.6310182677249,17.0075683500415,16.7418075827487,16.9788950765032,17.974498866064,19.7117725204804,22.7352910701375,24.6924641907767,23.9178098607556,22.0014168597353,20.1406164582569,18.7040378238447
28.6194986550314,28.8809781157863,29.6572179571245,30.2014679745176,29.586778505458,29.0647441966486,28.6008205739683,28.3901704790654,28.4118678434161,28.6302225821206,28.9014713097186,28.7777806242815
28.5547784836969,28.8155362881813,29.5605678433684,30.1746708248664,29.924578372932,29.1787007031127,28.8327733950291,28.7987439388441,28.9046494817268,28.8312370249105,28.4035412487588,28.2884200086501
21.3481300190937,22.3222163018113,21.8938104556375,20.5315450718324,18.8684654523158,17.4770806176147,16.3527438272188,15.6548904803651,15.4362282933357,15.861415500397,17.1805004193815,19.3280235391254
0.215877697959587,0.674594650584955,0.27092448877159,-0.657096036481509,-1.43768965790735,-1.728745685423,-1.792606455147,-1.78187266803281,-1.77895725384811,-1.76019623070624,-1.63255792874504,-1.0890622128218
4.20203687282907,3.39242822760643,3.09511086575566,3.31698993668356,4.45423197967899,6.51318617843348,9.14374166880612,11.7360432148147,11.9447353127782,9.88036289039819,7.5540280925114,5.54254831767553
1.39345620923995,0.988379726303519,0.72682883507092,0.70218132134864,1.84228009054895,4.78951666133554,8.0137675765955,10.0108111067097,9.37636230057047,6.4257449179538,3.8036082418536,2.23219379408627
28.4628475294436,28.3093400045966,28.5201286015653,28.958281052934,29.3771036708227,29.5730896121549,29.6172587873884,29.5877783612987,29.6655692989485,29.7539667508778,29.4943559727282,28.9413215364833
1.13642662549415,1.50953026309944,1.19937246302891,0.348642167949467,-0.438927775381245,-0.908805747244958,-1.15272832771135,-1.26508688745298,-1.33223833207057,-1.36439300095865,-1.08250209047297,-0.101564360037822
9.73368384688346,8.37577395634454,7.84635118973371,8.37943407455669,10.7227428791616,14.5446273107329,18.1884483976429,21.4607927677628,21.4241036200513,18.2421050420877,15.0358130767762,12.0457210495773
27.6698590870222,27.4063340825174,27.4676331054741,27.5784233642792,27.7693539449812,27.981982632445,28.3348791185598,28.6344781143682,28.9115219053061,28.9334425083485,28.6730541982446,28.0661449455384
12.2063480899392,12.534021798476,12.4145165626698,11.9206972381357,11.1305791721852,10.3656461931089,9.76643500153638,9.35513310637052,9.22499440323958,9.46543457207433,10.1385048160899,11.235571286446
4.76658099049571,4.31034209996722,4.07750780618477,4.32733016938535,5.72827014073832,7.9476429892313,10.5464267679602,12.4759113689765,12.0260698445248,9.90217787014861,7.45556165556359,5.68809975417794
25.4655673212471,26.0468025958492,25.4943048460366,24.4387793560277,23.0498804918825,21.728369083356,20.6547584149641,20.1535882867971,20.411690779401,21.3297185745683,22.6673481085294,24.1831593626866
8.78589788380073,9.00562373497861,8.72058754201388,8.12012757090354,7.54043845810166,7.19313198267286,6.99694618136343,6.81316380296611,6.74373214823621,6.80422592474835,7.24843757184515,7.96876855958319
28.0447233785826,27.8872657573224,28.2248273001894,29.0456389814684,29.8145734045924,30.1967611588739,29.9478859090289,29.7497162744757,29.9095338928428,29.9049447795572,29.4758017686928,28.7903714597881
11.313730707918,11.8052575665878,11.2891669670218,10.5281450897521,9.79854122516442,9.06645111741805,8.56198822822833,8.35638022781205,8.3817772069103,8.64019129175825,9.25311988718381,10.354000840367
28.3477033363254,28.5945761693158,29.3611669483897,30.3120820217721,30.5098176492141,29.5023430681849,28.7328736440296,28.4989156545303,28.6645479118305,28.7939617688091,28.9792406989858,28.5706020995611
28.024707132597,27.7875736179335,27.9582098527039,28.3979056389141,28.8449808932032,29.1372033759824,29.3070424422644,29.4375904728951,29.5831520237676,29.4992575899424,29.0905026818842,28.5331365962075
27.1875170521534,27.4335357905559,28.2457070338663,29.4971754010877,30.1603152144122,29.4722388984461,28.7826858010284,28.6478031254135,28.4730821718926,28.0820022817806,27.9449722720725,27.5673428510517
22.9083466670475,22.1880264319468,21.9149496901392,22.3145545317231,23.6364580645238,25.7184189688987,27.3463333958827,28.0813323039334,28.1400637708172,27.1649058005702,25.6432696852223,24.1066168537295
25.3301518051178,25.723058976387,25.3799826804288,24.4282366403247,22.9832941786908,21.5791453954103,20.4036301323258,19.9745348968454,20.1955775191546,21.0177779645857,22.3443206648402,24.0243240955196
1.52774002473517,1.94888334461741,1.39143128044813,0.492938605156047,-0.392911972690586,-1.00418309114565,-1.34594660244471,-1.49288513007407,-1.5507943363042,-1.58951611893092,-1.22488732522215,0.133523087309703
0.638601600325319,1.13499814945992,0.891268908188343,0.3153614549733,-0.370347252732081,-1.01960156846389,-1.3758001364101,-1.53469983580971,-1.60978467530844,-1.64033292902954,-1.42230184196953,-0.48506332598071
28.7976785666507,28.9029112141188,29.0641189374253,29.1070829672221,28.7319915252814,28.4079893775943,28.162035720123,28.0181225846845,27.8283960965504,27.7299834095233,28.0819856592826,28.4311074479077
1.84446963125459,1.23414856258475,1.06171865091035,1.45271360182716,2.99149178435199,5.86827255562934,9.13250950766662,11.5137861097644,11.1868707192977,8.25496503972369,5.18839997912381,3.02705285277507
0.903248577923443,1.05948102023009,0.331424270282955,-0.551263021860685,-1.12203765061919,-1.37096311655449,-1.47638062013548,-1.51352339431398,-1.52191409620169,-1.56874374714938,-1.43841026664833,-0.39670251006201
27.1948599169542,27.1699339962166,27.4773385106971,28.083985271097,28.7989259949843,28.9777531747959,28.7128383868801,28.5400858401874,28.2112596581803,28.1389866489588,27.9791573035369,27.5208272279259
29.6611231285208,29.4937207895835,29.5762990838292,29.7721696817516,29.7453735198255,29.3518409236379,28.9837782791304,28.8102058039632,28.8950793017819,29.2423535558355,29.5977731970105,29.6895605416578
28.7462689761009,28.7911090584437,28.9158346158013,28.8449327214177,28.2567697338054,27.5480844944334,27.1289641960582,27.1950487862499,27.6033439989026,27.9656458711501,28.2151688423908,28.4762292021273
26.7099902140042,26.6626939211052,26.909006506405,27.3108554062334,27.8209572127479,28.1430498014428,28.3290590955374,28.2721884954631,28.2051084319923,28.1485602482998,27.7191929400322,27.0718586979426
27.3325936405542,27.1326962153844,27.2072440392526,27.2924988278029,27.4990941265826,27.7948962746931,28.1677674673694,28.5104069831366,28.7811232035004,28.7638987129349,28.4319692916045,27.7559005275308
27.7293656551359,27.8862353245685,28.8479119527719,30.4171519125045,30.7975747064912,29.9043725935641,29.1910714537949,28.799168578371,28.9696665774954,29.6033143959076,29.4618463289215,28.5416392310894
29.4785407294521,29.3106109728157,29.2683891657015,29.3445019984421,29.5798783813401,29.7103322886359,29.6116201666461,29.4832679736373,29.614214524045,29.6141546262022,29.6829291672959,29.5802605314507
26.3863448505261,26.57678156503,27.1605815913374,27.8410003205985,27.8189080221857,27.3722767178771,26.995955467702,26.3257908315935,26.1386281741978,26.2391514563727,26.258614474683,26.1762631935887
27.7386693928675,27.7507880629422,28.6356313399019,30.256510680621,30.4609093271157,29.6306843208087,29.0407780380441,28.7406903547439,28.7693748079912,29.12985657604,28.9636015109804,28.3267275647147
29.5417105559573,29.419996006103,29.5300890787707,29.5843976164188,29.341437068197,28.7681548120207,28.2866056853339,28.0828078720545,28.1589175937996,28.5718681219522,29.0890216812559,29.3985391952194
0.719925184794426,1.05899455588616,0.426221941050037,-0.616989481705802,-1.28078401444101,-1.50469971006817,-1.55585726653872,-1.56156215645089,-1.57493424381791,-1.64049224501199,-1.57916863992229,-0.678768049414803
27.2014116003648,27.2055251957396,28.2067902910521,29.7190813072584,29.5473905921171,27.6252113699512,26.5486189241495,26.738447482655,27.1575746387826,27.7340222095547,28.3612468549565,28.047823995899
17.1832654134578,16.7364741179429,16.6407345540128,16.8329492508968,17.5411619505332,18.3785070529035,19.5018008228922,20.3528836229213,20.6127551706089,20.1893287369887,19.23618777577,18.0216075442386
16.6239854938332,17.7545140815149,17.6800730558592,16.6621597213425,15.250268087557,14.0174169743173,13.1102810915147,12.5232061249232,12.2533338436344,12.563199396645,13.3910049264755,14.87788954202
17.3632916004482,16.7177256866682,16.5024836865103,16.8703289488125,17.8477402447164,19.7211311460178,21.5108086032497,22.9402485436681,23.0519574452498,21.838414289566,20.0926857308945,18.4711045518275
24.9385320601192,25.730903982344,26.5033280674324,27.0867253785356,26.6661695864635,26.1042512369791,25.3018677012318,24.5558759528856,24.4935629564491,24.7741573627112,24.497385830535,24.7294365390522
25.9099521904546,24.7588879006621,24.5172041785496,24.9907915313255,26.4363604338604,28.3029984796313,28.7327721914739,28.2557754249199,28.5222206889845,29.3724716171899,29.2796196153054,27.8081281499032
22.5994004629739,23.3301812362669,23.066903776423,22.0481723781103,20.6755795345321,19.3480297215553,18.2741669571959,17.5124195232241,17.2581657912509,17.6754340013177,19.0193341660141,20.9814245759592
0.159620564948433,0.713789031606285,0.174443720128556,-0.716263687792414,-1.37635113736469,-1.59539147935753,-1.66950203286872,-1.71323980918485,-1.74628967798058,-1.78689736803956,-1.77988227735566,-1.21952285381877
27.2102226367292,27.5133820666072,28.3905776910029,29.5731440815142,30.2019432788714,29.5809038131356,28.9442575900813,28.717093230913,28.3971204475608,28.0224887637281,27.702501234171,27.3981149864175
24.6542889173667,25.9914805564995,26.658676179575,26.4227606128537,25.5329611155852,24.3903361551431,23.2545263032446,22.2830419267617,21.7533772906851,21.7601619930009,22.2585453849707,23.231371697064
28.7216283074994,28.8981212447366,28.8648136788944,28.4055568482967,27.5003576620516,26.4943136953523,25.7143583086637,25.3643383197413,25.5137877780191,26.4826807527628,27.5637986633714,28.2332088176134
2.12551573358669,2.52152010251354,1.91854809171773,0.968369509638111,0.118261677607205,-0.420255338446329,-0.735090448120265,-0.998219397531409,-1.16544512597566,-1.17625076983446,-0.71912088599258,0.595768630344288
15.7041534563479,16.7821349234151,16.6950544751287,15.9941767074942,15.0358221860619,14.1385921700232,13.5384771376321,13.1541654452162,13.0223433258864,13.1100544332833,13.5690717503127,14.5080112786953
25.535341955884,24.8791492079435,24.8182305673201,25.2030200256196,25.8280705680276,26.5427115022488,27.3563249399961,27.8521939698969,28.0048255205501,27.952612683995,27.3874882204732,26.5460092979796
24.655471535996,25.2265840024088,25.7988700982387,25.9136984280246,25.7150287988213,25.1037935078369,24.4255465519967,23.9258035947216,23.728107907715,23.7365444399459,23.9838937244479,24.2001551859704
29.7763741840185,29.743382015819,29.7997834086328,29.8999813056327,30.0281085642976,29.8849236784809,29.6257935627049,29.4987486947152,29.6702338528678,29.8940156271116,30.0742081359541,29.9778886718547
0.634114100575546,0.795166266372415,0.0363372556252203,-0.870082289508572,-1.38833754472767,-1.55398529085943,-1.59924993479906,-1.61233922276305,-1.62676339576843,-1.67014315357536,-1.5917467461716,-0.720165140249103
27.5920722374358,27.2348387106452,27.2360202099982,27.8485941892297,28.6533105200284,29.3593408695451,29.5667395427521,29.5964082138562,29.553864374582,29.2613241852726,28.7340986671865,28.1758504301763
18.3027889739577,19.4464326056169,18.6980523779989,17.5334073090747,15.983815136701,14.3074772958734,13.2391361968911,12.5543936011487,12.3792720854321,12.8317047030566,14.1260156481955,16.2978514426933
8.69639646287529,8.91345507701945,8.71127885820396,7.92768191947466,7.15986542159286,6.58122008461154,6.08821198803906,5.80199071778752,5.69554227067021,5.80974957625244,6.44107648976636,7.56272306437461
20.0995869042512,19.4527397673426,19.2181771154646,19.433391563592,20.284671050876,21.8657713616793,23.3261190974873,24.5586391258633,25.0813727826247,24.2830261729067,22.7874098509032,21.2294752151495
2.63944893874363,3.02328390545526,2.89203099190512,2.42892363522754,1.86674046984408,1.33282477549211,0.888648612618854,0.541924968576723,0.371131752880799,0.402515180272357,0.831243868789466,1.72024960737367
28.6988947695145,28.510814699791,28.7731094348295,29.2032600441272,29.5132310834669,29.5813447569154,29.4159809770659,29.3164471491807,29.578359080634,29.7597629139169,29.7299043719709,29.2524783290172
25.2993829542801,25.5552019601073,27.5266962589855,29.4731211896048,30.7755092263938,30.8636776146366,29.9474349705592,29.6717113314252,29.8325562381094,29.9723886909813,28.6985152796867,26.6742713641445
27.6163135024008,27.3611093659342,27.557630641456,27.9776895042015,28.4136165957096,28.7882893847719,29.0139933617219,29.2132429700757,29.3972556840238,29.2852429508012,28.8996922932145,28.2428822621888
25.2699850562099,25.0283373467892,25.1132119258381,25.1682184237123,25.5471964591794,25.9558777670301,26.4831113842507,27.0778923276919,27.4044151386581,27.2188434579567,26.6252728667742,25.7704691272184
23.9338911353931,24.5785509545524,25.0307244700594,24.9406299100389,24.6025071064148,23.9223419729529,23.2117008715262,22.7136722235994,22.5605337633432,22.6231087029324,22.9402478212058,23.3098460263575
29.518051542725,29.7536536953463,29.1530210718798,28.0373025752591,26.8885405704272,25.7521045492341,24.8222564016644,24.4730904227653,25.1513031934686,26.2980737936318,27.6622084292615,28.9582843660115
28.7785480904249,28.756264178441,29.5021121038467,29.8862778143195,28.5301082725499,26.677618673083,25.3074230507259,25.1818000888139,25.8471506008117,26.8519264346129,28.2204493165084,29.0629610892176
1.43184466397688,1.8749303317768,1.67815150184083,0.99493489419649,0.271870740967707,-0.257698919121459,-0.653677986515197,-1.00388026951988,-1.1659426182166,-1.13990836929632,-0.703538760047787,0.296599480665484
20.9300401953673,21.6297283298728,21.4430163674892,20.3501239363836,18.8268072784844,17.448281102548,16.6039279992838,16.0948876869585,16.2343523207856,16.9647945466429,18.2178204487902,19.7133854146728
29.1714320271327,29.370445517165,29.4740375016054,29.1241208460404,28.3761334069125,27.5357776723447,26.9628992871131,26.6688944529563,26.8143241304173,27.2742952449666,28.1413803143587,28.866572240465
23.3968221542837,23.0139060069212,22.9037315607527,22.8506904745467,23.1927913811698,23.6825735348542,24.4720992568377,25.3998640725506,25.8567801335795,25.6290661428752,24.988515499362,24.0484820577552
29.203348504422,28.8647600827351,28.857261885513,29.0488880372099,29.29816883111,29.509975074453,29.5182375047835,29.5032362608735,29.4198924082707,29.3525882548804,29.3730539608421,29.310271090615
23.5324275782411,24.2222534672816,23.9315436814944,22.7758137347913,21.3057942836728,19.891255702869,18.8212020280872,18.3890310887889,18.4480978692881,19.0350528998375,20.2701925095375,21.9548639056388
19.2624425048909,19.7474300700861,19.7224747016562,18.9319659265877,17.7253398481773,16.4921910170333,15.6331284761758,15.1528714780881,15.0985152474839,15.7151951309607,16.7608977469706,18.0725295779007
17.370685551193,18.0666817626801,17.9696853212347,16.8878158582753,15.5522498435771,14.160114482606,13.0322376417352,12.3411345938737,12.1694179961579,12.6935064061906,13.9075402238463,15.6361241664224
23.9198800341322,25.2690547395359,25.9271187990907,25.6370516741523,24.7649086809375,23.5996904328571,22.5089452184277,21.6515292177595,21.1629148293067,21.1277410899328,21.5373937244952,22.5070777201499
27.3793810401718,27.722709496465,27.7505062154449,27.3141511593427,26.3499831977011,25.2109186454253,24.2584179717841,23.6445540374597,23.6089940543207,24.3762161259536,25.5026388453394,26.5527434992522
15.9240803637089,16.8334647182882,16.199886931305,15.0829402859235,13.754184052796,12.4850070191575,11.5577514607225,10.915451007923,10.7507916318555,11.0204832936331,12.1502866066574,14.1421713169666
24.1105294244353,25.3108939907359,25.1504610703739,24.2351110987255,24.3239912487198,23.5262774517802,22.5873953142782,21.8914815768313,21.5545586814956,22.1631090721691,22.431786082243,22.8049965624688
26.1928345224678,26.3058551033503,26.8094395706272,27.5359043773834,27.688710168448,27.5029512888266,27.074399630629,26.5132707222301,26.5593937389405,26.5685592297214,26.4752208308365,26.1823921138734
26.03925474731,25.7231033068571,26.1394341234117,27.619919953679,29.1346765605349,29.9434257545466,29.9109929613356,29.7298297912278,29.6180657241535,29.0369670040828,28.1553312667853,27.0169276654544
20.7621660955776,21.3952625124429,21.2561200617236,20.3525317604015,19.2227977114619,18.0402923186688,17.000944433027,16.300711367534,16.1571456607524,16.6338257094465,17.8616963641045,19.4357969780802
1.41609211938454,1.84726743433226,1.57467174527996,0.977087106401375,0.374434977828755,-0.197486131069677,-0.690834228882479,-1.05849397193422,-1.2702046291568,-1.31100580594869,-0.712993095027135,0.28869859322129
12.7823825950159,13.0944325075788,12.9289630018788,12.1463571166777,11.2056441061277,10.3681574902342,9.7518159291775,9.41655142170103,9.31733593144958,9.50480129405323,10.2384281594198,11.4318231715861
28.4668185463076,28.2514816033075,28.4704757120931,29.0432396354228,29.5403072952593,29.6955421156828,29.435874077165,29.2762245355915,29.5438875509357,29.7277863610507,29.677955480016,29.120768082613
22.1243296964141,22.9801480511811,22.8414208149305,21.4693474976205,19.9595988767608,18.7233051045493,17.6429174895045,16.9928339872115,16.786032189711,17.2340312594693,18.427173750615,20.2946083547141
19.7549063105486,20.2411698985022,20.3344642559133,19.8563782909466,19.2513032205397,18.4485432321908,17.6674174892839,17.0741681827059,16.7168791243851,16.8078281322551,17.5944064048753,18.6555669072596
11.3466682374945,11.7863952836898,11.3898275745121,10.5233364774682,9.54352491173203,8.68896443964868,8.03833803164299,7.56200878389853,7.45608857520964,7.67264210967537,8.6097319324281,10.0443042480536
5.99996125241518,5.58849597676968,5.39329143258885,5.83500904971382,7.51868688390509,10.1736834726237,12.6693723791521,14.0251910476246,12.9657911263704,10.6371778955724,8.41251914069064,6.88591482233035
0.257230356383013,0.573202541958408,-0.0116927437415813,-1.00935668503597,-1.5949826993739,-1.73486311075299,-1.74320608402087,-1.72249629345083,-1.72862898578479,-1.74951698351591,-1.74579245314156,-1.21870625490236
27.8463323008178,27.9836590181899,28.1853536170788,27.9839305123791,27.3455923669491,26.5858666702796,25.8182173045392,25.3454430403705,25.2868572018905,25.7261832888383,26.6515279652761,27.3605121342971
26.8856163653187,27.4182402971057,27.6178408702906,27.3782451894564,26.7397758260248,25.9553415822923,25.3614968197672,25.1390551308793,25.2585892270286,25.6338096952319,26.0640009504419,26.421831436775
25.7025433014318,25.8062895641284,26.6884423319363,28.2743768971778,29.6962422401054,30.3796425913868,30.4901584822896,30.1887216394229,29.9507785019124,28.9814613394639,27.7231244276055,26.4254746757964
-0.589328408813912,-0.711594326766369,-0.831503956185272,-0.932343611613189,-0.931969219425377,-0.0270856968484911,2.44910979136796,4.48674599613842,4.20737769094501,2.69467722250967,1.13978417549497,-0.136398465911065
11.0225278486338,9.60843138321121,8.99328702957753,9.36267860726764,11.1447035510012,14.2379398292708,17.8380734402965,21.1747092180866,21.5000403046114,18.8387083936527,16.1113180700152,13.3237683777507
1.43089126729261,1.62911199455476,0.869453313691292,-0.326897584200974,-1.13499729174708,-1.42177498508695,-1.52894255402927,-1.57626492811285,-1.6082046407837,-1.6553548005817,-1.55397572976235,-0.264639983707216
18.8687718578435,17.7982396100541,17.6865464154815,18.4500320408953,19.867774390912,22.4386864391206,24.3649663689805,25.3999519519647,25.7639470176478,24.5221353500685,22.5629928892029,20.599654508304
21.0813444808321,21.6625168548263,21.0534637072516,20.038246838907,18.50331580904,16.853589321282,15.4847402055913,14.5561093471394,14.3285372214401,15.0288739270645,16.8734179900811,19.0242709698732
22.7542307286614,23.6403224308249,23.2577847899976,22.1973722803053,20.7310773056874,19.3612361205895,18.3981151085495,17.7620870911693,17.5771463086215,17.9498866475591,19.1771985015769,21.0515580711469
22.772602855501,21.981734564691,22.0090240285072,22.3608207069441,22.8811969798719,23.7009402145546,24.7792366208584,26.22639006857,27.1207142314708,26.9124081390911,25.8477253448674,24.2585134883064
27.0798681056273,27.5758165442217,27.704656903671,27.2980541327682,26.2979993529654,25.0172812155594,23.9151571044792,23.184214310495,22.988381655949,23.5349914987686,24.6230664900145,25.908670140052
27.9964860465318,28.1748740992824,28.9917932152078,30.3012114653318,30.3057152168087,29.5390103860403,28.9486004952962,28.6688369446453,28.7048911272723,28.9531918647892,28.9208141008221,28.3917734095827
26.962538104726,27.355879878286,27.8373395360408,28.4887874620245,28.3907413715335,27.7432799958328,27.2318161788524,26.7572296086428,26.7748592074155,26.7299723242033,26.6856683223349,26.6362563232066
17.2871797794563,16.4780363849497,16.1837823243067,16.3806264250345,17.5762789411804,19.3455754266006,20.969835130087,22.2646016199524,22.5450315235569,21.7638923384447,20.2178252475353,18.5322919241575
-0.372344250118578,-0.116408529056678,-0.775741999798432,-1.51768608817942,-1.72047812497898,-1.74036993824181,-1.72167007182994,-1.69908228705996,-1.70841177652459,-1.74943181124441,-1.76310276785817,-1.39948216452196
24.8661695166053,24.2098576864216,24.176595794826,24.5190129208706,25.1675747440829,25.8537335724353,26.2922719931178,26.8099961828845,27.2679257039549,27.4116625857919,26.859298529046,25.8718125285943
28.4093058301128,28.7956684946746,28.5196133687371,27.988052007671,26.9398406755822,25.5751131336851,24.2985688394659,23.63999819896,23.69842603784,24.4199798397583,25.7856403022023,27.3515397992689
2.44933472060507,2.82527520668758,2.61575660470298,2.05926641671921,1.43141508200282,0.871175775317168,0.393152390108204,-0.0130146132292333,-0.212935592462045,-0.181361611563857,0.356864929338285,1.35910025467375
13.8825215122073,14.9895400553686,15.0744575926675,14.1804157185414,13.0797856204295,11.9626519769117,11.1177527577282,10.7327408811076,10.620177750068,10.7747262406768,11.3988962122654,12.5091468591881
26.5171260596946,27.262498968237,27.6385609093218,27.4890037467731,26.8740661681466,25.9986929712364,25.2807227980585,24.9133978465652,24.6732588192546,24.7249120544339,25.1305357334492,25.6566525730329
1.16019858254716,1.53722930884279,0.975736336793746,0.0457631513919176,-0.772829705615055,-1.19035190297619,-1.43476785851972,-1.54417140613663,-1.58172288885812,-1.63543417251338,-1.46974132704859,-0.388307917223726
3.6410231244043,3.0340872180761,2.86252762586904,3.14455938595186,4.23822291878479,6.17592895430144,8.52238206430897,10.6427863005287,10.5818103387862,8.60075226149823,6.42662190951531,4.70453268093775
24.2989781439809,23.9222132943257,23.9438440341648,24.2002153588729,24.8616790614103,25.5687039931948,25.9618594308396,26.4103063000731,26.6789714493501,26.5078070059382,25.8234216520141,24.908698688879
25.5207370811328,26.0720632685725,26.285491690146,25.8216466899449,24.9765577726557,24.0996931703667,23.3411407391117,22.9769971185156,22.9495710633274,23.2382669276013,23.8970658354489,24.6520237149466
26.7151420728219,27.0448337675085,28.2158879358601,29.7027943324889,30.565773842982,30.581395121761,30.0518854111572,29.7658610106332,29.8638197316116,29.8972738057082,29.1965742545767,27.6371101297959
2.5474004637695,2.97846508264794,2.28336008123398,1.32843984231706,0.526055249601085,-0.0489258501203639,-0.432520633518452,-0.726835411185133,-0.885263538043995,-0.825284254687889,-0.257562705461965,0.998815666395747
25.3123204725683,24.8840649047894,25.115211478126,25.9412954306715,27.3280487613884,29.1174667015592,30.1203933816792,30.5488567594394,30.3002582808962,29.3030610173037,27.6999665287665,26.3423731159186
20.3709592728688,21.286769877455,20.9439192735525,19.7772531919662,18.2765216567525,16.7044470667719,15.5524854602119,14.8215394906255,14.6237941936942,15.1057742703141,16.4129373455563,18.3854840685173
26.4794532315711,27.1838870254847,26.8981825127002,25.9243880350732,24.6694134234189,23.502801791594,22.5198265783115,21.9532792605352,22.0674206120911,22.9319103762944,24.1058035046777,25.4918739755444
25.1672497866316,24.2718978528542,24.1214145741825,25.3646659799492,27.1222420159401,28.8817827129577,29.5440064641024,29.3762373767615,29.1942488416859,28.7714008133321,27.8184788595477,26.6298738944313
9.21668944161368,9.98883042126717,9.77808906800931,8.59908788154013,7.25979015144241,6.12426162454388,5.25384090019359,4.75782452377224,4.59758498387809,5.08985353736318,6.19641309129758,7.81926495596434
25.62107307603,25.1347687671796,25.1375892935024,25.63623440675,26.5921436909169,27.7112808353053,28.2592814653529,28.6365046574268,28.7436440013437,28.4974826341883,27.6182555795933,26.4818005519897
29.2517745740171,29.1245238174278,29.3469159797206,29.7126632440303,29.978579889614,29.8784903473818,29.50345135303,29.239448711537,29.4363423196773,29.7647176286685,29.9041232476431,29.6625608135067
23.0236733703528,23.7498896332677,23.3340964009856,21.7733549056106,19.8024973405188,18.0172820629987,16.839483180319,16.4267678759832,16.8977819661778,18.1115491215817,19.7159924142294,21.3553630017671
6.18846795101551,6.50725789624662,6.11864335895741,5.43321127778332,4.79296097840612,4.33389479868181,4.04061318743575,3.80715445071846,3.70656136708988,3.80925340279374,4.32057169017667,5.25091844854742
26.7928636396707,27.4635280783265,27.5067155983561,26.8623374361348,25.5797029663659,24.4562190111633,23.6203191502535,23.1259740319959,23.1145741008911,23.6820443015469,24.7823223114306,25.9847765297505
27.8061390516115,28.1252219227965,28.3353240313375,27.8783770919951,26.8870734153995,25.9046516216267,25.0947412178333,24.6659855460668,24.6822280320851,25.1774022290577,26.1297297936772,27.1067440148414
1.51259411276574,1.06505377193096,0.710540671462737,0.510262041601511,0.882415454382311,2.05903047323342,4.59428373662718,6.5181619752654,6.27279362433221,4.8523590575673,3.19840139329085,2.18786658090047
12.6044401656364,12.189023933543,12.0985520119124,12.4870458745622,13.6167769139698,15.7318105598028,17.691567766984,18.8882618698836,18.2176160887383,16.735050472762,14.9119894143476,13.4706858581482
18.6880649126841,19.0892603232099,18.9426982498147,17.8666169013479,16.6684298143218,15.687181667079,14.767897260747,14.1867018581344,14.1196423167316,14.7648988496282,15.8759206086921,17.3106515924549
25.5265539611434,24.8718921533828,24.9901047547331,26.2346862287563,27.9130035880946,29.3845810234906,29.8078237350245,29.5222001093844,29.2911621509823,28.9362264972954,28.1278568412069,26.8972814426192
9.53784822648802,8.97216632352628,8.664134547211,8.79717392270083,9.82265876457644,11.7179636684596,14.3491443311597,16.4410464894849,16.5540445340753,14.9001193985578,12.565197978294,10.6815039066019
19.9429841725422,19.3078498216175,19.0740198725105,19.3304215321336,20.2946371645547,22.0935448027517,23.9435813431136,25.3222494349595,25.6030349019328,24.367425228571,22.704275200869,21.094862082196
12.1248595795906,12.9941652770534,12.6231664650814,11.8207336565077,10.786133179964,9.72851522648501,9.03508288069249,8.5029390692527,8.32822235833912,8.56820154474674,9.44353842085795,10.8374840202121
27.6107649682164,27.8048172276785,28.1261633542996,28.3887495472992,28.1419701550616,27.4776635173437,26.7689153532109,26.6190769369229,27.0187875463302,27.3851774437075,27.4847785928355,27.4491564695042
7.65603407291516,7.81382116989218,7.47679703989716,6.74816771193439,6.05901772108572,5.55325567755736,5.23848485847983,5.03710874393425,4.94734444164124,5.0361769455627,5.52172771956725,6.57084818708554
16.1751663017112,15.2594331264509,14.899751544472,15.0960093883254,16.3920422210302,18.5960905957017,20.7178472296212,22.3225096253913,22.5938923772275,21.5224166748447,19.5788096513766,17.6020698970172
24.1009136185704,25.2128042706541,26.2799769864676,26.5952031367895,25.8969080093408,24.9683538866458,23.9565754789622,23.0089444229832,22.7558981400424,23.0651856815165,23.0570424897544,23.3560507910963
2.86991326250904,3.28904390245189,3.14598474074688,2.74478040925261,2.25681213770596,1.7270500985018,1.27238435456152,0.920861167409279,0.732775928135085,0.78284692463877,1.24117742336067,1.98418331904253
20.5332192460487,19.8507578470856,19.5978218021994,19.6880296182489,20.1807589870219,21.0573318596364,23.3431869479896,25.223985544296,26.0824399913744,25.0925236181245,23.5371514842603,21.7442829101737
19.3529259070967,19.9460002191202,19.3914855920367,18.3262172847327,16.8378414031111,15.2910634524063,14.035061127866,13.192131838701,12.9457148967333,13.4997454640636,15.2079502629079,17.2997391168336
13.1864941729373,13.6095017284261,13.0209662560842,11.0723001323336,9.26542432897066,7.83248749975658,6.72833903306995,6.16756616610284,6.19213946714751,7.22935842591062,9.09221324352451,11.379871037742
12.3889240257252,12.0053950649474,11.8971871957459,12.1955651968161,13.0971721482026,14.91523623035,16.749668600107,17.9053763536149,17.3650273227402,15.9317340199562,14.2957718097297,13.094494422322
4.22005172923716,3.63418362129961,3.47399573230395,3.72934650441572,4.81478550427412,6.83940644001761,9.09435445414209,11.2140001094491,11.0499866754682,9.04163988380538,6.94993316406131,5.26820192191224
22.1292066785225,21.4157193432935,21.2137967725578,21.6301320934505,22.7655759986818,24.6574442027352,26.0566619377371,26.905379599932,27.2648624151054,26.3992378627755,24.9131882817739,23.3265656507763
22.7742393598267,23.1919472955731,23.1675174007334,22.7410883105608,21.8614723369017,20.7671531214127,19.8242871521623,19.2088058465046,19.0680284447246,19.6449384627271,20.7072585534306,21.8079186817776
24.811293245003,24.1340796745585,24.3897929948281,25.8547803949364,27.6817475279824,29.2315797069833,29.8333572471465,29.5431534533469,29.2967744447927,28.8782074956805,27.8274617413175,26.3005703668096
3.70988929142005,4.03548269558235,3.77505819049472,3.24549219618005,2.65262795510828,2.28911612345812,2.08267665430102,1.82305462080035,1.70973886210632,1.76756616412459,2.08321550926714,2.85437495413871
27.6927612295012,27.5541319101783,27.7022070123989,28.0847300032883,28.440431542996,28.67934360681,28.6072247730128,28.3818993889162,28.3326683986218,28.4616294836734,28.3000607612782,27.8770830402368
24.4838391233954,25.1154256607045,24.6045577032625,23.448162066311,21.9296489967772,20.3666974625073,19.1813389853,18.6013882657625,18.8901324852788,19.9115648607204,21.4993638551626,23.118428443162
20.9728090722551,21.8570867342531,21.4141643112012,20.4176344977085,19.120404101569,17.807160042942,16.7518787737814,16.1245642831791,16.0296703654827,16.5056067778874,17.64135164008,19.2976507343861
7.73748785571193,7.9463253407938,7.62354363682041,7.03643905162703,6.47194136938694,6.12192129245286,5.93111359550517,5.75059256033324,5.69674177552809,5.82236096653783,6.29227969939539,7.01497389649811
24.7815590137181,25.5891629313209,25.6758871607476,24.6001391340993,23.1190986711976,21.8965600431445,20.8775945637705,20.2542428685239,20.1005451096552,20.6407586025352,21.7936594209518,23.3394456009658
29.5838903173631,29.3021718697186,29.3726312393355,29.6092348837648,29.741452046979,29.6147244963963,29.4435180048876,29.3461369483746,29.4482879398909,29.6588475959453,29.8297917549059,29.7976751255096
26.9622999577589,27.0203253778689,27.5026604556419,28.1947980760944,28.401567907669,28.2195115506209,27.7618524959029,27.3191288496162,27.1902656510583,27.2144594529374,27.2353672760321,27.0162584701653
9.32633125363981,9.56127080057872,9.45231582978055,9.04938561028862,8.4374073320044,7.84658355580649,7.3941801374415,7.07181701578584,6.8909204559641,7.01576171870285,7.52978559773043,8.49139433442542
9.10352642963102,8.85922898020739,8.72609744392896,8.91003025781968,9.64077702051216,10.8385262249405,12.2549218718786,13.1309250453684,12.4717921431298,11.1938041743501,10.1371253388864,9.49569538202989
26.9135814314938,26.6141717699817,26.7680713586798,27.0863024109329,27.3887221161654,27.622082644189,28.0409598748311,28.572791897697,28.9551025240244,28.7912604620502,28.1562444437326,27.4954992507569
24.0017253968765,25.1110150672042,25.0256050979924,24.0063698960576,22.556594096999,21.2707437335927,20.2795494949402,19.6415823076078,19.4797127586426,20.0523882573919,21.3119036200693,22.8080368180735
20.9150258570203,20.085597558352,20.0536252935537,21.0846607103175,22.3883705879932,24.6395879879834,26.3331003182434,27.1046536599574,27.259105862958,26.0220221355271,24.1938590875533,22.6585907138095
22.1156775218177,21.3706568198863,21.1695268771944,21.571105684806,22.5623659202381,24.1769714654587,25.1699113870938,25.9569306582523,26.5658422378032,26.109146693027,24.8424372791174,23.3379900542648
1.18632744482855,1.65283962821566,1.25452387897216,0.45756420027538,-0.300968570587037,-0.94852359195258,-1.33544489394447,-1.48856519069224,-1.56028533869775,-1.57441236692139,-1.09453269748063,0.000709391012071792
6.42306326028221,5.93872346639502,5.66319466860092,5.80674866884488,6.92392435989247,8.79121424699232,11.3131342280974,13.4736380886422,13.4024553200233,11.5900817295026,9.16760348167806,7.39706791108915
26.5300602976387,26.9650158698927,27.1778469478124,26.6942642552797,25.6084272748862,24.643179262385,23.7829364959601,23.3262056299341,23.2819267801497,23.7003311199803,24.6227040628789,25.6135878188454
1.01170662484689,1.45178609137823,1.31526957989569,0.807588214810185,0.234161278403778,-0.38972471609554,-0.888791481474424,-1.22186338505036,-1.36983780667007,-1.30502334465529,-0.786388968870648,0.0429957813754869
14.988490010582,15.74830985214,15.5771723128076,14.463514263188,13.1841292125737,11.9718003398528,11.003304963641,10.4405344400838,10.3239679668945,10.822508924661,11.8936160095106,13.4243102547653
4.63252678707232,5.08371631104299,4.58530887370397,3.74757594203262,2.99250245730182,2.43899436408902,2.08704601240742,1.83713348911997,1.72944238636163,1.82987312973615,2.32736089459215,3.38177689569378
0.0260752109035206,0.530207018944584,0.115573553001642,-0.793377152725108,-1.26598777079343,-1.42415663857899,-1.50884806945178,-1.54430045051403,-1.577746708523,-1.65112783896341,-1.67205588998749,-1.30683605990042
28.7388853186571,28.8717944281975,29.3174671527209,29.562305434116,29.2407813736656,29.3683213400828,29.2008044728841,28.9224521033219,28.8139534314699,28.7626529097243,28.4799828901196,28.5217476508299
23.8605507916626,24.7651308425401,24.6202905680945,23.6244321327377,22.1584549806597,20.7897612864424,19.6842456995328,19.0108809770565,18.9364457629551,19.6134547915475,20.9392583418347,22.6050112741833
0.835910252116841,1.24106580286103,0.969256589507725,0.292037439967484,-0.407981187776477,-0.857903534524301,-1.11570323910567,-1.31285824071179,-1.44469829822783,-1.4832349240811,-1.23652387245576,-0.287499719257147
20.2602422211071,19.9119261772581,19.8562514606273,19.933113487232,20.4551517934104,21.0614703494105,21.7242695707982,22.4044836507147,22.7038647221713,22.5076722413067,21.8258215562846,20.9013437394571
25.9978505577702,26.4947251250555,26.2174998361501,25.467902903613,24.2251355481551,22.7706621517041,21.503131227307,20.7759446828515,20.6945733436095,21.3750679543428,22.8389484723579,24.6336272826136
15.1249212012322,16.1750710181058,15.6787192854185,14.6442177706129,13.3315999719606,11.8926024665695,10.904693597881,10.256762766861,10.0737028303983,10.4658232149396,11.5863768550886,13.3979514817247
7.85836997049934,8.19232783270289,7.76284740558064,6.5884483859849,5.40883556880694,4.51560161514528,3.92438547859791,3.67883238065037,3.67762953970266,4.19699830713764,5.2832317928421,6.69834585212375
21.1723506551376,21.9255444077103,21.8991614032398,21.1320444965432,20.0865757677764,18.9092721098988,17.8495298966688,17.0934488543929,16.8649447824926,17.1802890192571,18.182975697959,19.7034718197399
24.7835445186412,25.559305530162,25.4375866237026,24.4454645534214,22.9371158179218,21.7429408350402,20.7671093509089,20.2197413077016,20.098296629985,20.5152464903196,21.5975437125251,23.1859637826127
12.678796470651,13.6049276922436,13.557120747637,12.7293705895774,11.4945334826088,10.364327341139,9.39622153353053,8.79608784208314,8.55733583058687,8.96221630968057,9.88251211495165,11.3704825028124
5.83665042455014,6.06424014518262,5.67769613849498,4.99689776321783,4.36992245010522,3.98760064285448,3.73399953873257,3.53687697624,3.43862370889031,3.5819584972167,4.01399569729547,4.90284288385655
27.8746627589043,27.4675659730558,27.5483833612799,28.0290304604317,28.4325168825853,28.5805824445872,28.6456240605284,28.4595966718184,28.202406012775,27.9937419000184,28.0433493612587,27.9646384927475
16.8021940072932,17.2603915591285,17.2997181237454,16.6584994707182,15.6257631747893,14.5792742030616,13.8308034655206,13.4087381361864,13.3479009697023,13.9135515601623,14.7280069500537,15.7964110374434
5.66976641629294,5.91941657695535,5.66414197193107,4.99170460233886,4.27452909962989,3.83022708285924,3.52015707127363,3.21691177346116,3.08314588661885,3.18929138279819,3.76287884263753,4.67253212303613
1.81053452864553,2.31653902994313,2.09525389960963,1.53925638768686,0.802173228812465,0.0459402162405336,-0.592619120834316,-1.04714533382321,-1.24620206593957,-1.14282289147282,-0.510055201699308,0.618952788591785
19.0424552156007,18.4243527995712,18.4994117368974,19.0562807504548,19.9259737393533,21.2331658041129,21.8458797050232,22.6683595295495,23.2360294939548,23.0649502669296,21.7470898593207,20.1245620195248
17.3823087787301,18.1480416691373,17.8295260307928,16.5711079615985,15.2472900326135,14.0656332619384,13.0462087089477,12.3455175957441,12.0959560387268,12.3872803338736,13.6147868120692,15.6335181614785
23.3885875065338,24.1233926055604,23.805469609323,22.926401593446,21.6189634895094,20.3003187909628,19.2347391452728,18.6396408399824,18.568444532766,19.1798717369944,20.424448986714,22.0387795648185
27.7791547999224,27.6026256163334,27.6936735818184,27.9348189774015,28.1719103713945,28.0905430115081,27.6488132162969,27.754643882525,28.0104105953243,28.2247118496174,28.2182306121851,27.9867190353197
7.91465083395609,8.12157049237008,7.91354987450835,7.33710703088271,6.66017038542867,6.25193048701764,6.16830894964362,6.18193413427656,6.07513026663225,6.12694198903235,6.59655101625243,7.3296182182829
1.91269736785067,2.35681438702345,2.23961632345431,1.79484078873264,1.20825497186353,0.602643841609876,0.0983875587258585,-0.309341242109531,-0.533419422362214,-0.474897162217143,0.0447858459628172,0.97525988610683
25.0147087493991,25.59802005795,25.18891404945,24.3731783709129,23.0399254347897,21.5792862024877,20.3086183549511,19.6472792559745,19.593571297242,20.2586345961734,21.639319165671,23.5397559820817
23.1620469176477,22.6395694616663,23.0156861478968,24.1989256321643,26.0824384301578,28.3015570996033,29.6726211426834,30.1840481458434,29.6499544652557,28.2031449737806,26.1911377083358,24.4993481969848
16.8358048364804,16.2422079486071,16.3937244609545,17.2511508237333,18.6578873601777,20.7317380376069,22.0805053980649,22.9820731834737,22.7779384390087,21.5641681712603,19.6894677832301,17.9386915372148
28.538635868613,28.2945766456022,28.2932622014773,28.4414288101841,28.6829167981104,28.9448329916954,29.1423812622726,29.2318306836679,29.2482714033797,29.2714132215909,29.1662236990207,28.7621865692798
23.7167248760829,24.5511306077568,24.5362179409964,23.3130548165067,21.8110408963992,20.5901826958641,19.5425940451804,18.902364434608,18.7082837269064,19.2011072373899,20.3689774274155,22.0864167149048
-1.92449115428519,-1.9293173618777,-1.92606876174043,-1.92555747902149,-1.91379504145649,-1.76522870783686,-1.54726084936133,-1.1472706114935,-1.09819127006085,-1.6008250453455,-1.84801159806433,-1.90104052855843
27.2825217329579,27.6413226150466,27.8454805201673,28.0632755039201,27.6536882552304,26.6148148779976,26.075392497396,26.1726333229307,26.6997761460023,27.0778349231143,27.0660170304264,26.8674164627895
24.6347583772556,25.5478202233807,25.748571215548,25.6886907646618,25.0869741218633,24.028530196398,23.0239863390409,22.0278816023751,21.8042497267322,22.3793300928714,22.7320543270862,23.3569370962752
17.4915060498854,18.2799459808137,17.7873314722613,16.7159053026436,15.4990023352568,14.3078788339206,13.4429959735132,12.939060311221,12.8028998218029,13.15204549957,14.1401596647584,15.7309836738135
7.9708433223749,8.25076806246916,7.87517418319076,7.25352864068417,6.65163111658456,6.21894497113482,6.0564892338414,5.99982235098667,5.97078831085857,6.02072275930328,6.31440481247974,7.12651330303283
10.972080724979,10.6410240548553,10.5073227026905,10.7289270561421,11.5443554954466,13.0905181817114,14.687654081823,15.5349083044415,15.1219094209119,13.8339466232263,12.5117585748657,11.5502766807619
29.1770724136487,29.4725704713008,29.9233431680615,30.162647191284,30.100970724213,29.9060657453431,29.3929613988799,29.1122253601634,29.0271025566639,28.9201251714624,28.8883868600138,28.987518057992
12.0765050321938,12.445932361434,12.3023288500613,11.5340439606312,10.6739125462588,9.86424097359766,9.26276714203973,8.93495342190861,8.82958612241783,8.98751599378646,9.61145978507599,10.7915217831574
-0.07654832662527,0.215269227298284,-0.413951095760236,-1.39981077061574,-1.77510784137303,-1.86621540510806,-1.89310779537875,-1.88354235667176,-1.85868061832846,-1.78913910845016,-1.53605211032809,-0.884244919166425
20.0689379665374,18.9481651986473,18.5670108528212,19.1291501228233,21.1196172992697,23.6025866728629,26.9262415500481,28.5070850257278,28.3259838644386,26.6203779874439,24.3296202831332,22.0466783947132
17.7626053500014,16.6011959486324,16.1859349584549,16.8403881205365,18.9094029563373,22.0036193985633,25.1814324718913,26.4271008704655,25.6898192770311,23.7575562893274,21.3901175585249,19.4240682527744
17.7495767798559,18.3165262075689,18.2798932322943,17.5070211246065,16.5541595845803,15.6381329778142,14.8597752735881,14.2713383311865,13.906182618853,14.0512980489321,15.0954330905769,16.4506188887188
29.9523481656015,29.8415857619095,29.8242497720571,29.8525855762923,29.73807684197,29.3539943484221,29.0454993815271,28.9444186014835,29.1129620764911,29.4649853310957,29.8790201904127,30.1102111715945
28.7904309626063,28.8615495534709,29.1236309457085,29.1664516028731,29.008936374221,28.544476167253,28.0187856459802,27.7025612709018,27.6598452170206,27.9489574009142,28.4043739275232,28.6246060789221
12.036485971425,12.9857346010699,12.9719235539114,11.9908933581092,10.691717529664,9.51775039150246,8.58982323382393,7.99706448092898,7.70028103902462,8.02436409620792,8.94128009875699,10.5350093869533
-1.92315983394133,-1.95257296607231,-1.95682402207473,-1.95031502332211,-1.86042274102358,-1.47676727491751,-0.205844635110967,1.42044517459796,1.7384799719879,0.344653752802386,-1.13612812170393,-1.76303683769385
3.23241294870747,3.62676815343844,3.01257279483284,2.03100345593144,1.13499969761368,0.461741658820427,0.0174425720689283,-0.203123872746944,-0.306012028834118,-0.158919965681511,0.449473779242793,1.75007643160839
4.74196443148903,4.201745117525,3.98891206880308,4.1802850888828,5.45495343968232,7.42707604104574,10.0067518492492,12.0449747984347,11.7647791391353,9.66295094393323,7.36926058240971,5.70299812346052
22.7411807069016,23.5521787523342,23.1239810810233,22.1675302055593,20.8178470616711,19.49533323085,18.4541347193544,17.843998815829,17.7637183246828,18.2744152057407,19.4898275287573,21.1918637912259
28.1689814426259,28.007590352554,28.0868177549993,28.2083571052203,28.3454144135468,28.4753048950693,28.6263034286323,28.9622698224894,29.3217833949602,29.3785152830034,29.1017370733567,28.5594200479569
29.1624437855505,29.2277363086592,29.4971948069223,29.1106833623783,28.0140872122541,26.4926976671287,25.243091430742,24.8611147741685,25.2378964881586,26.181351583015,27.5231223246409,28.6788858996316
25.9076091519206,26.3035444759404,26.7411815421796,26.8100850431217,26.6019268917825,26.023513019401,25.4259145389876,24.996844268721,24.8477038368335,24.9785184075289,25.276732238342,25.5297101401872
25.9625632623319,25.9277465049243,27.0484099860064,29.0753313755394,30.0633922085107,27.5174978400026,24.8729600185786,24.3757115473805,25.4858442617066,27.3728508757286,27.6901847981423,26.776295381405
28.9140616196014,28.9088217108378,29.1544319543151,29.2854757940805,29.1982019058429,28.7715016324714,28.2810222868048,27.9762614496515,27.9368525421259,28.2007526529439,28.5927852457809,28.7584120458426
28.116223108265,27.9348758393894,27.9936070742727,28.0777696252894,28.2059953156529,28.3742020507237,28.5839060193301,28.9113817050846,29.23848313017,29.2960630088181,29.0456761175967,28.4781447962174
28.782750334529,28.7932586461649,28.990882233799,28.8606273782061,28.4539612823769,27.7991181130755,27.1381597377177,26.7188466377892,26.703679153198,27.1917874715366,28.0276010640728,28.4961425412067
18.6042493659536,17.603729584092,17.5586691326802,18.5085043736661,19.9688363956697,22.5201838720479,24.7742134307263,25.8654318591803,26.165669121673,24.6255951791025,22.482042513377,20.5344941071012
27.2796480686858,27.532664486232,27.8137657500772,27.7872370701656,27.4939757260384,26.9038990367218,26.3133560238274,25.9574066248836,25.8888325633646,26.1915603106431,26.668041598815,26.9998284219948
29.6844524342775,29.6828599727343,29.7287222073645,29.593326223824,29.2462757531951,28.7015793178898,28.3104034595694,28.1208495632303,28.2592213501678,28.6409781446352,29.2238701516604,29.666711515904
24.9361322354663,26.5960814884186,27.422144920785,27.3487141631639,26.281605436336,24.5743928379686,22.9665908433908,21.8048367414572,21.1449187720287,21.1715194728215,21.8238116026593,23.0510239945303
19.9917739494791,20.5510751783263,20.5975002391452,19.8517330052015,18.8207512619448,17.8593503362637,16.9004798275113,16.2278991361574,16.0187864093638,16.3660411033173,17.2272386708526,18.5564164894103
11.0675673071847,11.8055166752678,11.6507344839735,10.8214295388245,9.82841777018227,8.88275272451798,8.1167102942084,7.62047306695833,7.45590018796365,7.7632119430857,8.56528130025611,9.85402069236391
0.608154649502169,0.937017654887203,0.539467144967235,-0.270703775602279,-1.02996411611665,-1.44066918944928,-1.5441420642639,-1.55581652505823,-1.59477472602987,-1.63513630799672,-1.49148459127415,-0.479916972002594
25.3522792704325,26.4300280099427,27.1952646893539,27.3188802776142,26.8463067899407,25.9710672547575,25.0817588118923,24.3866886610429,23.9235595311105,23.7983592962362,23.9404079439182,24.443451525924
16.4932270319399,17.5673945470071,17.1231776046357,16.0438074115455,14.6936310302576,13.2360059446858,12.1826066034185,11.4911819189134,11.2995444955544,11.7030215054834,12.8443914122824,14.663015072987
27.4095233677569,27.51290293465,28.0697762269362,28.9398920553114,29.5287626050315,29.2436571020985,28.6005701741127,28.3226801064637,27.9472249673238,27.8241252549588,27.9298390061832,27.6456726166693
29.0122712198856,29.017134517443,29.152236461843,29.004605139881,28.1523402716795,26.9334497242804,25.8581665151133,25.2878379946709,25.4668241922597,26.1771766780946,27.2246699816009,28.391849103183
26.8232604741222,27.8529703735899,28.5342989404077,28.5787725613579,27.930906416205,26.6212088163075,25.1513505284019,24.2627529278659,24.1690276247413,24.5636877355454,25.1871652092362,25.8758824743489
26.7009475699249,27.022676529759,28.0142555507366,29.3993666780608,30.4763915854272,30.3854473370129,30.1698360776469,30.3037958530387,30.0011785222906,28.9989187656917,27.6736865056055,27.0989628789543
29.1788251278493,29.1346471455465,29.3516138555765,29.2858626637632,28.9503633142655,28.2968653921286,27.7265222204401,27.4061753284452,27.4196706852412,27.8834539103887,28.5422817011645,28.9513727223106
28.7371033805671,28.989322048802,29.8973775593723,30.8290851256043,30.9174813800555,29.7937871902425,28.9511939244304,28.6648957641968,28.7378303414178,29.0062551549583,29.2358768695934,29.0094206304995
27.103830588721,28.1213606508702,28.7107241037749,28.5108166815127,27.4827766295837,25.8197787369559,24.1894332651158,23.0157001912689,22.8095486776199,23.4590565507527,24.6344696126181,25.8360087278068
27.3442864690117,27.1563319752482,27.3223473632724,27.6064473789208,27.9716673912562,28.3487793985695,28.5584941734795,28.7675872088096,29.0660784705257,28.9999778479006,28.5830730953465,27.9169315517167
27.3726047379078,27.9310768574825,28.2221370998036,27.9719030733875,26.8640379409764,24.6626659545833,23.4410325218129,23.5229160826353,24.6198470620748,25.7270602102579,26.2070537939352,26.5760734784458
24.7154314735393,24.4267097505324,24.4581731129253,24.492100138486,24.8730785392057,25.4118802461205,26.2925037962294,27.1543691957085,27.4284497620505,27.0473554647055,26.2857451171377,25.3139352375689
29.7345170683976,29.5363103354634,29.4562326982525,29.6560340851844,29.8042771164835,29.8250988977787,29.7412253437456,29.6104626737629,29.6530780657061,29.698851205227,29.8546597038032,29.9124825490225
27.1013753014193,26.738402085169,26.8191105304642,27.1649428547633,27.5602091759447,27.8958664147078,28.0737419656968,28.0618760620289,28.4429786433194,28.6746141071507,28.186297243247,27.6664085777616
29.7653802108278,29.8963090485641,29.7114046675684,29.5353550458282,28.9883704834067,28.3796046925189,27.8544846045633,27.6384858766659,27.8415953832106,28.2696080328876,28.9262436730846,29.5882005134354
23.9511428419101,25.6289842366667,26.1241819144368,25.2209794159616,23.6052925206716,21.7576390873414,20.1413635583849,19.0412388146978,18.6256535586799,18.9276656322891,19.9624078781583,21.6689897597103
27.4748948664847,27.1386804174395,27.3738534001992,28.1362934214601,29.016161530622,29.4924927132452,29.1330080967166,29.2796046102709,29.7635905125806,29.7662581422325,29.2431942435637,28.3331796567262
15.0903300388651,15.7974150960083,15.3379364299758,14.3947394945419,13.2721175194946,12.2707428758852,11.6953574932389,11.4275765575006,11.3193151970457,11.4832955004086,12.3091652130523,13.7176431337937
19.7114815308325,20.4311927046386,20.232104964583,19.3617613156678,18.1581480437221,16.6556512975821,15.4588985868884,14.8205641297639,14.7264727995011,15.303818668475,16.6470253022235,18.216142528511
6.14494195383618,6.32850251663059,5.98225575857014,5.17303050923767,4.45344329355556,3.99113202661683,3.69385415720959,3.49471142095891,3.3913768538539,3.43859619312624,3.92194153933024,4.94961972995934
1.83598566617821,2.37750603811326,2.1385162960766,1.48755429666526,0.650727578412898,-0.101241363738973,-0.701448774148201,-1.10030974919439,-1.31933610446356,-1.2363559084349,-0.667704542502048,0.519795419344755
29.78388008179,29.7991074561613,29.8139915672276,29.6502302696204,29.3319133508058,28.7568380178999,28.3226517497054,28.1392376967782,28.2811504144314,28.6496932790435,29.2483129348186,29.7066924749575
15.8507693887284,15.089577351454,14.716750920663,14.8748218453674,16.006936009163,17.6942899634731,19.3492111984375,20.6563090611422,20.9827191500233,20.2262081548286,18.7118727703436,17.0787230946265
20.2476977167806,19.3637416615982,19.2302923393306,19.6151506000409,20.8002630924461,22.5862838752901,23.7255179409386,24.6185013366289,24.9939478788882,24.3764668169918,22.9983515569698,21.4698087419656
7.67427257940793,7.95797345380266,7.64841681514657,7.05079008623359,6.4373784443315,6.04399227793705,5.83439802708385,5.65799474504926,5.58350792652789,5.69888611604824,6.12737428221032,6.90729177339911
3.80666780681046,4.07897788658808,3.86923627524993,3.31152052008191,2.70553688035546,2.20276070921624,1.77475060619761,1.36591381813415,1.18763351828434,1.32035349063887,1.91901698054237,2.88706210910513
30.4157145817394,30.1153027880046,30.1897842818337,30.1460909497342,29.1798049875624,28.2029169703389,27.4172240058213,27.1802350080494,27.9322988760858,29.3265359258671,30.637447101111,30.9410473371207
28.5116616680203,28.8268501143963,29.7084449012861,30.8723657924199,31.3109703170155,30.9303968194125,30.4288433542719,29.9950668033828,29.912656941522,30.0039930780016,29.5236988224205,28.8609761569482
27.1081049700784,27.2364093897112,28.0507826968039,29.4552772958299,30.3402904762279,30.0977589448095,29.5169416757213,29.0830058625306,29.1717743492506,29.1849780025671,28.4931220777141,27.6391933610717
28.0193387857182,27.929659207363,28.2964064935976,29.0021400976029,29.6701327558074,29.5218486795773,29.116100515083,29.1959850112101,28.9359721837598,28.8500045730512,28.8942166015247,28.4269121094236
22.5805180092164,23.3580473673758,23.0113827231447,22.1178388173083,20.7908967903447,19.4347721466639,18.3632618260623,17.7689569488319,17.7035047010059,18.2573501159241,19.4329757384024,21.111178209276
28.1850632810294,28.134545325459,28.8242812831607,29.7883673177555,28.7772630237758,26.6414415398235,25.428378374587,25.6354040027028,26.3046601644832,27.1274135115374,28.2588241289479,28.562210077656
29.1373889063534,29.5181837216216,30.0282455869838,30.2409631081012,29.9393668160511,28.7337682850419,27.0587765728136,26.1809432590051,26.6843970042684,27.6544268951655,28.7399060574119,29.2272339710639
25.287736229446,26.1790658703758,26.8332387675042,26.8267978156706,26.3578153246231,25.4772545318562,24.6123033220612,24.0214633278064,23.7799381939986,23.9088434151451,24.1501937969035,24.6277849924938
25.9620629886028,25.7122759968131,25.774589305006,26.0230083581657,26.4765351499882,26.9773316862652,27.3095630155155,27.6690164780358,27.9888098980123,27.9592423283216,27.4260639217779,26.5709080193153
10.0221069903168,8.69677402839667,8.1581177075752,8.56122533796235,10.6604681699557,14.3992619630313,18.7427764474963,21.2036920415745,20.8308027500224,18.1525742456866,14.8751270065915,12.2840027571571
13.8958027857745,14.4485666253203,14.4117168446374,13.5848904088964,12.5372576058525,11.6929122041319,11.0013433613644,10.5049644883645,10.2962418869615,10.5365508539611,11.5841708989938,12.8827058953876
25.6395709323232,26.9395713200145,27.6189332540715,27.4274134413663,26.5163738315646,25.2350731373685,23.9056060095858,22.8013835638715,22.2876455146113,22.3774191381495,23.0399816755157,24.1439377965993
27.9377772059617,28.3214400522611,28.6448613138939,28.6542996178109,28.1895475140958,27.4221493324596,26.7172990470428,26.2576191784616,26.2231677685292,26.5737760997862,27.0335127670381,27.5208134826125
28.8063141226226,28.6546024724495,28.6830293302405,28.7436623205856,28.8681901280407,29.043069174548,29.2120187401153,29.441884804029,29.6920691862951,29.7523227102543,29.5672328214088,29.1642425707533
24.9231045250723,25.6994075740168,25.5411950260758,24.3432460071214,22.8536584517899,21.3688981838522,20.2243122827105,19.6789807256176,19.7634011074059,20.4760223026569,21.8219329329765,23.3817651347175
26.1863483796576,25.6071424775296,25.6446795322824,26.0575243384286,26.6440959610896,27.0071198723326,27.3533033094133,28.0124358173625,28.475905183385,28.3752015205684,27.8701983930159,27.0894073398578
22.2131345668379,23.5737680336333,24.4192305569671,24.333957905991,23.6241223618303,22.5480755873712,21.4725050794427,20.6641963102779,20.2110759039453,20.0456879934718,20.2836040798932,20.9372854126634
10.5425197317413,10.7278628061195,10.5333765747493,9.74907674087929,8.92155990425161,8.17665368111748,7.60471260724095,7.34598736127733,7.30887894431064,7.48884911580744,8.1534969976527,9.31551284809742
25.7909408223664,25.6082630554947,26.5749944601198,28.5417629351818,30.0625133287043,29.3962216214457,27.4309977434316,26.2638704939583,26.6320844723257,27.9968521507854,27.8086565545764,26.7250468821713
13.8029085692335,14.2884206484444,14.2639338459687,13.499967218643,12.5565880590526,11.8075416868985,11.1696695807366,10.7157868994157,10.4906567318797,10.6500667022934,11.6062914260511,12.8131302908484
29.121062904661,29.0804961171059,29.2992346693957,29.4206871292549,29.3483465810739,28.9216819182813,28.4393267052534,28.1574656634234,28.1452370210189,28.4296965587668,28.8178733427683,28.978104308064
4.35483170320941,4.64820707328196,4.56469373031147,4.17498358333918,3.68007524859584,3.13856464110504,2.68736174007346,2.35569546008826,2.1787701013427,2.34570950408265,2.83660461048685,3.54703303797763
25.234708071534,25.1048968517395,25.260439582728,25.5346345453661,26.1449380219595,26.9084095424753,27.7391790114065,28.0887314578962,28.0610174012451,27.5490429941889,26.6868517371352,25.7266695099413
11.0212801817439,11.3610007991608,11.0738632938251,10.4019504657877,9.71643600750693,9.2090686574837,8.92153287406291,8.76303015383269,8.70003257748732,8.82530228767735,9.41541926800386,10.3095031434677
27.7099639720402,28.1823918430928,28.3062668681257,28.0651544810983,27.4531496707568,26.7478137582215,26.3247002045351,26.2323844875086,26.3679501423739,26.6134330891167,26.892209208289,27.1820816538682
5.10679400324925,4.6390065730451,4.41244534784676,4.75080261082578,6.28713375137485,8.77742668417372,11.3425121120139,13.0300207398993,12.2992798162579,10.0819046295046,7.74522499005849,6.0472203655775
25.6871596221095,25.3517436821563,25.4013152212605,25.6020657204038,26.2147331956742,27.2559071517458,27.6757474412173,28.0520566065201,28.2945400999647,28.0736052438027,27.2181301821611,26.4145738182754
12.1334215727157,12.5615459109985,12.4371296952475,11.7186185497213,10.8617275621381,10.1789584820841,9.67328400888473,9.3296679381661,9.213959032449,9.41615881632936,10.2348837013196,11.345104795567
0.520937958898935,0.80867212248215,0.404286216018861,-0.280723628205763,-0.889555092466057,-1.21993860523675,-1.36456001530603,-1.43632293571635,-1.51501912745485,-1.58061393113959,-1.46275571059003,-0.577344406445934
-0.482759659184324,-0.158091061891524,-0.899790522835089,-1.49216019678418,-1.6977849621101,-1.75201478557433,-1.7551306451743,-1.75150850641406,-1.74354038394544,-1.77203311564306,-1.77166450070329,-1.44317402490632
2.51375789726319,2.84308322120208,2.66148674586045,2.05099231023725,1.36599026646851,0.760364505731434,0.233963341517947,-0.203354070559758,-0.398251201597887,-0.276508933372923,0.372411660808099,1.43214661626446
0.477430126331874,0.732797162280871,0.288224644608072,-0.57447375480012,-1.32784866640775,-1.61586705022654,-1.68006319750924,-1.67516685104783,-1.69483574211337,-1.71765216584038,-1.68162547840189,-0.813210615438119
28.0961850022522,28.4680737355821,28.5188054079588,28.0172329115254,27.1143913771837,25.8783984143133,24.7428771494544,24.0416519114857,23.928845412417,24.4743383742557,25.5953072560694,26.9563596254983
26.5271476168383,26.0797670681082,26.1176318620415,26.7561912671743,27.6705355252871,28.4436427909557,28.6517614205909,29.0087646175786,29.2205614435376,29.0523748369491,28.3433125722498,27.3166171893204
26.1654004223155,25.6436622465265,25.6856784068315,26.1961196429383,26.9554252589509,27.5556395924258,27.8478897678164,28.2823032965563,28.543924787373,28.4883323443105,27.9544632843096,27.0558138835855
27.7400356065142,27.9132212795864,28.1013412642751,27.9753546320044,27.5299682937473,26.8654515576098,26.1886779511398,25.7983706909452,25.7926007508683,26.2182235342211,26.947296046007,27.4152073031333
28.5480617788263,28.9011460061955,29.0197988337997,28.5165195374936,27.487134512715,26.5181494060024,25.8495840964259,25.5058797439735,25.6393828198055,26.1602527393491,27.1938185944822,28.1089368666245
28.3989432210773,28.6163579554066,28.7983167995293,28.474362659891,27.6657632096948,26.7470163064865,26.0272412529846,25.6236171479415,25.6550960730193,26.1668385460883,27.0404380609765,27.8423406404471
11.9375961035231,12.8307959827728,12.4772465807966,11.6569268912079,10.6094821521415,9.4794598682524,8.71316917734249,8.16476448502423,7.97928965300754,8.28591514100357,9.23755867068422,10.6299199894247
9.54538047929328,9.2115160155652,9.04130135501229,9.24202549998331,9.99366205228165,11.3278894872145,12.8405032292937,13.5695481056796,13.1195690946921,11.9652672434108,10.8561751196784,10.055045342614
16.3815838553901,15.8827318652757,15.7321048413155,15.9467599398688,16.7951173624338,17.6986449463824,18.7927014334496,19.7346520240462,20.0085972735721,19.5684553588885,18.4868653117656,17.2553016055894
28.8434159874044,29.0635338815219,29.3759763928467,29.1505787708779,28.463499201576,27.6914397491624,26.8217733198491,26.1677724189862,26.0046766660713,26.6876376810711,27.754104198438,28.4243477034479
28.4381094375598,28.2095454376338,28.3039298613591,28.7111308398158,29.227123818855,29.0116340254774,28.1511668229098,27.4989941723527,27.7054796741612,28.595516060645,28.9439605741783,28.790858434792
27.1869975701833,27.2782569355588,28.1606913573788,29.6346139912274,30.414981284038,28.6568941009945,26.4692398983948,25.4949497645966,26.2734901327756,27.7990750611115,28.3443537896781,27.8048848832804
28.3350960775699,28.2830327525804,28.4773063820242,28.7126495508614,28.9040172297141,29.0568448557147,29.2069660703312,29.3913026826063,29.6179437210511,29.6159820302348,29.3768489834938,28.8102010748635
28.2618474476951,28.1747124759873,28.3052214724042,28.4571025521915,28.6201163347702,28.7802547277295,28.8839725943243,29.1395699370996,29.4884808713432,29.4946924982344,29.2267027324044,28.6983419575336
-1.95546484625322,-1.95777033751476,-1.95833920314419,-1.95644229695178,-1.94179769878672,-1.86541374558819,-1.765353129567,-1.75358853652423,-1.89191093783279,-1.93910173553527,-1.94910778674721,-1.95280093584132
26.1907216587229,26.6188811671292,26.8712947950854,26.5797051992208,25.9482368009503,25.1651704132178,24.4332894917281,24.0633468978727,24.025074156914,24.3565495705424,25.0520864766417,25.6020508160626
23.0801561173211,24.1071587072711,23.8874825026315,22.4668611059256,20.6676307824869,18.9425718945633,17.6923062747311,17.1437350267672,17.3158471400938,18.1226600242864,19.53857853328,21.2133131914531
15.1513895857163,15.8048406682766,15.4877947722223,14.3322761998129,13.1471476120681,12.0635300250369,11.125906518324,10.4522265227776,10.2396522625889,10.5060222057028,11.6635066305526,13.5175870678653
27.7771650770037,28.2066556911041,28.3103766303613,27.8623513107207,26.7880452987757,25.7546179226175,24.9977464725266,24.5867487976792,24.6127889478923,25.1195382959793,26.0949133239821,27.0258098941779
23.1136183016069,24.4403107299405,24.9673887499086,24.5236369295805,23.5361174089907,22.3005620622059,21.1597083752585,20.2743984363132,19.8005019214133,19.8378645137384,20.4018143358789,21.573663113732
15.0004805370043,15.8706171065973,15.5824725794878,14.8092149069424,13.8103887877613,12.9521590003165,12.4311531663456,12.0761936122192,11.9222201778763,11.9877521883969,12.5394692672758,13.7582018242732
13.9973624074353,14.7287056207505,14.1388532729038,12.8774782841683,11.5464115406936,10.2349792686297,9.31529952182512,8.90281119427042,8.9271302879842,9.39223725588191,10.5803753495086,12.2578294579821
24.2412621836684,25.4301866986526,25.8935316599533,25.3777998784325,23.8599191929381,22.0794349455609,20.6241626414285,19.5790172798192,19.4019700877922,20.095256116814,21.4232134890816,22.8194196804721
26.7179469849209,27.2785374445526,27.6650123089408,27.4517208754139,26.6424400830399,25.5672195629869,24.6192955339752,24.0079781343975,23.9414009146861,24.5226173406161,25.2851522953748,26.1041158584817
29.0559472346329,29.4462174005917,29.2382426250126,28.7103039489432,27.7685324046392,26.8861353416992,26.1270331597759,25.7540656462995,26.0141029078853,26.6997288021661,27.5849549609702,28.527417426277
28.619567778947,28.9952272302272,29.6633586063429,29.9609737427482,29.0810894949491,27.5209690548536,26.5260234748776,26.5457708262963,27.2958487866159,27.9524086288483,28.4021449768252,28.4944978486679
27.4255516876293,27.6931969888704,28.1267541174601,28.4354580999747,28.3728519628339,28.0007411088511,27.499089658549,27.0538904467065,26.8459387662556,26.9223990674881,27.1365606571071,27.2461127372379
18.5824823413798,18.0127388441518,17.844220560994,18.1308900429229,19.001690369267,20.7687442358135,22.8471144113419,24.4049320651824,24.4292385369339,22.9601590550612,21.181623652465,19.6463788238019
22.4932226750004,23.4690481863214,23.3672369397328,22.0922354563786,20.6478453798932,19.3399086668108,18.3678116781195,17.9018594167152,17.8509318796406,18.2484362760024,19.3327428647474,20.8572543201003
22.8643481201002,22.1015043983584,21.9881087042626,22.2562211723461,22.8851206723218,23.6817772576845,24.3849753345526,25.2858911227519,26.0367572948629,26.1570695344632,25.393241749866,24.0965643764273
24.1294841513076,23.7784665189152,23.8050818463837,23.9203986882531,24.4193429182118,24.861508043899,25.3033914356188,25.7956604511452,26.1350703363824,26.001060789489,25.4765304493344,24.6380670862574
27.0163777462365,26.677079526053,26.6907578798421,27.0221130093019,27.6102010308133,28.3738596173688,28.7344223357489,29.0126981111477,29.1390655294262,28.9108303214799,28.2945887969252,27.6175264174163
25.0573463449695,26.405848880458,27.4118530880488,27.362368353781,26.6173178812305,25.5598169189855,24.6492386664871,23.770766695842,23.3897829113445,23.362295448553,23.5883818786019,24.0480365025563
25.1715072497484,26.6079114718879,27.3327734116703,27.1594088005289,26.0883565409704,24.697124077213,23.5730888268819,22.4792706922371,21.9585974776957,22.1580239137025,22.7827844853264,23.592758229276
21.647271795946,23.0952225648277,23.6954971645745,23.2661276561942,22.2275802005831,21.0133695325417,19.8786291680026,19.0639093046176,18.6733640177821,18.6122648711923,19.0387136059609,20.028951889079
-1.941366281261,-1.94104856241701,-1.94286730874835,-1.94438185268833,-1.93459752830573,-1.85934651869339,-1.73555090839276,-1.73273526532247,-1.88671119586878,-1.93262567084603,-1.93944696911206,-1.94037550231511
19.5514074228208,20.5513434347932,20.3749592253096,19.1308227393811,17.8091313548287,16.6219969993023,15.5551099841655,14.8949568636608,14.6377706579628,14.99623962572,16.1170461638539,17.8926797672806
3.80692830814428,4.06067503933272,3.59213969405986,2.83005937634322,2.16149120127496,1.72939039691387,1.40665441814807,1.18492490336175,1.07741122881532,1.20380444554607,1.65452924245204,2.67131458594944
14.3262498754129,14.0416257240294,14.0705730409382,14.3107680176764,14.9472345844352,15.7496844010671,16.9104122797449,17.8507655990725,18.0816738023532,17.604166001727,16.4670028718327,15.1388965407655
27.1829235177914,26.8305260051408,26.8123827694693,27.2503369841273,27.9142403795089,28.709218364801,29.0731804661041,29.2465888088935,29.2905754108586,29.0081149103925,28.4377600856691,27.7968357622248
28.2326042362346,28.6686053166514,28.6849088607169,28.0657761651672,26.8172973543127,25.7464027840549,24.9265103884687,24.5011818402627,24.6585220561931,25.2370144776583,26.3001871121603,27.4452317280839
21.1326416110846,22.0421751182562,21.8179903327108,20.3959296081907,18.8637227557637,17.6374909710319,16.5559170058795,15.8700509500206,15.6438297064081,16.0435261123026,17.3080387136474,19.2397539884476
24.1985086191276,25.5602267668958,26.2926617873417,26.2486024890806,25.2648306257885,23.9191486363786,22.7308246032882,21.5288771556027,21.1078523442775,21.5965113664471,22.0162108829208,22.6487354218818
11.4724702859694,12.286867135893,12.0216969699916,11.1774820949871,10.1346689479921,9.07430613626303,8.29410961970063,7.74752193334053,7.56057801277994,7.88646376039294,8.81449910592063,10.191158032234
20.7763315914328,21.668631840724,21.7884058737019,21.119312891995,20.1469468122891,19.2207640487689,18.2926318023533,17.6483861467887,17.4503676914621,17.6225652602981,18.2666913215207,19.3543628293676
0.962954869821801,1.17646783850388,0.217648486252498,-0.937026689774139,-1.51081368020508,-1.63727951131161,-1.66525466739028,-1.68404914753669,-1.69702011629991,-1.73700083859753,-1.67580310581337,-0.740820789360734
20.4916050949464,21.5375674082155,21.4916999604032,20.3171001035431,19.0612464134539,17.9417029947742,17.1465233807055,16.7434265678673,16.6410988545974,16.871756613168,17.6378810452119,18.9454220689971
20.6179942899584,21.5551191795488,21.3969633390999,20.0809642716656,18.679264204247,17.4613969802227,16.3641844703818,15.6875931735745,15.4332741247599,15.8372603944255,17.0093478831091,18.8977769692625
28.9001358035026,29.2784203384777,28.9189375046192,28.0976579184881,27.1287566592221,26.1787681440381,25.3687217293512,24.9105446512022,25.1767264173539,26.071302807541,27.1982815195283,28.3224018556288
5.38608445725674,5.64974546619613,5.58702266608793,5.2582767063972,4.84941762844984,4.44744912457076,4.03239385203891,3.61983382124077,3.44417965459668,3.55481177228238,4.09776609294501,4.82413434902168
22.560737361857,22.2821185281277,23.3649970021231,25.5356047663704,27.8698761560046,29.1938970917321,29.8713363185441,29.9067589680996,29.6245999169567,28.0580752616247,25.9972528667717,23.9864226928204
30.2287886457548,30.2434892812233,30.2868248915388,29.5495625639631,28.1104312892609,26.751841669365,25.707900050275,25.3915284980114,25.7767493366362,26.9583007620916,28.467606489038,29.7547263477104
16.4698649017593,15.9101699392171,15.7145344736921,16.0007814116929,16.9583253846768,18.6437717274424,21.4495393439164,23.4062651287985,22.7392610838283,20.8475851945613,18.965668495556,17.4968309729915
25.4580260751907,25.1473611261028,26.0332994403478,27.9695866021316,29.6790711306937,29.9246381768832,28.3269651455221,27.1509238734969,27.4720785704124,28.4369728335009,27.9493851590362,26.5685621471492
24.7297423310949,24.2989331503444,24.3461968896755,24.9203802386305,25.7585563084089,27.2788222451081,27.8047726974804,28.136813294501,28.3160538749811,27.7625147097141,26.6269055176901,25.704701213597
19.6085096444108,20.636566256915,19.9947921366469,18.6716973697639,17.0315650405353,15.5802619237121,14.5049797371542,13.8253820452364,13.6293583151973,14.0187634482274,15.3363119683093,17.5590631631721
20.4748171563812,21.5234269437653,21.0867411795159,19.9993049427069,18.4212097690397,16.7993093044115,15.5111071163096,14.8157035907254,14.7409062111922,15.2200035409229,16.4799679606869,18.5153866657728
28.3645334823186,28.6121583599311,29.4040888101873,30.3784544580682,30.1171433688955,29.3930284519543,28.9184427617448,28.6710068979449,28.7108519158799,28.8919423358647,28.9330392742965,28.6067648094674
6.31197657181991,6.54873386051996,6.22202692963732,5.65907937068343,5.09456929792134,4.78762461838424,4.64330147058819,4.45904788897285,4.349234006467,4.43637132122789,4.78707668605004,5.55353947322083
25.7806558944942,25.2627584423788,25.3033186444667,25.8070191953954,26.6486695514265,27.4858999351733,27.9178407516985,28.3201733092383,28.5011689648719,28.3697792882193,27.6983166295784,26.6723674937004
29.132920525764,29.2421512626319,29.5168966276477,29.8573919440331,30.0691186521992,30.0148467303091,29.6761010803233,29.3100728949125,28.9679875916462,28.972048956892,29.125348935246,29.0856656641531
25.4815715544223,26.4140658107873,26.4000423005538,25.5669601616229,24.1476096358078,22.9119156886891,21.9696360856071,21.3810797364192,21.3100375271504,21.9365621697991,23.1149373856735,24.5335119879191
3.40637907149662,3.18372703090669,3.13542800704096,3.31887598251123,4.05911333162831,5.65547322289553,7.61624396848398,8.43340209404384,7.47271098059606,5.7037703914047,4.39545182262783,3.77653348992191
0.632311744027627,0.781775014470166,-0.00273129199725467,-1.04157602817791,-1.55959391721801,-1.67153263587596,-1.67674540791894,-1.65379696086847,-1.66541819482345,-1.70597282067586,-1.70684400439204,-0.806806812896947
9.6239129260153,9.90517577547441,9.48759010716409,8.80032933918743,8.16424244781041,7.60012406503076,7.32198468234968,7.21022962264894,7.21572166629148,7.37314311641118,7.83341510788017,8.76035935456078
0.319240900155091,0.738615054088996,-0.19678043154996,-1.19006841424818,-1.62716275152748,-1.77752816889754,-1.81683843658988,-1.81469318926744,-1.8201036543151,-1.83380262450653,-1.75375053965746,-1.12937776348104
5.24147082538662,5.52963138184969,5.28905450621469,4.60259063880381,3.84185366526302,3.34288170567329,3.03938722195323,2.76172044968479,2.61559383639338,2.73843602603851,3.36547987076524,4.39526808925811
-1.95038116832481,-1.95463068462326,-1.95638769303575,-1.95324521327337,-1.91805597893097,-1.78390202134108,-1.57180865886263,-1.12487952905922,-0.71754895616876,-1.36949840163552,-1.89193694437767,-1.93700665311956
16.2475823767125,15.2819681427379,15.2283742154769,16.3121361108341,18.8502110788898,22.2465378259537,25.3611324625826,27.0643172429967,26.5035310040876,24.1177229707081,21.2927942711242,18.2629839593125
26.5652211326177,27.0754539682895,27.1474938494337,26.7027805078317,25.6820486688363,24.408629725574,23.3080047084684,22.5525980176349,22.3335695654168,22.8019573874481,23.9798043262254,25.3665620764721
22.6762686362918,22.3315473424901,22.3460171068678,22.5196062126975,23.1079087077275,23.6220973525122,24.0407212784196,24.4704113343777,24.7809498314252,24.6402073114236,24.0156148184683,23.171652429556
25.4841144677877,24.9040007263736,24.9111355169878,25.3376319934376,26.1161744587095,26.9120724290922,27.3766699592273,27.833749258179,28.0962399261473,28.0534764575404,27.4247440598844,26.4259671225455
18.4335378816653,18.9569657908166,18.8357734148286,18.0444556045189,16.9669394555506,15.7833111260048,14.73421279507,14.0283756473357,13.7240272293696,14.056138539011,15.2953075316598,16.847791511199
22.5191482388078,23.5926107527413,23.9340693333292,23.4388517939317,22.5338066728251,21.4016562716477,20.3627848472204,19.6023126059649,19.2474961090132,19.4001413248003,19.9869309466805,21.110291669594
0.0782220395518592,-0.386848720755951,-0.633543121830824,-0.656970115576895,0.106336576860275,2.02360496673985,4.58986479031232,6.13295758440427,5.34586486015717,3.44081198088876,1.7154258478544,0.746875957696601
26.4981374747158,26.1681868932859,26.1966308437093,26.5603692754622,27.2104918453115,28.1861418587628,28.5616919603592,28.8225911784068,28.9535621030497,28.6542088913008,27.890927982373,27.1673313828644
28.0002161290918,28.6704908303564,29.1646098559437,29.0066617938191,27.843770628195,25.7781384029669,24.0333495817761,23.0624081462249,23.5106029172163,24.8542456035026,26.2595288525971,27.1652142752729
25.8395977774736,26.2367412448606,26.2519945961778,25.8667960884827,25.0016169872028,23.8770800350853,22.9706226125558,22.4850634342937,22.6020980830302,23.3826992015647,24.3874920885297,25.2115211523299
26.0974963486817,26.8680047619976,26.7956660267828,25.9195930055219,24.5040303037317,23.2348910148604,22.1988932607372,21.5907537935361,21.6165358392988,22.2916006735863,23.5676123332985,25.0275983902104
5.69908656093535,6.0110307235666,5.67442906470623,5.0977687687596,4.50925174166934,4.05275222941405,3.72685998590513,3.47158807470999,3.40766532970843,3.51660340086694,3.95863322021789,4.8164849160063
-0.531170384285971,0.0187895611291592,-0.665100184076209,-1.4871210898958,-1.77654728578418,-1.82686140068793,-1.80640793921753,-1.76608390225551,-1.76277117145402,-1.78102441554245,-1.7887681960518,-1.59567199734988
20.1802501961968,19.6133366608361,19.7439469361854,20.1732906248346,20.7257311639877,21.5597148667244,22.0436701344222,22.9179705961826,23.4097072829637,23.4271497453121,22.5751441587286,21.2094132328113
10.2887961668201,10.4999778847285,10.3263964337393,9.78517198747362,9.18359212450161,8.81693017626758,8.72382429205727,8.67282789862742,8.5837554721303,8.63964259895408,9.11183706896094,9.81399326176495
7.46639562247363,8.28998238452477,8.19482223918763,7.38725068409906,6.38140047692081,5.39180352516021,4.66487625907005,4.25483109025532,4.12314034744988,4.36770537415264,5.1144440897127,6.27536989048716
0.0960991154561637,0.270903270007838,-0.231498343420636,-1.06404360214269,-1.5215300178698,-1.65522093199372,-1.6744152219421,-1.65778452698314,-1.67136610354134,-1.71879132948223,-1.68962459405253,-1.0444059152649
-1.95117536417132,-1.95432459576405,-1.95617433532884,-1.95569390058644,-1.93809647711999,-1.85024514433609,-1.72075649266341,-1.65953491686251,-1.73652723366681,-1.87021506029475,-1.93247870922618,-1.94721678495032
25.7527844823041,26.3763031819644,26.0014694375314,25.0396514390668,23.795539791839,22.5713175818621,21.5278541445527,20.9187946008722,20.9863241555895,21.8983523647766,23.1896424760384,24.5921946183024
21.6786665316006,21.2406659800559,21.0856437500969,21.0874537045869,21.5616057383641,22.2347870763311,23.2261815443096,24.2356699140618,24.5680654103973,24.2377905484101,23.4804634560782,22.4011004204034
19.4779406733558,20.1806338929736,20.0017615817031,19.1412840732359,17.9694388139651,16.7808594309863,15.7834158990991,15.0626147170072,14.7723217495194,15.0964439169134,16.1646629582564,17.9442014858806
2.0953941052074,1.6194671933818,1.50174298584334,1.75019693708498,3.02466697571539,5.57122981633303,8.58514724451432,10.6015476356026,10.1170813936058,7.61099343642286,4.91083579576099,3.08895453921137
26.4746552203544,27.1791262197648,27.2963959894528,26.5458234849172,25.2356551244932,24.1061890137687,23.2387773056985,22.7525825667846,22.715458745494,23.2232458901512,24.275997996462,25.4688795852577
6.14592931742319,6.42304400188152,5.96600172151592,5.0343719804382,4.12851917893543,3.52999779032389,3.16063015335891,2.98136599414072,2.94520885951781,3.17668339724164,3.8318277771859,4.94727619241828
28.984332505085,29.4801846678109,29.9461232979826,29.8830164453985,29.08168712392,27.9818367041808,27.0889758951664,26.6837206400027,27.0451143342274,27.7517895073878,28.4547132842103,28.8005284491782
-0.802819598589962,-0.671143318114102,-1.38669197892512,-1.71565478865261,-1.77983809857936,-1.77747035813921,-1.74911199928174,-1.74469330152366,-1.74604838653056,-1.77883722108978,-1.79346644161167,-1.56201485330142
-0.543505659741724,-1.00279698334535,-1.22988961857239,-0.918813531840447,0.973646273844494,4.80865899450779,9.46264623261958,12.3066835924894,11.8737359733988,7.83349854339941,3.37307224312303,0.62580976884821
4.50330541994222,4.10969010446022,3.97860908825029,4.36641063691683,5.98619827575924,8.48914387668272,11.2460997036377,12.7698335054409,11.757304155128,9.22498217721971,6.82140190007381,5.28384252344752
11.8501464002238,12.7568955364042,12.7123695701413,11.5777099432066,10.363667111861,9.25806757452627,8.50142197944633,8.18108188320708,8.11649606565337,8.53004651989824,9.41419876031084,10.5454259927941
21.9399574818721,22.6608964293729,22.5988055006661,21.580532629798,20.4486620620587,19.3352030570114,18.5742315974739,18.1767091288534,18.1367365119408,18.6183003361217,19.4944341442053,20.677965347347
18.9891291999158,19.541415992311,19.1578866446072,18.1748308157338,17.1062392385614,15.8796553108214,14.8762010463706,14.2816318370502,14.2635397324277,14.8678557916565,16.1170524308382,17.687371722729
13.931771208314,13.4890488558887,13.3697897584278,13.6739445803293,14.4817357733661,16.0365474197624,18.2153497674909,19.6908939258584,19.1556707471262,17.5953243266075,15.8874052037058,14.6952750332153
18.810994721488,19.8654674894334,19.9457642019068,18.8963762678397,17.8056433672991,16.7279280774592,15.8230990774428,15.3172820657704,15.1557446149834,15.3911211420188,16.1352579177267,17.3153365645421
3.40808675154457,2.90477436667449,2.80490895244377,3.09960725709427,4.18916368789058,6.21813554382465,8.32156419820608,9.97897631243116,9.6638164704971,7.84462579446402,5.85043540555147,4.33102937874363
27.0582878638039,27.8151651495085,28.1736143087853,28.1213159970311,27.3062507506126,26.0228165747,24.7821634591862,24.3663441328036,24.9710294894977,25.7202256686831,26.1129512565044,26.2278427045893
24.4687298572293,24.018772623024,24.085459173955,24.4906592050342,25.297919282655,26.7502054741402,27.2375348790022,27.6843638265216,27.9481651366135,27.5011436765921,26.3913812472198,25.4054813366051
28.7732984664359,29.0033939667393,29.6953045329928,30.2493588694708,29.9412142982265,29.5992175533565,29.4007048494095,29.2740808006873,29.1894759071017,28.9582304281282,28.7931145258107,28.725169722901
1.68263543826164,1.22722881788071,1.15855748900325,1.50587092375362,3.042339462452,5.90984655322387,9.34882726559469,11.691011524127,11.2328677105079,8.34908707087608,5.14081633324149,2.87314713333532
13.9708566428064,13.0569100667432,12.8117269199336,13.304543865098,14.6222197164389,17.0783161247973,20.956095793269,23.5649987527337,23.3943300086159,20.6909185416545,17.9968992532145,15.7670867944792
16.148161888203,17.0180358789556,16.709712515219,15.6326294897885,14.6128472869252,13.6549250704984,12.9921243911729,12.5814849622953,12.4566828169516,12.7474437537541,13.6626593033397,14.9508716403827
26.8466940261873,27.0310496790316,26.7699483007684,25.9235964552465,24.7477357908156,23.6967924466036,22.8002559572654,22.5431733906802,22.7029713917218,23.3411006349957,24.4369126737573,25.8513471620539
25.7829749544016,25.3150042745406,25.2862098898496,25.9703446249337,26.8845962147761,28.2125213948381,28.6673500732475,28.8321197312733,28.8809195936186,28.4661555834975,27.544354700175,26.6963726060494
27.0618257223712,27.3873936674767,27.6399379311311,27.1320683864671,26.001988997211,25.0403196875969,24.1731820867714,23.6839752866677,23.6271759276235,24.0544427655184,25.0243932278498,26.1436189264248
25.4525108904223,25.0774208998572,25.1260444013445,25.6708906809288,26.453103454806,27.7829659612455,28.2504994187089,28.5066494659532,28.6357772909833,28.1783512764572,27.1884491473405,26.3275515524522
21.7299338509481,21.0868908793577,21.0025461363319,21.2758225923787,22.1391681011037,23.3228087984429,24.0065855241583,24.6743526812632,25.045019613941,24.7583208746039,23.7849550276775,22.6124595682128
28.928425653524,29.2291297739363,29.5182968726734,29.754665904701,29.3633672746189,28.3157336514253,27.2283676190174,26.8040739927637,27.2949798669328,27.9524485000657,28.2253508303666,28.5019841983689
27.0879325813944,27.8714413517485,28.3022102035259,28.3126003120876,27.6927657714276,26.6534196096281,25.6827227347852,25.0420013020023,25.283827601955,25.8889447700031,26.2945521975071,26.4782739539436
26.0496163524158,26.4483315206387,27.2794330502777,27.9295603637481,27.8720059551414,27.3570719998912,26.6473815126531,25.9922738571247,25.7002345912811,25.7419970766634,25.8129262969454,25.8850090369518
29.3601815956932,29.5043939315312,30.1302064994029,30.8697675628017,31.2485652596239,31.2228480178054,30.9241601517608,30.6716850538435,30.5351798059309,30.4873067834818,30.2744012477096,29.7581693063813
29.5141196247778,29.2901782658571,29.3866565263681,29.6247932662216,29.7376391996052,29.5339360059339,29.2672269707511,29.1081794849532,29.2019198338541,29.453878168253,29.6910425765156,29.662009063927
11.6061870459801,12.1279326471312,11.4566419592109,10.3347471116635,9.2880144583197,8.32061177070565,7.68135628811924,7.43525568873417,7.5103541932119,7.94393645418211,8.90023699910526,10.3133567251127
26.9435580448353,27.4782605847746,27.0532988841361,26.027797009476,24.8128012759384,23.6125017357216,22.6170500205533,22.0631777945818,22.2970626450588,23.2906239363157,24.5784419760456,25.9492618912641
24.8119543612909,24.2671579554876,24.213092600387,24.6449471744384,25.7164578311394,27.1925951841998,28.0752565830744,28.4946224614036,28.5726276256181,28.1465818555189,27.0602098570912,25.7789092359677
8.61125278363796,7.70933660054112,7.52493755809902,8.11259888844526,9.37007300311573,11.1022898321989,13.5078797096687,15.6453338342529,15.4244087415146,13.7034038662826,11.7589213322571,10.0676755621888
23.2835314254191,22.1358216846256,21.8307218871929,23.019007431528,25.2132412836647,27.6362251078418,29.0931395278853,29.1110409628172,28.9142120442875,28.3408900537496,26.9878492077215,25.1858840655789
26.0280859765935,26.8760721850477,26.8404903005542,26.0591495815883,24.7122402713707,23.5305700853461,22.6386882232946,22.1063123377735,22.055134399619,22.6256267257141,23.7837572990234,25.0036710854125
25.7461838353775,26.2565786159345,26.3439566084941,25.9385798726384,24.9062569880182,23.6270213009442,22.5071329591397,21.7450127319054,21.4820150882071,22.0173246248782,23.207511073858,24.525457209016
21.6454221563035,21.2670533872809,21.2279926569664,21.3512690986951,21.9463273666548,22.5427766106839,23.0852930429181,23.6170579894337,23.93864657262,23.7901280641343,23.0802888023609,22.1905525803777
25.9769763294423,26.2247457839972,26.6751668301758,27.3984778824972,27.3981392536933,27.1301950429291,26.6207399484609,26.1307054333334,26.0894288652877,26.0915103502995,26.0647964908728,25.9211667721628
27.348481889912,27.4814007186291,27.9394715537833,28.6305022966282,28.8727376901203,28.5060692621824,27.8684394005869,27.472374721938,27.332505379917,27.3916360779353,27.3157172775238,27.3104735549065
27.6855719604096,27.5558171869831,27.7279942394833,28.0253746792895,28.2111999928925,28.262210761788,28.4380639111688,28.7112402475909,28.8300671280185,28.8429454488993,28.5720520828486,28.1195698122679
29.4555301387974,29.4210817919633,29.5076768280719,29.7454583925259,29.9774409891711,29.8687231105397,29.5267693652589,29.4146771913951,29.5926171039176,29.9373553804764,30.0555477209745,29.8391170779928
29.2374200279278,28.9932734941807,28.9736633809774,29.0431284332581,29.2792197151823,29.5286496206948,29.610512522993,29.5056964472197,29.4549176420827,29.3743650518727,29.3876722212953,29.2940536079247
7.86150388784512,8.20753539036761,7.96411493674428,7.34830018246172,6.64130847224334,6.08666983486394,5.75347191558498,5.58016861347693,5.51726347277057,5.67398614771011,6.17047646653473,7.03481475703235
-1.91659584360491,-1.93728211707569,-1.94537052850534,-1.93996478867075,-1.87178679271712,-1.3269215447733,0.0421373454020035,0.989089679907983,1.10284517662797,-0.523689713501638,-1.70209648079725,-1.8699822210891
-1.8736538053363,-1.93202469851281,-1.94247299200081,-1.93863021195772,-1.83337023543172,-1.18340170097942,1.05687788062315,4.17993579083946,4.56818444676574,2.47232218726657,-0.0223300852656096,-1.52795460553066
0.267527277193926,0.427861826580875,-0.670093341847765,-1.43062277171965,-1.61754718674262,-1.6573898380205,-1.65271535263756,-1.63180592913449,-1.64503916047354,-1.7003545707149,-1.71349275780508,-1.09910707867693
11.3863567836524,10.2333186635015,9.84187152564784,10.2099094721582,11.9900882819242,14.943126121001,19.0769467177543,21.6346386285105,20.8512360238848,18.5878671915362,15.8467266623796,13.4942417066475
23.090585621221,22.3937339701086,22.1902566125603,22.7473369730141,24.3671343325359,26.6015708415348,28.3208530899423,28.9877311642047,28.6325477403745,27.6070130978643,25.8751775713059,24.3118217163971
22.3988476616912,21.3913258570677,21.3263799461028,22.5760483256692,24.8088719346834,27.0434081444245,29.1901725665531,29.3149542786839,29.0055898533702,27.9772024632799,26.1782054911657,24.1416067340294
29.5415263396723,29.537613841451,29.645161002334,29.7289170162416,29.8551146975352,29.7517742273287,29.5424790174557,29.443746355423,29.6807154488712,29.8166984080019,29.8646934513573,29.743395615924
22.2759768477178,23.0158717231851,22.9374631376785,22.0862358028483,20.9383470958844,19.7447885941944,18.7263501491548,18.0022206381128,17.7824851788799,18.1361051679659,19.1860266556212,20.7375817361147
20.8722902633851,19.9457830393978,19.8929547725962,21.107916005283,22.571769617968,24.8018889886975,26.652538105407,27.3902901812619,27.3562857236722,26.0888469939906,24.2699405307468,22.7076926226841
12.5346639127625,13.1908217330574,12.7513696548731,11.8320892138575,10.7440996438676,9.7433962007727,9.00963019770938,8.46129717647204,8.33007562715411,8.54353641991979,9.51289822349973,11.1108736532274
-0.849018707926296,-1.03181050234628,-1.05596174556563,-1.20523070245302,-0.980682560413153,0.351757189926971,2.50733422042997,3.99796998271634,3.32445883363358,1.36395069585098,-0.132043591072864,-0.567960625976645
1.61556222974167,1.9867451817846,1.659811841775,1.07321777138927,0.491927504717124,0.108262088067162,-0.133354697540619,-0.403568545031231,-0.576398912444763,-0.614684060373754,-0.375561237748335,0.552524162789259
10.0272643444969,9.74832193390703,9.65331693315835,9.95844654905287,10.8614825580546,12.4186380009112,14.016904867847,14.9166511283203,14.3255482440969,13.0449129287694,11.7637661857503,10.6774059990384
27.3832804921281,27.5538486034425,27.1407569328643,26.0628699870118,24.6844567302587,23.4949946050702,22.4976178211625,22.1906788024892,22.4827630241455,23.3333165450444,24.6813754201336,26.1798832736856
22.5822067465361,23.1994216138003,23.3323712791907,22.6487339082641,21.7608726042861,20.8981445715801,20.0098542497276,19.4571550750274,19.3082323775471,19.4651228503952,20.0955585341447,21.1858971079049
20.9697320627629,20.1687590559208,19.9009547761298,20.3800221218296,22.1676651146999,25.0064702226423,27.3359621897786,28.2600321536626,27.6941599676877,26.0122039373338,23.8843430327173,22.2323517323669
22.0834888919043,23.0890176321964,23.3495812257966,22.8217921126262,21.8602324649298,20.6723905109678,19.5870500078878,18.7705973770741,18.400754621948,18.5866778877682,19.3190726469356,20.6220581281601
-0.661150455843642,-1.32093680169206,-1.5483723787567,-1.31924225234653,0.636766838665431,4.36266339895961,8.22128176862219,10.255041520846,9.64891832528005,6.66244898175194,3.41468040845884,0.872715581246325
21.9568080337787,21.5033407277171,22.3093172259975,24.1160989853764,26.484856060165,28.2172252012776,29.6677249842592,29.8438128392894,29.1475018242417,27.384618286372,25.4027744816423,23.4491052294006
2.8578027170488,3.23914383692981,3.07038694842508,2.42496847732186,1.70729408494789,1.22473550447255,0.867257307373902,0.524037958564816,0.375046732335753,0.443886899772977,0.928744061830725,1.80729210062297
25.8942483558036,25.6510859630316,25.9260890727063,26.7586596292275,28.0692899531026,29.3578577198495,30.0066945738608,30.3356093178637,30.0637569140303,29.1512518645696,27.8210017615448,26.7120222678498
18.8415664933054,19.8762861847193,19.2878824129589,18.1048555769373,16.793312100219,15.422057904924,14.3324316958448,13.7641490703193,13.721730057857,14.2334693397005,15.3948464601821,17.1169792135166
13.4245508620991,12.7406549329944,12.4376437213235,12.7072302310742,13.880654943457,15.5270177951684,17.2061315824092,18.6151482839218,18.9396154898638,18.0454446966366,16.3977735098034,14.6545024622087
17.5905144703167,18.4699271632757,18.2578651852354,17.3433339063638,16.0033086690304,14.7240636605953,13.8001123707961,13.224938008535,13.0087667223373,13.3198588571518,14.3296008851109,16.0722282397872
28.7544256300954,28.7422594787259,29.0972421865103,29.4720574144554,29.4926952290793,29.480041830601,29.1930974507748,28.8709754627232,28.7362276333869,28.7369761687381,28.8223330154501,28.765421970302
7.76643589196518,7.51274537677216,7.386465505294,7.57528318683749,8.30035311385542,9.64077219387418,11.1318698438513,11.9237834381369,11.0687631162299,9.67230792391415,8.67221391963924,8.13561495433401
25.2475476797953,26.0218376068935,25.85305783742,24.9858316060362,23.6303171087186,22.2879981078968,21.166227303199,20.4896366480786,20.4626721623018,21.2124797665458,22.5678593084109,24.1232102505585
20.4747315749101,19.8406610002987,20.6271497881595,22.6065886572135,25.5736587455254,28.593643868529,30.3036907685014,30.860871954262,29.9104977169774,27.4725232260561,24.7491856491665,22.2744714286368
21.4288197491575,20.5630467458637,20.1932886561647,20.7161824699273,22.5667513010485,25.2004306908894,27.4612094853464,28.4143565815682,28.0729976591254,26.6103682716189,24.5468822090836,22.8155442170582
8.95100009621959,9.18254620491815,8.84498134374452,8.25570488945777,7.68787782995988,7.22113351087943,7.07660555103615,7.02837901276625,7.0011143618641,7.05989207157856,7.35131118121368,8.12226705803296
1.93470379583584,2.2265688710558,1.86278892183071,1.13787167341002,0.388609132132664,-0.257104666026358,-0.789697153425057,-1.12429361296117,-1.24348753077048,-1.17098019078419,-0.533014050916279,0.644683386308106
-1.6775397820143,-1.6793966126447,-1.68472357308393,-1.73700122976252,-1.81506805838807,-1.7477406650019,-1.41066788558306,-0.77735265267102,-0.769178382016881,-1.32258464924941,-1.65731736444351,-1.70937724548004
21.8357186049943,20.6407225212144,20.2981696613254,21.2342425689934,23.4303957559304,25.9798252735222,28.2854456404308,28.91085468711,28.7273614291421,27.8112625218639,25.9886745037523,23.8409138595098
24.6102713196508,25.3153429880417,24.9824621431822,24.0771117776956,22.7849171449644,21.5173930999193,20.4557894917246,19.8480786418133,19.8272563867797,20.6081634716249,21.9102579082907,23.3935372929596
23.2553694915001,24.271492050949,24.2049317363505,23.0172643199282,21.5830936003346,20.3326167025064,19.2640880621893,18.5997082302773,18.4020217786835,18.8953622776297,20.1389831579269,21.774959467194
1.8268454203778,1.02808251023103,0.809968609540927,1.24671800466593,2.81949726755358,5.66654033557994,8.70907729982265,11.067694294019,11.2638296041149,8.87293791232405,5.98361681709911,3.40828705920011
3.86565943225747,4.17516060088711,3.93437295688341,3.30460782807138,2.62856893087754,2.21944775109139,1.92692922999008,1.63318255998759,1.54856165648883,1.66535140198946,2.12017448674678,2.95002631952292
28.4378387262067,28.8206746475375,29.4374119614578,29.828217345711,29.4146450085281,28.630740074819,28.1751929000075,28.2208092443741,28.352490718666,28.6002822763485,28.5677724619686,28.3570855005189
29.7380652815092,29.5114857691163,29.5158650769555,29.6708739144547,29.7985104218909,29.7748535548026,29.6152387137443,29.5521200180008,29.6719038615602,29.8084825337463,29.9763460249047,29.9807667912286
18.3936507128115,19.151281271778,18.7516025534659,17.6515084784589,16.2158782050451,14.8377070316455,13.8711835869434,13.3181596268085,13.2116056934838,13.7339456022494,14.8786092283217,16.5697590947073
27.172277264215,27.6576997150528,27.8701195363657,27.9714072198714,27.2068674213369,25.6642946982055,25.0296023980824,25.1014481760401,25.8262655524437,26.4330689908014,26.514729569046,26.3736569881027
27.0319144935547,26.8949183078263,27.2062394857556,27.8291120797676,28.1285884193455,28.1742644159334,28.0326546568638,27.5554089243378,27.4332779251305,27.439302575693,27.4037296393609,27.1337287384553
27.3787882087313,28.1656739028732,28.7858637715626,28.7266953770542,27.6444172731225,25.4426343243184,24.139930157335,23.8853629441061,24.4197779682087,25.251872057828,26.2243463174422,26.7718395565594
8.13239562832023,7.48751101657138,7.23642206150967,7.56669754632751,8.5873920117846,10.2726870947445,12.2333587357065,13.4126872928696,13.0755238548116,11.6053260578319,10.2295536773308,9.03021983200979
22.9953525704838,23.6488416324059,23.5180630191919,22.6267069089497,21.4103353581478,20.2455855344134,19.2824362049134,18.729362946249,18.6221932373101,18.9397396987912,19.8744934519948,21.3330218265861
17.8002143010202,16.2958056910522,15.9114040871564,16.9579025857291,19.9262986279808,23.1491025223662,26.7229201712689,28.7159147035713,27.5110605246379,24.8265343206082,22.3302218387043,20.0332890862096
15.7072195371992,16.2453597123126,16.0930010491189,15.2450995903317,14.1494606904517,13.1329363345774,12.2734097860368,11.7125788008561,11.4838066768762,11.7235808728839,12.8146858982631,14.2988217472018
8.29121891872652,7.77354300369925,7.51667906196043,7.81621387109361,9.08606328026449,11.1833428078624,13.6466534998692,15.4988114211277,15.3832616595159,13.5981198801259,11.239074920971,9.40435354583832
21.2145101208713,21.6604038157286,21.7029533209649,20.9516367790739,19.9117073983978,18.8859093591328,17.9029159732012,17.2542802462316,17.0673296116253,17.4293903791759,18.321579083199,19.7086934720527
23.7990099242044,24.2965664754253,24.2015598137357,23.6924765054798,22.6704058832077,21.4539115884252,20.4534138368275,19.7615606175991,19.5471492500183,19.9978196235535,21.1967483500192,22.5269522657319
13.1579863311266,13.56984449494,13.4832422023409,12.7700752959172,11.8879011996491,11.1606427424825,10.5650029222149,10.2288890055769,10.0938835133701,10.2401150887988,11.0818480081896,12.2203389879627
1.0590175543256,1.50393404517671,1.2074908900201,0.496935541271905,-0.199383797460888,-0.834309354715764,-1.23512765333024,-1.41081002749119,-1.49031574905184,-1.47028627275531,-0.933191950738257,0.0255105309931994
5.61440424177048,5.76297106493709,5.46059725047737,4.80709033355005,4.18018682804935,3.73386498577015,3.39843987766628,3.17668987036717,3.06585805347145,3.09349455302658,3.50367642078596,4.50766761330776
17.3006192392525,16.8486942381466,16.7837055813778,17.089057328783,17.8629541455368,18.7752806706245,20.3240860125972,21.5408704867412,21.933916464778,21.0924382990307,19.7694864249977,18.2380685512177
21.4046339860049,20.6592844427201,20.3522853610679,20.7388856522686,22.0995164982421,24.3534636109143,26.4624090585029,27.632175535784,27.5824141862826,26.1564790364591,24.3541035610614,22.6907234578941
18.3873771681684,19.436492436034,19.479306863952,18.5757071027879,17.6276981992082,16.7371924806453,16.0486672535295,15.6362081257717,15.4649691843319,15.5544045804835,16.0473269109017,17.0383998917629
22.959575919358,22.2268899901387,21.9479330746136,22.4342161408559,23.9815319847992,26.2759376496691,27.9999105129893,28.6785503789746,28.484963941916,27.4545230134237,25.7758140731314,24.186864933215
21.2501138648477,20.5091460527308,20.2659668152569,20.6789760230641,21.8740067032173,23.8003415356339,25.399742765247,26.4618973699054,26.8221941437676,25.7680633857813,24.1784823513195,22.5112029705699
21.3616528392806,20.4007237705655,20.254363869395,21.3740690343481,22.9403470548468,25.0986600184634,26.9816126745065,27.7153747703281,27.6101390362149,26.4697008884176,24.7448991026205,23.1681214467853
24.4545202991617,24.9761230137072,24.5823264681711,23.9809691228116,22.7558128583902,21.3542034243236,20.2427676091059,19.5293201064394,19.3277634292552,19.8310716623969,21.2243719418035,23.0047011811537
13.9684973319206,13.3173871868297,13.4848379121176,14.636743900987,17.4023440769841,20.7997928529835,23.733045602412,25.3978929791036,24.1804935231347,21.4167507978374,18.3429175392562,15.617511505569
16.4236884224765,15.8073801942177,15.6250168087563,16.0164228521214,17.0399496657293,19.0554598117347,21.3092731094613,22.940194692715,22.7241499498136,21.1140523451795,19.1440920146971,17.542920458044
8.89143835368058,9.44677560880827,9.23303026380379,8.52646391348179,7.67467200751458,6.91399080829982,6.34700209545001,5.96779980670147,5.844772225316,6.08082133587042,6.78041552792189,7.86271107887589
7.5945927650795,7.90376497257999,7.82241141475886,7.33067616395392,6.75608897983346,6.20323803842161,5.73152290491745,5.4068310988669,5.24179378073625,5.4621008718631,5.98364956059278,6.75173384199152
7.60437232354082,7.86871564769161,7.66743027848325,7.16954399105917,6.61027082399795,6.19624590237995,6.0184771851072,5.96749232032783,5.97559809891901,6.08099963876789,6.47270132573943,7.09202986272384
1.74417844239241,2.03183738454261,1.39685061911663,0.361320113522942,-0.599967331893365,-1.15222947987269,-1.41128284538687,-1.53593366708896,-1.58345554950075,-1.61370182006749,-1.22267178155542,0.179708910916186
26.3327018189412,26.3937155928595,26.8564251223329,27.5204514749032,27.7039423036981,27.5594011315849,27.0426545058119,26.618084287706,26.7676066562991,26.7086466286451,26.5541896697599,26.3479045942949
12.4629973201323,13.0242304835552,12.7284711849757,11.7884418521297,10.7539514240677,9.72247864802276,8.91694568290106,8.5026409480731,8.40208555730839,8.67463632792843,9.54293682395781,10.9903606227014
5.80073674460685,6.04341630197318,5.55148801905844,4.71506086534356,3.98108123171774,3.5068468353431,3.22498103985146,3.0225751758119,2.92382186800496,3.07608610648733,3.62667555776076,4.65100221664045
17.8612530227511,18.8011636277876,18.2580854322068,17.203776685816,16.0525704802656,14.8735108644986,13.9809210653017,13.4565656144638,13.3312146202091,13.7057055255828,14.6893273801103,16.2212225625755
23.114088655211,24.0118170466036,23.6129548346879,22.4023369624118,20.7722781966583,19.3990456549366,18.3439711878299,17.7345859970599,17.5749318200869,18.004352796735,19.2388959681762,21.20168880819
1.59639319755052,1.99979136780235,1.93961149107968,1.54610314818918,1.03433639595052,0.450996756188769,-0.0544405629147884,-0.482736544318069,-0.747778707906656,-0.687561393172861,-0.16803813071481,0.635157519351862
27.7867117747535,27.52774758481,27.604525547528,27.7670025663914,27.9677139272258,28.1590552696513,28.1461271059095,28.2045282213949,28.4362097137103,28.6283842826462,28.4500447347947,28.1463393393296
1.17767705357705,1.56139096642209,0.956577771468413,-0.158250191265988,-1.1011632907526,-1.51112320565017,-1.59237250742973,-1.60042593996504,-1.61347442716795,-1.65743545852157,-1.49800267614346,-0.285915231581383
8.41788840664888,8.8058041401654,8.64160958976699,8.06773050152222,7.35300462037561,6.7561805590956,6.25808793064555,5.94346887361002,5.8659247322449,6.10130543929594,6.63490084824489,7.51009127061588
28.678610776754,29.157323793673,29.7267620676035,29.7842413336954,29.0407730638476,27.7310312374054,26.7107090903151,26.0796168821499,26.4460516195276,27.2945774766533,28.1655739430087,28.6290426612678
28.5119003954427,28.2295568458205,28.2243952022672,28.4574220354701,28.7760688761079,29.0532598393813,29.2202388504937,29.2482329325438,29.0868565844221,28.9870423438625,28.9098542312823,28.6645748789686
25.4029219532462,26.2838188147009,26.6822835275019,26.9857885822842,26.5539494355035,25.8566489396581,25.1525988211898,24.2891972889481,24.3571045424116,24.5340267219808,24.4399582561593,24.5850427156021
2.76786469685024,3.07163134007533,2.65791445253828,2.04674572700499,1.45827882536497,1.1120142117041,0.918887275649363,0.670382243567605,0.510448529210253,0.516689216578435,0.803282044397251,1.74256957849927
28.8246351051819,29.1333990570962,29.6838842995334,29.8962369666696,29.7189916840567,29.6799688852982,29.4593263650094,29.1347015253599,28.9803308656551,28.8615985246692,28.5249518753884,28.4884466742846
29.1458594700191,29.3852337196748,29.6883420557383,29.9743305287979,30.2207471282396,30.2365433188768,29.8193620655591,29.4879266607203,29.2278895845762,29.0468868774883,28.9556843627161,28.9417752392197
20.7051110253018,21.3952316101025,21.2613084561697,20.3898700668389,19.2827223466784,18.1050117488319,17.0780816736828,16.3358988419115,16.0705204575512,16.3934672432705,17.4967163466012,19.1652100821427
29.7971532584647,29.6693059468717,29.6018036476101,29.7208985552228,29.9022418661956,29.8594429463632,29.6808991081374,29.4875059679122,29.6547581957091,29.7723367646265,29.9213130018569,29.9416874624165
4.17608454424775,3.69627697714519,3.54410418718743,3.80411850420132,5.14618541257089,7.36503804574013,9.80486806542316,11.5038006538377,11.0200827623587,8.86603276973302,6.69932524845588,5.13686574317744
19.70080978259,19.9125985977967,19.5737812278267,18.6074806106225,17.6175483838238,16.6106724303498,15.7496834793057,15.3102292851665,15.5444058645258,16.3768007368968,17.6527100403433,18.9197385456132
20.8993952033637,21.3690044422877,21.3414049103974,20.843282648622,19.9244466358074,18.7668628815568,17.7561431433152,17.0359150231523,16.7062011309818,17.0707296958323,18.2474545483889,19.6152301008693
9.68170100335443,9.96860195174229,9.7177510814151,8.92258321259415,8.09742343062973,7.35717968224572,6.82721626915826,6.58084853282383,6.51470575552179,6.68039558076881,7.30461013370193,8.49982899230008
2.07857335160901,2.44701305806339,2.04277771714242,1.25404980986686,0.28856912946099,-0.515341898670306,-1.08034041408651,-1.38830670813903,-1.49515812944041,-1.26063878268543,-0.5494313023565,0.721757448498319
20.3621925275283,19.5931032419215,19.2386712352346,19.6217501618756,21.1263877534679,23.5220808325744,26.1196278988109,27.5946188434242,27.2410490277424,25.4814226577011,23.4560977062481,21.7414896155427
22.0014091181585,22.9252670037476,22.7336847653134,21.6437968720641,20.126267334099,18.6328932074712,17.4776610973492,16.8038882602715,16.707264925261,17.387165813029,18.713220613582,20.4419980441905
23.0148241563986,24.056591838256,24.011925484806,23.021633590441,21.5954971366939,20.2629639492966,19.238903896773,18.571878073297,18.3780008837511,18.9272053975318,20.1568541716992,21.7281917263578
1.8061534748313,2.07000901544425,1.52171152800819,0.772899667440907,0.0981725786612146,-0.30118048932499,-0.547076922753903,-0.748742566351677,-0.900681406994573,-0.93754084225587,-0.661780141534752,0.469322787131791
28.6974562628315,28.922669734033,29.179721078424,29.320332813673,28.8919062668354,27.3588210006927,26.0364046088975,25.92125894695,26.5762776576654,27.3442915073375,27.8690367857744,28.3557352022734
4.40471376697037,4.75740449756757,4.47386988347516,3.79693237512897,3.07396595339036,2.54775391086435,2.22635344748637,1.93836577491329,1.73985221203504,1.80158843203233,2.34581801359925,3.37151659428372
5.80951131871832,6.08750647595371,5.7966615361228,5.26037523562598,4.71667515574863,4.39055555944139,4.19702253759977,3.96550171200123,3.86941092138181,3.95785421352221,4.31506328202586,5.02470299653987
2.83138406124456,3.18060242701174,2.79854053853565,2.0250638718409,1.28810305518344,0.761055072571127,0.388612826045805,0.044384542812176,-0.15062675306172,-0.058716455793329,0.501622545112142,1.62137336780739
9.36812855311009,8.57538306249942,8.34847751688669,9.23192672630982,11.2418110630423,13.9175804350185,16.151496380174,17.2919338349333,16.3884822349811,14.6316646415315,12.6551906931783,10.8020240474651
1.68929435988961,2.09370971844208,1.36767570544708,0.304210213530856,-0.533385015604689,-1.00206173285916,-1.24350402617478,-1.3752896513751,-1.43797722331348,-1.43070615458372,-1.04914963056669,0.193185466928544
29.7462649188329,29.6209238254179,29.8044937884611,30.12272870064,29.581458856737,28.4617325793525,27.3462445250173,26.7873192455384,27.4391798531239,28.7919558846501,30.0294931880906,30.2644839694332
3.42082006149033,2.90982456009272,2.76738157587368,2.93005872384622,4.01171971262299,6.27100567138077,8.49583635340275,9.86992432791751,9.29251263262482,7.46916355517133,5.65688167326071,4.33756649430768
6.63907548975963,6.92242452711833,6.54076599003445,5.84901235631679,5.139151279482,4.54852314048541,4.20083068722214,4.05538918545145,4.02653688805194,4.10689192489937,4.5619008429407,5.59544088026389
27.0971333061948,27.7005303037153,28.2477586809916,28.4450372557674,28.1780239257059,27.5245090546506,26.7835089495717,26.1755048440292,25.7682969049408,25.7939118288403,26.0968455934937,26.5585982319739
28.3551476113981,28.9681085649329,29.3831385423584,28.874756896491,27.1621066609157,25.1156130318461,24.5318399984735,25.1713067274759,26.2353496217962,27.1203959360326,27.6658156109888,27.9106926717511
16.7834694701991,15.7476207784881,15.4359937056684,15.9549826462183,17.3146565380784,19.4621491299039,23.0916681523522,25.4079487726333,25.2897212698786,23.4794306939661,21.0815355653332,18.8071472493627
21.3774937821975,21.7649735503682,21.5598715542149,20.913421024788,19.7899615733288,18.4377159167172,17.2875710157067,16.526014300667,16.2687297271133,16.8437773676984,18.2462073603981,19.8561000462805
10.4084869187226,9.96291066051982,9.90408173545771,10.3804633028498,11.859942148587,13.8417328597086,15.6689380719148,16.8788936333202,16.7965389036219,15.326374312881,13.289772412282,11.436258640148
26.9970516811246,26.712563117538,26.9253671636075,27.2068074924028,27.5747580618101,27.9810146535948,27.9337980624161,27.7442399154494,28.1174996320832,28.6413119922582,28.2865691510201,27.687336900719
23.2930173590017,24.1493028659984,24.0681643936396,22.8703836316549,21.5422635114603,20.2863845470587,19.3948754693698,18.9297709817789,18.8791297755264,19.3292609107344,20.3734641302321,21.8385784446591
0.887442855139415,1.28782827345757,0.96209365548228,0.22398675705159,-0.503683965760681,-1.10995986146365,-1.38385604297523,-1.45988343676132,-1.5197034645912,-1.53704992046056,-1.11638473073588,-0.123146751769567
4.81957405764859,5.04089321492579,4.64411266747058,3.9924620235718,3.40353776833806,3.07036279560126,2.85811511232244,2.65414013436744,2.54540610362173,2.64588901549074,3.01168745081665,3.89304068771934
3.076810319745,2.52969801775183,2.39521913288042,2.69476788924747,3.85591092073747,5.92764266085441,8.34035880591694,10.1732483186174,9.95396916906696,8.0332512003548,5.79248229000319,4.10559152703042
1.09601888376451,0.0468716485643548,0.132175455911979,1.67027261401704,4.81612602569705,9.38796829928432,14.1332545637796,17.3478911850062,16.8803563846306,12.5347606087867,7.3183547113046,3.16884814167519
22.5392435618827,23.5185159542008,23.4378066510427,22.4773175089334,21.0316914913642,19.6420159300064,18.5763434783415,17.9021124459973,17.7440700028511,18.3242075550202,19.5922485135759,21.2290180960808
26.9005734214741,26.6502342111389,26.7322100929102,26.9297426795563,27.2733971962339,27.6205453804891,28.0804223185046,28.4841061768345,28.8329390949147,28.7241418229699,28.0887316279818,27.4622926127056
27.5034236722681,28.148821752598,28.8736143785998,29.2080535518567,28.8567061474669,28.1198582661796,27.5357498173385,27.278251984132,27.1995579659456,27.0804850166505,26.9543509253944,26.9765453691354
-1.94551866579474,-1.94901295682462,-1.9506679289168,-1.95146868795027,-1.930989395757,-1.82470068811433,-1.65337873418389,-1.38661872329082,-1.20264737388527,-1.63726460854579,-1.9046386077043,-1.9342165243017
4.46819814109629,3.93026057687061,3.50082534180761,3.35810962205696,3.90676231480188,5.73686338423759,7.92097534767255,9.23588127543499,8.59214640476708,7.13971030506491,5.86732499335664,5.06357040033817
24.2197152265823,25.5563308211423,26.6057740532823,26.8955548512518,26.4120453564987,25.3630107931962,24.2218128940904,23.3162153374067,22.8282093400876,22.6576769445743,22.7725806128349,23.2072820959592
29.1659390454011,28.7722899218333,28.7942317298785,29.0691663962899,29.3210484591134,29.4335108595363,29.4495065742641,29.4324694754935,29.3647059418578,29.3670177032057,29.406698687797,29.2950250909265
22.884766785532,23.7384012785214,23.5277327412555,22.4719918375778,20.9904678459665,19.5255740106619,18.4059722239011,17.7561764909505,17.7062369826702,18.3731834204486,19.7038241007429,21.4215101176932
21.5304177864676,22.611840595732,22.5250747454567,21.4471704282252,20.0207169705874,18.6487187688744,17.5934999862654,16.9159146071614,16.7084901148039,17.1961494233868,18.3785456783189,20.0501255958522
2.19142994932894,2.58229852581362,2.50079344130034,2.0886935143726,1.58092223021394,0.987998089892636,0.467407697824867,0.0334716981350626,-0.187746761975929,-0.0408653809203607,0.492112329866341,1.28211642119482
-1.3383371868107,-1.56711012781667,-1.68826602068159,-1.60949729582497,0.0135158706190736,4.52922828419465,9.96834991133729,13.1256203300319,12.0097484382427,7.14951276747435,2.13259144397535,-0.589819362333439
5.25259156467443,5.96386577212966,5.80213573762269,4.86781043483829,3.75179161796438,2.76419962165669,2.00077548899089,1.5511277980755,1.4133530258573,1.75153838937563,2.64834936455331,4.00647582735154
27.8885193401514,27.8894582964822,28.7930652554762,30.1135183438736,30.8389281796714,30.6784910331824,30.1557219204602,29.8817016743462,30.0829966679465,30.431503414988,30.1364966571479,28.944773615065
29.4568914403832,29.3369448203236,29.4828008467358,29.5990726483205,29.5050718691697,29.0295671172622,28.5744842253289,28.3366543876503,28.3819320021359,28.7582788115614,29.1827454638617,29.357049721431
30.4647753703365,30.2859713691756,30.135247295594,29.8350855309363,28.5909821468773,26.9844004948982,25.7918179501554,25.4949024865969,26.5035870522978,28.118561919767,29.7609761792709,30.7941129507284
27.9764098608056,27.7649029354702,27.7438586513638,27.8021112996617,27.9978045769014,28.1947304419731,28.4229716500594,28.7649535202518,29.0673467098474,29.0984951468791,28.8651659593105,28.3227106371398
25.4616692302272,26.685792316322,27.4406936875324,27.4389931584483,26.736271366959,25.7275961097196,24.6460820313348,23.7053154290008,23.1873171273527,23.1561087278879,23.5312642204779,24.2895210844649
29.0367074660044,29.2785565682118,29.875508251071,30.1871682667528,29.8369575623932,29.4897447424685,28.9736671630525,28.7179652498279,28.6599080210712,28.7099579524562,28.8232158044676,28.9528271444052
26.1350370658224,27.218586269508,28.0059317356894,28.1357215096612,27.5825431401734,26.6491788048797,25.495097422743,24.5622962091483,24.1447393344248,24.240710217907,24.625685390396,25.2167411360081
27.2829928007566,27.5156920680477,28.3547549742686,29.4477848174567,29.9989772206005,29.4236027513861,28.7418327195968,28.4875147267819,28.1966675813432,27.9193248910249,27.7664884896234,27.4462077578597
28.3507570474917,28.1839028918061,28.417806530188,28.8604368661111,29.2684314858062,29.4522265850544,29.5444761471855,29.5703121987972,29.6878116809692,29.7030250047289,29.3679561016897,28.8042053167535
29.1015008155042,29.1226607731453,29.1759730313575,28.7172296409795,27.740916234657,26.33510729464,25.2007273063407,24.7730289978928,24.9556960565975,25.6750912890705,26.9477550037934,28.3252450068523
23.9037944034674,25.0183345262154,26.0027337819264,26.2961306406158,25.9516373395579,25.0802278296025,24.1160907258065,23.298234602647,22.8463896400708,22.7177193688866,22.8302997651541,23.1137519241352
27.822245930794,27.5531989510551,27.7261090526358,28.1526097240099,28.5911536819197,28.9440472740952,29.1524273316807,29.3400696535261,29.5052911686226,29.3817429080666,28.9888356521632,28.4010468819188
28.8158391204303,28.7252331575247,29.1697658379232,29.4384514942325,28.7272495656993,27.5512027231514,26.6570468978615,26.5503119865612,26.9526748208834,27.53825288407,28.2601505230611,28.810043053855
26.97857178151,27.3982558932924,28.7116899144752,30.3170277036952,31.0033034629834,30.4049655007182,29.6180972321863,29.3079017074064,29.5464294289554,29.748576071701,28.7985666583552,27.6270532561755
25.8912324337234,25.3854046322263,25.3337415993897,25.5466425498893,26.0510074929031,26.6480134638046,27.3546172252069,27.9546474158635,28.2285937220072,28.1078012515765,27.4969192523173,26.7630901851754
23.7544146097958,25.025355673792,25.1313050395376,23.9824798985097,22.7561151679427,21.3741925187003,20.2018784111941,19.3976926697676,19.2031342499207,19.5878229720914,20.5575672327616,21.8656092371985
9.77973115830227,10.0451763864145,10.0136401292739,9.64731952788219,9.07097570703775,8.45883121844752,7.97340905046299,7.66579221898861,7.53291660990106,7.71102851253882,8.18476258323351,9.00112735170453
27.1247389118216,27.7684941091803,28.3078528743748,28.2082836917901,26.5114179375319,24.2989003641814,22.8115780879785,22.1175767231682,22.6442484457016,23.9812846868213,25.4742163111664,26.39592879221
28.987505687546,29.0064629369281,29.1950219052852,29.2784995177664,29.1547035442584,28.9947363925904,28.4992091078341,27.9312119891945,27.4998215447463,27.6609457444039,28.2329228670895,28.6121383032474
20.7228299542332,19.9276955143297,19.7141322487863,20.2400670294461,21.7572431236318,24.3245061988372,26.8178592478399,27.7319963776163,27.0756207754227,25.4319533215531,23.4545308623198,21.9095888666293
22.2346410386731,22.9909347714948,22.6714743769984,21.7782849198579,20.5278662907586,19.2878788238106,18.2875521934596,17.7214335111712,17.6361871974257,18.1083206556294,19.2428364920325,20.7937461231165
24.6526885200791,25.8963332782326,26.6553090793462,26.598529827949,25.9633890257048,24.9669722977593,24.0209264349105,23.2908458087004,22.8214469200487,22.6911502950597,22.8733214967974,23.5246911725829
27.727338966922,27.6297251012551,27.9474326284848,28.6386441497348,29.2491321977738,29.5344000336755,29.1583272466094,29.292027544925,29.740940510379,29.6819246392062,28.9727575676636,28.1940031717622
29.408919577569,29.5279788463582,29.974757332607,29.5286034293867,28.2944182558501,26.9060199043268,25.571875298659,25.0308940011943,25.3538305243436,26.2761269366414,27.6982633351536,28.9871480290263
19.2715468478024,19.7025785289073,19.700551594368,18.7641820348422,17.530161917119,16.2562329710563,15.1393403989519,14.4244429030536,14.2271704697468,14.7924582718504,15.9832973905398,17.6591777665936
25.8434245570582,25.2914517710882,25.310174896815,25.4874570608583,25.9636216372427,27.0333255942218,27.7917993548362,27.8310379246342,28.1365101620085,28.6140388623992,28.1608556721421,27.0533388175298
6.50882336867591,5.6493091132875,5.75855499685124,7.42457851866425,10.5089282754927,13.9242071354652,16.6446176807006,18.1154346664684,16.7666709364432,14.3036156413209,11.3341323550861,8.47759670316438
28.1457029696717,28.5179696138362,28.8010823888757,28.7083792001211,28.043593009159,27.0846754391365,26.2686748113365,25.7996100228466,25.9315455887663,26.5697700301869,27.1745165775998,27.6920060909448
24.4234489373817,25.7799001477397,26.3831562562603,26.0430808008573,24.970492090744,23.5860416525167,22.2605187755779,21.1290058087136,20.588474871923,20.7559345209895,21.5660213627156,22.8028400361747
29.8084562977139,29.7135211026802,29.7655773463132,29.8423131695091,29.7106756493778,29.2027272877999,28.7731460081651,28.5878963861259,28.6973236260653,29.1027411952022,29.6006233829974,29.8348940266062
23.5674480298808,25.2955301706939,26.2353954223738,26.1849183931541,25.2326076787575,23.8224307220047,22.4137300189803,21.3175571181465,20.6553458437622,20.4808451785689,20.8862862214489,21.8590902515236
28.275667514251,28.4211425184317,28.6739128543108,28.6615859401114,28.39693045231,27.8510032004454,27.2869274732019,26.945156538875,26.9193173794781,27.244084334363,27.7563839432456,28.0576004323363
27.1698690945569,27.00788183506,27.1605383666787,27.4197044140334,27.7177312170034,27.9536463491454,28.127991366342,28.4234686166979,28.7311014427668,28.7361108683077,28.3313833916375,27.6543961094627
28.0641388847067,28.116586470723,29.0029176357966,30.1573923456398,30.7123124723345,29.5533053205852,28.5014731640782,28.1098466216345,28.2132417284971,28.7519508680969,28.9936959391577,28.5559446129429
28.0630128752358,27.8025416308894,27.9224084122421,28.4563144567492,29.1229828711069,29.5821001685048,29.5938651102622,29.5662563497525,29.6268227980913,29.5701554123709,29.159766152064,28.5915807998918
22.5760611833173,23.6436731604217,23.2699355605914,22.1308224704251,20.584916218059,19.1373527769631,18.1257299721171,17.4596747596687,17.274249963651,17.6649800131014,18.8823900090119,20.7279232721825
16.9265772225755,17.6355459174958,17.4482138571478,16.6530281766789,15.4139397579095,14.1743662780612,13.2013592928364,12.6069198174582,12.4021395001869,12.728277717601,13.731051436134,15.4931234857132
21.8197001274434,22.7297749554305,22.332888025336,21.2173137407554,19.7242416714447,18.2215199585734,17.1374222833931,16.4974044460367,16.3596838027849,16.7984088798587,18.0220763333109,19.9259998419438
0.165619644001744,0.503820972169734,0.0296533980416604,-0.994359494844626,-1.50106986846331,-1.60776197716039,-1.61546244572107,-1.59489901866421,-1.61216119212624,-1.6572750820075,-1.62505193375287,-1.07201631287561
27.7371980015589,27.3976166443086,27.3831370340473,27.846180937855,28.4657537357034,29.0352287404755,29.3195652873481,29.443259512493,29.4934676567435,29.3067458397375,28.8138493269465,28.2723718105841
25.7301261263289,25.6426250038239,26.6688049671815,28.710211050569,30.1572113577841,28.8683485545947,26.6031133311477,25.3029031768771,25.9132563604977,27.674476941645,27.671986086384,26.6058442777399
22.9568942497599,24.3043277624672,25.2753059861947,25.3918033945878,24.8257174329354,23.7689837664886,22.6691822011722,21.8239390231117,21.3504748682348,21.1759975986963,21.3235746547468,21.8262239067607
26.4792286825364,27.3902617431359,28.082480550056,28.2367459398852,27.779803592542,27.0224467372709,26.041761464735,25.1084607006504,24.6686380255646,24.7974724739179,25.1628699380889,25.709344637533
30.0135938198199,29.8327130824056,29.8542386353162,29.9834001901754,29.9821343143395,29.7051077818239,29.459479784547,29.4139174835408,29.5779875755938,29.878744766409,30.1959077614849,30.2445077292521
26.246229935809,26.9680604763325,27.5488981599276,27.6960998820163,27.390904912254,26.6584546987752,25.9005108363589,25.3311360940576,25.0416070380476,25.0636192594827,25.2523967064439,25.6812700771533
24.929147965892,26.1248710485184,27.1347434432328,27.4187577985009,26.957014706967,25.9756450775236,24.9266549278673,24.1322854375864,23.7130445922289,23.5714635670479,23.6887815678462,24.0561805284832
19.6044879806025,18.8513321381871,18.4860507919547,18.7331954733601,20.130354566027,22.6064171978922,25.5442752310788,27.102176012368,26.5292663447385,24.7499202987631,22.6589291183821,20.9465971191914
9.01285720285239,9.55375826656027,9.34397439787539,8.66271982374144,7.85515601745769,7.13941822429596,6.64616858346298,6.30293357075201,6.19769460674343,6.41179800741845,7.06887861992893,8.07680089567879
10.5372062746618,9.71013004449039,9.4366975904402,9.88479286762505,11.00335934701,12.6005079122811,14.6219223610654,16.1217040998865,15.7913291043189,14.2940961959899,12.8482038432053,11.6079892430394
28.5896462774376,28.8414214435464,29.0380619620701,28.9072265255447,28.5612865151007,28.0256121590302,27.2748265658495,26.5855903381526,26.2260619781095,26.4766770839623,27.2471424555423,27.935976443274
29.5672929222969,29.4454650164323,29.7224791083118,29.8046828679693,29.3433366015444,28.4577981844489,27.3468143755835,26.7462955802127,27.1793016309944,28.36815669407,29.3813695108522,29.6753693433171
28.9017921421094,28.945780640951,29.1497930182726,29.0938015128145,28.8290381548493,28.2518371906848,27.657448281008,27.3129768610235,27.3111552925812,27.721372164768,28.3607158296778,28.6717021719956
28.0307672871118,27.8219076164747,28.0058890724639,28.6291550639213,29.3697472151372,29.7902324055339,29.6604980143376,29.4935069528052,29.6201521685531,29.6528285374536,29.2997052900016,28.6865235159181
28.8382234541232,28.7999460506915,29.2216425512826,29.307306717094,28.6280307860183,27.7814939546542,27.3767981060979,27.2963853617086,27.636094812909,28.200467115091,28.5966841848821,28.8367335212052
29.9523503519072,29.7427725179083,29.7700175601058,29.8860172202129,29.1976576673826,28.0636093658854,26.8713788032289,26.3260674960893,26.9576809511436,28.3697462199536,29.8690751659571,30.4956742883485
29.0015166790586,29.192575890966,29.7019974799781,29.739015374124,28.6419480639824,26.9509348100568,25.7676834072399,25.4597594372883,26.0793934859369,27.1061801507306,28.0733516218513,28.773348466379
18.8102895733115,19.4754368279432,19.2985002675008,18.3985615838023,17.2338928253871,16.0015404047837,15.0356754957072,14.4530244562217,14.2406546199233,14.6155928824574,15.8411162435039,17.3707229149935
-1.94462864305284,-1.94713615872271,-1.95008658915669,-1.94921473701636,-1.93047280447402,-1.84661317153676,-1.73736615843756,-1.70493629702294,-1.73616154715336,-1.87441062232269,-1.92759394451143,-1.94076108771718
25.2692698933975,26.17590303091,27.2693474041951,27.6380700302865,27.2284182568756,26.37247601392,25.444119898666,24.7634558981875,24.3985235864246,24.3477089737457,24.4734085519339,24.7132026851845
25.8543779718775,25.2425983932022,25.2743831105796,25.641772526845,26.1699298281439,26.5321741796808,26.9567761783332,27.6907619588762,28.1806424706087,28.1207174539012,27.6160058702692,26.8099884010077
8.9642732993288,9.38262048662235,9.12474592456345,8.48255507119176,7.7330685663708,7.11889479909368,6.7179484898958,6.43852646242736,6.36195945801359,6.53904634375598,7.14263004130884,8.08789967602061
27.2500037429749,27.6541690680537,28.017336819494,27.9521189182669,27.4099745771017,26.5613827158765,25.7689457965713,25.2725835477249,25.2636877628221,25.7427807017905,26.312585305464,26.868108871262
11.7156612949668,12.1774862102447,12.0936942157742,11.6515020564474,10.8742211287974,10.0901677941576,9.49311294014839,9.03787879364592,8.75895965987753,8.89248055084593,9.52307499957674,10.7487699390481
27.9440424068376,27.6648360665147,27.7248479089797,28.2356126587703,28.900528910089,29.3849582294701,29.4995105146169,29.5901033707367,29.5730834407206,29.4401848080106,28.9864067257155,28.45772818961
27.9856808993003,28.2789777554214,28.297392718168,27.9746938950109,27.265737027823,26.3715065417769,25.6813093814695,25.5203029843596,25.9147503153942,26.5802298584102,27.1870847160821,27.5778757546436
29.5847592992704,29.786876097726,29.4566939843916,29.0006360076346,28.2933831971343,27.5442923236752,26.882168352897,26.5629065563969,26.8701717512201,27.595651612933,28.4900890899233,29.3433324141133
8.73386940560611,9.23857108859869,9.08287194287202,8.43113813276714,7.62053406071788,6.95218934922901,6.39363714950906,6.01629515043483,5.89630891747207,6.1218431417533,6.71965405226348,7.71797474706302
0.948688507986185,1.31979065793093,0.715704420417363,-0.336485355879019,-1.06601815004208,-1.3464828841823,-1.43132774622642,-1.49023178939504,-1.49293026674948,-1.54999316185354,-1.40616472948135,-0.513579405671521
8.36296062593303,7.74624320317631,7.4924452486338,7.60057204223523,8.55687582308123,10.4502913459512,13.652848364206,16.9173243138393,16.7917099027294,13.9553448841228,11.4178155165028,9.54522658588492
20.3624932343708,20.9316796144265,20.7723853774522,19.8339990800481,18.6418890891454,17.4106386297996,16.4208450340458,15.8054210877899,15.7141518153726,16.2674651513755,17.4900254192251,19.0230431101734
1.89681516093757,2.31107675009068,2.18780128612209,1.83240294246707,1.39055466063874,0.881462668553955,0.408783231960393,0.00519865039423322,-0.240832148035311,-0.268411797153545,0.206330032983177,0.967744193982885
4.78901718337286,5.43928958782197,5.36543886516404,4.87442896562824,4.16675405853189,3.44662640457277,2.90662805147373,2.5709556149765,2.42347679246044,2.52251856063253,3.0187460348169,3.89862177179296
0.865175698147172,1.20018423445471,0.716012949306728,-0.234357440855599,-1.04469868624757,-1.44217526289607,-1.52040180242646,-1.52835301842072,-1.55602615903273,-1.60378361043139,-1.39497135109656,-0.289497484618346
28.5664139207163,28.6840538415057,29.4280846753114,30.2381952141563,29.3905269677578,27.3727404708597,26.2113899347928,26.6855043309288,27.326030505813,27.8140741454364,28.3488931032122,28.6035541303481
29.2863889508804,29.1395632559629,29.5414608918319,30.0474782665606,30.1888864540686,29.9873187127307,29.60328986342,29.4334901209498,29.8007178870849,30.1126219910634,30.0522506001506,29.7082658835148
29.2980904613431,29.2146534116611,29.3989341696862,29.4027160542157,29.1501373448949,28.5640730669156,28.0494315862151,27.7626890164904,27.8035967293575,28.2413527032392,28.7990744721504,29.1059423957826
27.7648718334516,27.5177553290471,27.6551892152589,28.3126144423663,29.135280870163,29.7287668600566,29.6946354762824,29.5833699286343,29.6159633976758,29.5180965638594,29.032425652577,28.4284999711706
26.4176935223179,26.2287385026562,26.3465102122718,26.619391979972,27.013913769182,27.4048586199286,27.6889685003122,28.0008883426176,28.3108070695078,28.2926463844506,27.8026706065597,26.9965506273485
25.6611156552198,25.3599770129881,25.4571632429694,25.6630872498984,26.0792627197843,26.3854701540103,26.7717306010914,27.2607676020114,27.5756857681234,27.4540559753197,26.9108163167273,26.1202032854622
27.2173561157458,26.8433727105134,26.9637443533107,27.60715824254,28.3709215244625,28.7809069973714,28.6611857331169,28.9782677838468,29.4882813903803,29.4274870815242,28.8868439952094,27.9665450152445
28.685986932176,28.4782794110028,28.5076609372955,28.6357875964681,28.8992510968238,29.1847031467786,29.360814243905,29.4188994304592,29.3584803766932,29.2752016022727,29.1653760666458,28.8605095946883
-1.94276898107249,-1.94467065024676,-1.94686252296478,-1.94607498243854,-1.91717591934341,-1.7289764068666,-1.29082120470215,-1.07107287788747,-1.58635472528516,-1.89200980068276,-1.93278784793166,-1.94243538034047
25.4277352085501,25.2709839630465,26.3189749494185,28.3452786487243,29.7423731152894,28.7044833096029,25.7932856589038,24.5965649321071,26.0157421975052,27.9801477996902,27.7760961487265,26.5281134400031
21.7796830721337,22.812465412181,22.7271366940902,21.6063017359983,20.0976936183561,18.6252427172742,17.6339390924823,17.0761961292998,16.9328013773374,17.2715558303304,18.3491061690219,19.9059300531236
19.0354260747729,19.7694392658064,19.6266721318544,18.5226575252747,17.1115684486749,15.624767645352,14.4645117144346,13.7292788611295,13.54364669589,14.0526379833701,15.3191217552174,17.1711625509696
15.0898156105058,14.6055794838241,14.4637646116037,14.7465225615336,15.5772157249268,17.1794199782937,19.6821378105817,21.4332078885374,20.8522515189465,19.0895747912986,17.268916918851,15.9560195169292
23.0473300425181,23.9922967493095,23.7165700105689,22.4629810507097,20.8952726590679,19.3246589256798,18.3061095748921,17.7426326940568,17.8340201262535,18.4801383910993,19.7109360351251,21.2553588162883
28.4239129476564,28.4644358526792,28.6623451763529,28.5005200805375,27.9828631370082,27.2948403915105,26.5830633878148,26.1275385986576,26.0891654421956,26.5509501059644,27.4567618609816,28.0617087843723
28.3291755098131,28.3570989340303,29.1989913704272,30.3091257640501,30.8577904386085,29.8334320355694,28.6035052388818,28.0944131900707,28.2466284347539,29.0082334560039,29.199043606538,28.7527537210809
4.37499001385633,4.80021956593883,4.44543626651557,3.62681053120912,2.77188842571242,2.11790108909704,1.69471440005465,1.45446270448975,1.37336592784925,1.48541382839776,2.00171728487967,3.14678653213665
7.4152994777462,7.71819564664209,7.43605978827903,6.80288515997494,6.08756521834508,5.52792283925799,5.16887140266823,4.99081712488649,4.93692475901579,5.08782296006549,5.57389916685162,6.48727090515286
24.5922297521068,25.1211120140076,26.0110166503236,26.6814462995381,26.2979151894806,25.6770505919925,24.9588633197693,24.2029626131183,24.1895575383297,24.3539966086078,24.274472255861,24.3290088648537
25.3870250199509,26.9219368506756,27.7622330000235,27.7052290871864,26.8468810682425,25.3909695788511,23.995990040999,22.9458025856322,22.3109630050493,22.2764962736804,22.7954173393086,23.7687574919256
27.1428901105929,27.6759437260436,28.1440574320165,28.2913760209373,28.0102840559755,27.346705583079,26.6282958551347,26.1100749146066,25.8923821015368,25.9877331229149,26.2450468160967,26.6722860943254
1.98804239610301,2.42510969581549,2.23403513232006,1.70862230389836,1.08096514381452,0.515800153608935,0.0534739909075809,-0.321597459543963,-0.51979994980631,-0.512567548299491,-0.0420062972503609,0.938300074610457
20.0778538811352,20.7228920167433,20.4386774814294,19.5889497351142,18.5206861472121,17.1673672499996,15.9371049513772,15.2218956226966,15.1635298986969,15.7913133319618,17.0937010164135,18.688314103648
26.4493120490905,26.9048122059481,28.4019652821248,29.986621942529,31.0242129552148,30.6370607510429,29.5587445122726,29.1739392879485,29.5136570711134,29.7174395764884,28.5918250882637,27.2393388391571
26.3591775847292,26.1851384885128,27.5796008884301,29.5931250339213,30.6333114015374,30.3008338176973,29.377105084239,28.9273406662626,29.0939200566768,29.4650764770985,28.7942000058998,27.5087435277137
25.1677633199051,25.6174497688979,26.016710689264,25.9704148253834,25.6909894593272,25.0725386722184,24.44736297337,24.0370472004484,23.9330562624877,24.0877200351051,24.4292887935917,24.7343792470834
22.4159627687922,23.2779406246716,23.7006469943621,23.4235158910838,22.8746480544117,22.1119334232998,21.2964560072719,20.7142134668817,20.4589037414579,20.4244128966938,20.7432414340598,21.3710883176516
4.06004820935274,4.30595378335781,4.01233350723331,3.39892919320921,2.71471743170923,2.12997300543823,1.71885437620213,1.47237314318294,1.37734497879472,1.46312942897827,1.93966948527711,2.93629547093777
27.7004647812174,28.5369381529299,29.1638549160541,29.0430726863781,27.9089302218026,25.8094660473021,24.3075127463324,23.8425975459772,24.3363394703998,25.2964184915981,26.3132510907681,26.9821175181183
23.8951689845444,24.9268565844507,25.4753541633148,25.1563516624571,24.4020223535746,23.3373506627074,22.3707692414348,21.7136571217413,21.4531251314023,21.6761976016377,22.1084041668341,22.8413200164554
25.7882543009336,26.4782845530947,26.9894255844831,26.8496516873362,26.2135398110769,25.2431519156037,24.3451204600469,23.7666485360758,23.646023773773,24.064469618316,24.5781212849452,25.2038569076294
28.5036878589407,28.5856117594488,28.8485487595083,28.6215207911452,27.9179065221441,27.0985626998602,26.3593403414966,25.9409989833615,25.9142052949824,26.3421027980064,27.2738841031303,28.0116215493218
29.9083896341472,29.7722784093517,30.0452961758767,30.0088568788031,28.9826369317217,27.4734902262897,26.0498118739167,25.5301834026419,26.0119606568936,27.1571278926649,28.5883481890815,29.6567457103819
28.0556408596535,28.4631679297661,28.7395398306551,28.5499818044666,27.7057662176993,26.6203938139899,25.7838610999379,25.2638287459773,25.3552349967537,26.0581793124413,26.8563855018596,27.5179747663982
28.4389035595116,28.7793681523789,28.8048810346948,28.3189643381704,27.3344090502123,26.1264378282917,25.1510835410101,24.637876334332,24.6613854879936,25.3000474348245,26.464762724283,27.6091564666608
24.5643665056543,23.5544898770366,23.296969868481,23.5395489075999,24.2886395888958,25.7409408322814,27.2283673034302,28.1230070809404,28.5840363669816,28.7480843323614,27.8391998689555,26.2187589656924
-0.789070733499147,-0.416083417984615,-1.1684756334114,-1.64760937612276,-1.70890008700418,-1.69003045543013,-1.67671199328279,-1.67305768810511,-1.65090389051273,-1.6792483183149,-1.73285188104549,-1.63222577118851
18.6220102535557,17.5623324581427,17.3237065670169,18.0315614269831,20.0230672415379,22.5659259685694,25.604701321121,27.9160690591857,27.5835317872143,25.3036684617899,22.9150728981484,20.5834215519768
15.2571392656462,14.628392297099,14.3799615825965,14.6515793829598,15.6863638455061,16.9135961637651,18.2239960422446,19.3625005342412,19.6684457781505,19.0655426066973,17.7525105126123,16.30966618379
12.9084031185877,11.9838155517312,11.6337036553204,11.9213128681185,13.1497057943437,15.6969846855559,19.1498926855828,21.8233409295546,21.9214917617645,19.6853058857797,16.8275047321456,14.5128465501303
19.4248466080136,18.7315370776063,18.4607018348958,18.8083778954568,20.1568089937656,22.3191278565252,25.1279536528133,26.8203515240189,26.3371968609025,24.4511321741148,22.4321509634739,20.7330911899363
24.8671531336402,25.7541767305099,26.3497178875336,26.1731203012027,25.5212242765573,24.5172965717561,23.5788010268161,22.9537168449095,22.7468632821995,23.0499361278071,23.482501099209,24.1171661204613
25.6263947935945,25.2353258031912,25.2019895299048,25.4246585803869,26.0242624651463,26.7700715172882,27.1589773572427,27.5604184777118,27.8200239529419,27.7183790640985,27.0886579095404,26.254674052816
27.2541007349117,26.6529790306782,26.4886851754878,26.7808859617167,27.7671079530704,28.730900454588,29.5436161586195,30.1225946683764,29.7328179447098,29.590138278418,29.2247866036826,28.2189992240867
3.70831349816728,4.04011931026821,3.74129006008713,3.02449511161517,2.26868333290564,1.72073636273722,1.35110904095671,1.02878011590602,0.84796023623681,0.957371039322281,1.54171664363402,2.64309616658116
5.40906085058717,4.91826849422195,4.66507266150741,4.92244640708792,6.1808428784278,8.14072187212159,10.2919042076792,11.2506421625806,10.2669194623443,8.48405253412339,7.03375518084658,6.10515404706015
20.6374191004277,21.5697923658808,21.3615703750129,20.3175263184299,18.8043310971586,17.3062059841518,16.1750079888438,15.4965156282161,15.3546960267505,15.9804593883681,17.2517713693968,18.9928767934051
28.58493763704,28.9325831569305,28.8578198643948,28.3005288005611,27.3699233257514,26.1014484509736,24.9809108815685,24.3438895283414,24.3217921425746,24.8756680280052,26.0294707417475,27.4444084718352
21.8617002015862,23.2498271815245,23.9518393957022,23.6764362296126,22.8225788368739,21.7042970868014,20.5939611850936,19.7767254690778,19.3564404885032,19.2356490329099,19.5674426763997,20.398294806227
11.543903538881,11.8732468212462,11.6326709482861,10.9767094718214,10.2628258911543,9.75647451894506,9.63814406500739,9.60226188724109,9.49702210934462,9.53925437983974,10.072755961665,10.8627141541306
14.1580722342648,13.3589235854141,13.1904539676215,13.6811857331813,14.9498236492352,17.1350811767482,20.9546276932957,23.6544775228618,23.3498649622761,20.6639469533258,17.9916066332165,15.8466637433454
27.4646020903729,28.0502022055494,28.2976263986139,27.9528502019856,26.9096549395613,25.6983617804959,24.7601762171448,24.1290668619841,24.0303872709495,24.5903561011781,25.502118634904,26.5436911577372
28.6520786207982,29.1062846974076,29.0058073251287,28.336647285431,27.1614038203827,26.1148357896274,25.2462327672329,24.8103570807274,25.0808226191163,25.8299030136381,26.8303603759576,27.9508149900393
29.3397059098471,29.3834057614585,29.4707183470643,29.3309122646451,28.8583755448518,28.1492615682018,27.6060016082074,27.3423155633811,27.4402816841806,27.8961883008604,28.5886973005954,29.1134091332941
28.7084073671791,28.6462388755882,29.0511780710295,29.3752861065983,29.1211714913941,28.9851097731097,28.8085517023499,28.6392985205411,28.6037859679096,28.6547566292635,28.6850339381576,28.698196561541
28.6533092653652,29.0720513137203,28.8538217913397,28.2627413271908,27.2594346816527,25.8752000519164,24.7044335309193,24.1293285170549,24.161547631775,24.7413805563227,25.9532635268002,27.4670387278686
22.04792317321,23.0055711209605,23.2444804162083,22.5263481764583,20.802423078944,19.2231454429816,18.2300152703911,17.5365835376662,17.569382219429,18.2608981040078,19.3954674895719,20.7334401461786
27.056321209144,27.3415128583258,27.5776405536603,27.4189858287882,26.9736988958734,26.2744291648205,25.6040466653032,25.2277130350551,25.1880335557458,25.5683091923176,26.2234278772589,26.6686275319803
0.815836635957606,0.275133605243894,-0.00228997216047112,0.00100873889331771,0.986386331277106,3.44065640302571,6.32120846571005,7.8844224908242,7.00256809167344,4.78538580304676,2.84006422188938,1.63201088451597
25.1823977540167,24.4787797731243,24.4326999020982,24.7543505459234,25.3088478580147,25.7276690903636,26.1986499657592,26.9488388689148,27.4917739625007,27.602838595193,27.1299185502764,26.2328473687198
24.9660056394006,25.0541046167186,26.2724430922678,28.2175655823515,29.7500947509926,30.3844451820099,30.1587553767123,30.0019796646084,29.7565116105259,28.5908952007128,27.1728170421412,25.8859744104465
-1.92133046679337,-1.93874033680671,-1.94686367456914,-1.94785271963153,-1.917269175929,-1.78126253109235,-1.4791943048228,-0.953169842442321,-0.751055702024504,-1.38616677963625,-1.80277483079373,-1.88399210009805
10.1177345681433,10.2910498034848,10.151294629011,9.55044593661752,8.88863188365897,8.46042542852665,8.43688132279159,8.53633778699811,8.44117397844927,8.49928520139292,9.01458982880042,9.68280700288748
10.0373070018336,11.0955411179039,11.1126973791262,10.451067961531,9.36762855991013,8.21187521297535,7.47120994129243,7.1231786179346,7.03663762869638,7.21952392739059,7.83749252665859,8.90658417478464
16.1602415125571,16.7436392427268,16.6374388863084,15.9894089856161,14.9215089153531,13.8550300648216,12.9895408389302,12.37732933543,12.159741095185,12.4881191925119,13.3910233336425,14.8644944775047
19.471819963242,20.4347186252147,19.9251957299902,18.8546203484569,17.5912565638497,16.2995967387317,15.3001078983411,14.7359626448202,14.6410928427027,15.0681900192986,16.1008881551027,17.7321098453909
21.2103711697162,22.0655153886316,21.9357224747534,20.8126533600475,19.3193250096255,17.9534499186721,17.0494752999232,16.5624266850597,16.4098125408505,16.7506727479659,17.7669441336898,19.3046375967257
16.9695754201713,17.7183347839417,17.1902432631564,16.0970866654177,14.6479193950092,13.254762559143,12.2117941598323,11.6216070486025,11.4632565944613,11.8409577764006,13.2286979610537,15.1541464726628
28.8945702069591,28.9677892374582,29.093535649788,28.9457060093549,28.3340297737625,27.5446177495185,26.9344973940178,26.6416356950721,26.7401709488848,27.1702673661679,27.9014628748669,28.5301371706296
26.3731144485053,26.0757159008807,26.1374093249227,26.3800153151537,26.8808718219933,27.4242437154282,27.7670827181159,28.1191799074841,28.4126518698186,28.3621568676059,27.8371515106994,27.0326600235702
0.985714171224166,1.42204262136394,1.07427730398673,0.140179360948721,-0.604039797328637,-0.960986961128656,-1.16360272102964,-1.28357166839642,-1.37213619023034,-1.45124347729837,-1.32502272108433,-0.477118924525898
24.3389796977874,25.8116131707098,26.679896362594,26.5191524887302,25.5496825550312,24.3934577388507,23.2915670383636,22.2175025543629,21.8013103753946,22.0885876936115,22.4356618275413,23.0437646075394
2.08060144503936,2.31971968362713,1.86788016180377,1.05542682692685,0.227680972244471,-0.479790056680265,-1.00431687905416,-1.32404873510429,-1.43112280331497,-1.38567751166011,-0.708127933692412,0.617733394746876
27.8182311583843,28.2458778225517,28.116933755072,27.505888203101,26.4681027627164,25.1068363330036,23.9523497390402,23.3190422620692,23.2670878470669,23.8160066706227,25.0916609821833,26.5793383461399
22.5089774829854,23.6192835309959,23.536501888405,22.2203990320559,20.4917823298787,18.926575816158,17.7088027500291,17.0623073544872,17.0943406610992,17.7732087490394,19.0796726883597,20.680477693122
28.8154889641384,28.7466437011633,29.1958835015776,29.3743711077481,28.6041169056346,27.3618806796469,26.4281497484965,26.2112728167473,26.732688187254,27.5117695150935,28.2513047478516,28.860511611728
29.9472202235553,29.8622680720447,29.8149372320519,29.8965788053964,29.7642523955344,29.4427606053367,29.1138947441616,29.0152687227309,29.1780449748026,29.4956088726534,29.9190569004921,30.1628889413951
25.1501696966778,26.7430167614444,27.5239537836723,26.9702832303041,25.4741641305931,23.976577516884,22.6600905835207,21.5193238796828,21.0418563840638,21.2421476535489,22.1150871945131,23.3270757819601
27.6340301058012,27.4136933516476,27.3811831513834,27.5232176323092,27.7620482278749,28.0922705846744,28.3508479981137,28.4642730219833,28.735751769911,28.8153628139404,28.4361696639969,27.9987966566717
-1.85500311832035,-1.90495233103897,-1.92626016375808,-1.93381898019549,-1.91113473716032,-1.79282180156587,-1.46716385888062,-0.576154125813786,0.0393456140611857,-0.706949878115999,-1.44775893574159,-1.72943641553456
26.5039931303987,27.006980158519,27.1173721774493,26.7097451511515,25.6828923299665,24.4314999326187,23.3292282976228,22.5795091917992,22.3303042319981,22.8650828607518,23.9917568126019,25.2990479589241
27.1155739958447,26.6999604567022,26.7690893416922,27.6727424300226,28.8118932430646,29.6715428226086,29.7958573022146,29.6592819596443,29.5389668070789,29.2069967314019,28.6375677653243,27.9416463153514
5.94616066565875,6.51257146157047,6.17716266332927,5.10794006267259,3.94124717906328,3.00258495019197,2.32462279292209,1.97677825548009,1.90355837509313,2.2919361119566,3.28781029305365,4.70877740486087
3.63910784346803,4.19867387457987,4.12886592471202,3.69678036846328,3.08121164285343,2.45263053267922,1.949388821785,1.60472157871075,1.44893399484907,1.51379634319332,1.94531340736145,2.79312058970774
6.39800554930109,5.84702700952758,5.51832646297237,5.80754843900048,7.12280439912549,8.90523994238313,10.708732043482,11.6480463568026,10.7875866141513,9.22679098926486,8.00407864618957,7.10839536658465
15.5144772791459,16.2883329692662,16.1553320291228,14.7047388552464,13.0622620975965,11.6765378480355,10.5097107444155,9.96169655311805,9.89268828526611,10.6809054336815,11.9338717088973,13.7700783126406
3.25890752019625,3.00384877067359,3.02732431082694,3.26149587614609,4.18393845178118,6.02673235699216,8.60889198581951,10.5204090210099,9.79549562079758,7.80230717115689,5.90745959448642,4.26940746657706
17.7982228726486,18.3407222008158,18.002478085208,17.0570321264222,15.8228036697352,14.5696579549604,13.556547914191,12.9040637978988,12.6802542140275,13.0459462166732,14.3446285122539,16.0811384213526
19.9926446557938,20.8641623802061,20.575540249766,19.4284650796001,17.8855513095295,16.3098781632326,15.1573576647433,14.4940005076685,14.3955915477633,15.0771266777501,16.4166735577073,18.1835335899191
22.6638255349791,23.3601354681402,23.5984077220703,23.1171447923795,22.4418217501472,21.6946234461482,20.8977358510167,20.3897912253659,20.2203975995003,20.2813565446191,20.7020963779271,21.5131481782698
27.800977221071,27.9457459278275,28.3742540801521,28.7107287823386,28.6580265508601,28.3290911083866,27.8385560080958,27.4915844482187,27.3188047168764,27.3989128274122,27.6131108971701,27.6775995045938
25.9441760420964,26.2911605841066,27.0236270806941,27.7728857551628,27.7257729299482,27.3215910774159,26.7685919024926,26.1614943302034,25.9433913258635,26.0057883888516,26.0233392928324,25.9046220435394
3.38661858221331,3.9307301835467,3.47988879648029,2.55051803261804,1.66130306808624,0.962423057953027,0.524958662562956,0.268008572106609,0.182644035986654,0.306971342275603,0.831976439375253,2.01447155801462
28.6386426094348,29.0039860361147,29.1013326453082,28.5703747875284,27.4405029890416,26.4255112319078,25.7205365895417,25.294186677496,25.4096764515541,25.9262774380194,26.985806738961,28.0077291224853
26.9937331376164,27.3245471561125,27.5613696312604,27.1191780664169,26.0959635642574,25.163107976193,24.3036612538389,23.8238356129172,23.7637923704651,24.2054583383939,25.1613842459011,26.1654584102312
26.6752677736192,26.2168528627413,26.1715225173694,26.8990096952746,27.8780333751416,28.9517806790302,29.315636262887,29.3669579315265,29.2997717369217,28.9155972251082,28.2099960604281,27.4880552864883
27.1567807862652,26.9174373047345,27.1416822777369,27.9714135864975,28.905358728207,29.3624914162689,29.3119650703271,29.5911369428133,29.9119282148391,29.5776209569492,28.7165613450738,27.83607880083
1.93229879498951,2.47013528355836,2.32860381605621,1.87793374392657,1.27425596267942,0.613155442034759,0.0280321213366488,-0.480302339690824,-0.774349027724802,-0.762084429488858,-0.1799229704001,0.855198295887754
5.44562338128953,5.73805838741821,5.47056705199928,4.85905268556733,4.14018148057651,3.55570710456482,3.17542015872303,2.95700863443779,2.86924370186511,2.93224264732748,3.33507407788866,4.31671041024199
21.5894050838647,22.5845277566091,22.0893002960528,20.8724989642084,19.4931829008048,17.9539018011611,16.7394165248858,15.9884745221087,15.918997308546,16.5883053076899,18.1674052150433,19.986315665235
18.9048569534605,19.8992028187121,19.5825606012593,18.5922991249502,17.1247774745791,15.6582059181496,14.5378354520973,13.844962060551,13.6805384873103,14.2228843956451,15.4696824574473,17.2175730330602
7.86998849800538,7.51732864306588,7.33521180734334,7.51539998082761,8.26716880496971,9.60590620328723,11.115851893243,11.8149383754573,11.130096102611,9.94735311409534,8.96969228116156,8.32584999837257
9.31086767056891,9.51825512487257,9.32215805055454,8.71522471810471,8.10445178634582,7.74374545436627,7.71980760127924,7.63845044803194,7.51365017774307,7.60215020600261,8.16055099249118,8.8350027473553
24.9108072669789,24.2755354598723,24.2512189174968,24.6343382526719,25.3710068933566,26.2272266596385,26.7407640897976,27.2135732240275,27.5879562734881,27.6090719121193,26.9470546977812,25.9033559690794
26.2276071190585,26.8997540204839,27.2500709365325,26.8767753581695,25.913246246482,24.7740033690885,23.8004577092394,23.1685623800117,23.0682088861597,23.61168111275,24.3962518571475,25.3587304568427
27.7394076563454,28.3050239064204,28.4022302314335,27.775912694419,26.5888651112866,25.510417002692,24.734587024046,24.333475081767,24.4198939210235,25.0367317623325,26.1083797195568,27.2004847992143
18.198648681163,19.1874584924433,18.8660961173811,17.8539850136291,16.4253991755835,14.989898091127,13.8843673181154,13.2127650002231,13.0508808632046,13.5474618879602,14.7705742080682,16.515377594628
26.8071839604076,27.1029413324386,27.6909217723842,28.1380618361879,28.0745533868063,27.6578753714795,27.0455803404981,26.5235759030233,26.2723625774348,26.3018660582524,26.4366767248845,26.5463049715619
11.4540980856159,10.4891766908569,10.2182798396878,10.6350255232991,11.8762285615637,13.9297033021779,17.5358737556115,20.7853891308993,20.4684266101292,17.664935724596,15.2564100753058,13.1613410505802
5.00795168900129,5.43021741463093,5.32404532435213,4.8946950802515,4.3276705366784,3.71960913798659,3.17460850571657,2.77430753131117,2.59973091769736,2.76608850104374,3.32992918987095,4.10891192462701
26.6086453529563,26.2801773862203,25.8004797161066,26.7800575695302,27.5412827261368,27.4373227870881,27.0022355717793,26.8369262824365,26.882714534809,27.0165461480117,26.8519621279394,26.6271912029385
28.6811175054033,28.9393585171519,29.5744111245411,30.1137448637437,30.0024744032462,29.6444127254267,29.4020344679405,29.1664022706239,29.1765111685905,29.0132524630624,28.5443725403869,28.4464797155833
9.96319573688272,10.6426695900096,10.4642149534401,9.69244117762526,8.75266764826619,7.87062000755421,7.15930545307617,6.67995948753242,6.51757211465236,6.80152498573569,7.58402442933984,8.81074778794644
8.77691151570156,9.12787769380233,9.14646171365762,8.84865249418624,8.43873421429564,8.11569819945722,7.87246409226118,7.52574602080407,7.2720695536086,7.21847242659619,7.61724372018749,8.25347533381781
23.0912860653699,24.1979848792226,24.616361648049,24.1633110680774,23.2767948789962,22.1507914767471,21.1336229146716,20.4094529106496,20.0944621059589,20.2607175153785,20.7828571585314,21.7628922266296
12.3060256160523,11.9081906595058,11.7840253412012,12.0788589928983,12.8815811605985,14.4718150521866,16.2700114608944,17.3985642115781,16.8821618650143,15.4811434449092,13.999319629221,12.9651122613555
27.2272076710296,27.2542506737186,27.5019336020161,28.0351516055327,28.3812109934196,28.2434375084464,27.8936015441377,27.5231771255882,27.4330854624946,27.3861682633361,27.449601229112,27.3075106304834
29.7528786305556,29.5436016144349,29.43618926584,29.6281444305477,29.817640058357,29.8358131254097,29.7202607678165,29.5141174249445,29.5990315114836,29.6571398174614,29.7838706202199,29.8561289588902
14.9616679445902,13.7612383254116,13.2725170403923,13.5835090046063,14.848325452353,16.942317926872,20.459411795508,23.5348341258693,23.7110529859628,21.6750294275472,19.2088892851649,16.9319089811238
5.78133212293144,6.36080503704298,6.35478240773049,5.90196987765183,5.2628402787048,4.58027019156424,3.95960050686502,3.49706143937106,3.2904154993006,3.37735319637261,3.91118161403398,4.9017410964871
25.4755354946848,26.2017360141937,26.5961604772531,26.2192387604291,25.306413807919,24.1897535394859,23.2148211111351,22.5874075204744,22.4449549368978,22.9254726879259,23.6269921201878,24.5326117972443
24.403324074574,23.784798555322,24.0623295046843,25.5614230059678,27.4910041812026,28.9355515960968,29.7458381272634,29.6963467009428,29.4383263768775,28.5648743042424,27.2336169505295,25.6757819217329
26.4206109846028,25.8024087123724,25.7892997390412,26.8658774160013,28.2662108693876,29.4327706719936,29.7354685455144,29.5933761944668,29.4173016517593,29.0322898286844,28.3159491722817,27.4692676174619
6.82483346813441,7.082247775055,6.79288597807334,6.24712863108841,5.67294321988978,5.29694654858883,5.10752445952689,4.94189706728772,4.85453850385888,4.96423071171845,5.33294767212587,6.09369511118853
13.276633867407,13.9657517937515,13.4483927559649,12.6216183755345,11.8179611557042,11.0070550013721,10.4346594562843,10.1667308874831,10.1273816823964,10.3568142284701,11.0187192985251,12.200808854552
25.2752329992387,25.6729794987777,26.4391628617539,27.211511972979,27.0402012969863,26.585379611667,25.9243390045716,25.2998754610371,25.2577830017122,25.2699745160766,25.2700198914433,25.1523283929796
24.8187152287853,25.2873989692207,26.1361999048314,26.9080138572404,26.6373062207028,26.0717455439234,25.3278885998974,24.6394808698468,24.611256541251,24.6370552717597,24.6549956838538,24.626150379861
10.8255909265226,11.3727342878191,11.3245373846472,10.9597333616796,10.4785974400713,10.0158485946651,9.63029529960631,9.17963779615014,8.88788344024132,8.84387799216644,9.25502492158837,10.0466438920502
13.7104497561154,12.9805442457519,12.6032086574081,12.7358670585395,13.8706681786376,15.8218830441459,17.9976724203258,19.6163406326768,19.9407747637453,18.8331351883949,16.9385990960969,15.0392609857549
16.3805977280886,17.2315646295354,17.0505815142278,16.1048195494961,14.7876467489893,13.6235165078462,12.797189396865,12.2923414645482,12.0754280261784,12.3857696401168,13.3085719575012,14.9313929236396
27.3956090195989,27.9824670757775,28.2891656282343,28.0609873684114,27.0575457376887,25.8660038766065,25.0142628678414,24.4650048165197,24.4859886957708,25.0574095325899,25.8519105160819,26.6540432883271
26.9095007172367,27.3881249988025,27.6398546525891,26.9945734292701,25.7882393240405,24.7347329448205,23.8463030907449,23.3754507067166,23.3425208706945,23.829571844658,24.8267499827104,25.9773282212608
21.6471134052037,22.449898145296,22.6658029919218,22.1751436643419,21.4276989372065,20.6497949048359,19.8146554037943,19.2237004596544,18.9826407392905,18.989113470814,19.4221442449063,20.339775218592
18.351545136585,17.7554653221398,17.590118152947,17.9098676828278,18.9682218238478,20.801173757313,23.1843362443612,24.8606724927853,24.7012176685716,22.9986031344738,21.133437011604,19.5119929799128
23.9262996115162,24.7335183555303,24.9234296696644,24.2875181925737,23.2572651138653,22.1095425015393,21.104899396207,20.4283740855054,20.2117069486378,20.5748952052324,21.3663991665033,22.5580010671478
-1.05952883178156,-1.14125102018551,-1.26065370694072,-1.45303453801957,-1.54182785007763,-1.05496905735537,0.525147060745721,2.20285668059302,2.12969897260862,0.779079903974216,-0.550046589963608,-0.92859038505471
29.7780311763693,29.770379998894,29.7503063420405,29.9680810230611,30.0297428089105,29.7954752177506,29.4205287163696,29.1971377259744,29.368142358478,29.7553600699579,30.1591512403261,30.0986030248774
3.20528977382707,3.52994121854731,3.27839893929806,2.45804073533811,1.61643568395178,1.05354360684355,0.624583471896815,0.365348866850413,0.315564874196503,0.485846924699568,1.03900948264884,2.06162274167896
17.6199413362084,16.800102861793,16.384536492962,16.5109176730194,17.600181180378,19.6163429356491,22.9333372036609,24.893380500041,24.101774148332,22.3652158772963,20.5717421102336,19.0145216775954
22.2908812542004,22.8346402640844,22.5285279772209,21.2720624452225,20.0049273967985,18.9154590661061,18.2282051107085,17.9338928640234,18.0296633598222,18.7457126609566,19.7872530971416,21.1365787311608
11.8060414665975,11.2231123976496,10.984217344774,11.2398308585748,12.0604267250186,13.5336490331559,15.4938317476575,16.8597030704736,16.474621259338,15.0342991398726,13.6595191790958,12.6204805281169
12.6189877116352,13.1651734602789,12.7387277740104,11.8969025895305,11.1332257888349,10.4703784864835,9.97929550155967,9.67909717549049,9.61626305693212,9.8375594709452,10.511997116328,11.6554920799926
26.5880350147096,27.3616512713742,27.3532329049381,26.5424320145156,25.156389462419,23.9586809040258,22.9813780046437,22.3959849516379,22.3971731665934,23.0307073683603,24.2949957313308,25.7172517457082
14.104187085938,13.0194226034519,12.6974059605276,13.2495729822019,14.6192899358937,16.7216065408586,20.4408085940143,23.3911215904281,23.1761579416354,20.8300609384039,18.3915329754539,16.1060488082556
12.7787004906724,13.3781632893466,13.0496467813214,11.5346155961546,9.88043882927653,8.50810423931933,7.40026084826238,6.92012108892533,6.97344126527335,7.88122514702325,9.34068155494528,11.2029390526103
28.201979679809,28.5196546744388,27.8020033415004,26.5263938164233,25.0587220486908,23.5136609697718,22.2933059293299,21.931455283001,22.7853827656256,24.2524540479373,25.822114622274,27.3675128797284
25.2131823026909,26.0498611272487,25.9422014964611,25.025829665883,23.5831412702115,22.2782365294192,21.257254575883,20.6267811296176,20.5981113152566,21.2600641552565,22.5484685628556,24.0820882051602
7.04144837371856,7.26693360974032,6.99708779313398,6.10132944194199,5.24672215917836,4.66063587721997,4.21392183168467,4.00695000298222,3.95881291180799,4.09782041447106,4.70032933948674,5.82533992845025
29.8922370898424,29.7565248692772,29.750456496426,29.8469674578763,29.8059635945241,29.5386815301515,29.2718111238152,29.19739079569,29.3494691818248,29.6383874084966,29.9795465641475,30.1561687857195
26.5422352038554,26.9567776552675,27.6041760700928,27.9727008325264,27.8678225729558,27.3970363492711,26.766498500224,26.2430336738353,25.963483197885,25.9706818092374,26.1507099570956,26.3141483936527
27.3583371185722,27.3541391746885,27.7340744627002,28.406894708803,28.7857265668184,28.6172313430572,28.2693122849321,28.030444471381,27.8236565592238,27.7937223339598,27.7611003906503,27.5704055253046
-1.68487035187215,-1.83826927748142,-1.86135099629751,-1.7412785114513,-0.560485549549027,2.9217231442089,6.70296092612449,8.53988468134612,7.80581390578331,4.87186414172612,1.46646855928067,-0.987190707384427
7.36716195897853,7.64046324748107,7.37319272869608,6.7615281447437,6.07095956342155,5.57915567910703,5.30168013137627,5.15425873850889,5.08397720686741,5.21700967783353,5.66569399516772,6.51697716715644
13.9478838885319,14.4275079243798,14.2135194381184,13.4421581118604,12.4646238111071,11.5736091647751,10.8910842189009,10.5632283463703,10.4746181630907,10.6634380661764,11.5376902430774,12.8088231170038
19.3170341769293,20.3762540667511,19.8980409694766,18.7403737804051,17.502525588099,16.2779557876669,15.3582869773719,14.8015265646412,14.647002520109,15.0141692275655,16.1225446222327,17.6847225668093
14.86516163159,15.4458401913666,15.0449253044597,14.1322313744573,12.9894812391871,11.950271439223,11.2646367729105,10.9574506150746,10.8479794927975,11.0577597736938,12.0502497491286,13.5054196335148
27.3718966030521,27.6278938996265,27.302811260018,26.5987638937348,25.35686002131,24.1427199470564,23.0143770665557,22.5377025029741,22.6784562147342,23.4660131489977,24.82274921162,26.4014522272343
26.0712014969638,25.5838623512435,25.5072714181078,26.2803756835403,27.3337569192524,28.5885271646842,29.0245345332755,29.1044450038686,29.0760294139337,28.6635262701884,27.8194091155175,26.9983976137334
8.36418184972322,8.83339393879321,8.77670568004381,8.3474929002766,7.56357759494576,6.73637418094262,5.99397316876665,5.40985738796824,5.11692617138805,5.39832529161618,6.14633472627354,7.43081608224705
2.51964667916545,2.54843436171949,2.43904201536071,2.45612441052308,3.10019922457487,4.73547587006671,7.12062811518978,8.85574727538202,8.06852585485881,6.11004458577014,4.3339644978538,2.96634765935809
17.1248938836733,16.5711099654378,16.4032384459382,16.7105477291341,17.7066371979231,19.5085566190792,22.2469144140072,24.1368217886502,23.6071033283431,21.7261906159985,19.7976736246346,18.2435903536792
23.2762564060823,22.544631072822,22.4166210432938,22.6932289916627,23.3276194002782,24.119118531618,24.6995645322888,25.4137488810734,26.1005605188282,26.3309914950413,25.621283333054,24.4261157381403
24.98070752369,24.1177000580181,23.9862163240355,25.2404717888642,26.8834427583,28.6150204183512,29.3249070655669,29.2644222976627,29.092974120181,28.6432451243692,27.6281852114535,26.4351644076037
25.1330946358994,25.7197234665092,25.9029409577336,25.3637878629044,24.4622466768807,23.5375373718209,22.7545705411881,22.3749133536638,22.3394170731597,22.6192677697353,23.2513344263804,24.1275176933598
-0.315319284893909,-0.14820748981828,-0.820454268330099,-1.36450759503774,-1.52543633399037,-1.57608404473925,-1.60118790328296,-1.62546575133786,-1.61332608289843,-1.68654600488878,-1.68041171408191,-1.21821634476239
15.7759224645941,16.5673276914004,16.2609821336271,15.3102586765596,14.0300978687178,12.7676620716171,11.6986267346663,11.024925144123,10.8286904873175,11.2220564243552,12.4088181980338,14.0830295725677
28.4847132223588,28.7592204265716,29.3231163186369,29.6443356225457,29.2033514680782,28.5240994890408,28.1697072847036,28.1258599530452,28.2673711514992,28.581125387848,28.6135406563793,28.4385847804121
30.01149893144,29.954389578725,29.854046020601,29.9938822692194,30.0476754546186,29.8067700077111,29.4325926594381,29.2271709420693,29.3841742859172,29.7176749622536,30.0855153031791,30.2185185099015
27.8597148020788,27.8409251082511,28.1867530993659,28.7127095702741,28.8861464648244,28.6922969687867,28.2684742640551,27.9028238483954,27.8268438433442,27.9107247017923,27.9678669873951,27.8704503191829
25.4914943997304,25.9938878490278,25.8140726250304,25.2876466576511,24.1695378247313,22.847427097678,21.7899802718308,21.102368632957,20.9040936519061,21.3813587992024,22.6447733429557,24.2153342323952
24.5067546374343,23.7451449349396,23.5996282474225,24.6990599303543,26.0693478752623,27.7747879343459,28.5846376366112,28.7121028248441,28.6836686652527,28.1202536222172,26.9763067843743,25.8590895871967
23.3905183562828,22.7091529724125,22.6950280527988,23.6465871334561,24.7753601696163,26.6277233967826,27.6082369246949,28.0233954492658,28.0822857357576,27.2605441788627,25.8805888723186,24.7350801259779
28.6741530424076,28.8137780989733,29.2617265681957,29.5086939478388,29.0489800216024,28.7863743426482,28.6263561266182,28.504512181385,28.5777067639559,28.6868174660125,28.487865297404,28.4818283071759
25.5069518088571,25.0325659819164,25.0809720024896,25.7335487842048,26.9714016781858,28.6643755505304,29.5796517869364,29.9726705160391,29.9342322426815,29.2898006601126,27.8294311161838,26.4672902847514
10.695887639073,10.9926042661346,10.6503436995965,10.0055010589087,9.3947703021275,8.90605549842472,8.64373938643332,8.5483919104714,8.52962264185003,8.64495727893466,9.1181903584665,9.96172666059634
29.2876629235754,29.2832470707769,29.5450777823378,29.7206560087308,29.8452535861433,29.7751808526303,29.509324384882,29.373568020564,29.5762881644379,29.7669523198491,29.7958757476278,29.5738174494801
24.3936564454771,23.7546555906955,23.6587022924591,24.0852159599818,25.06508088167,26.3845040309298,27.1630061363015,27.6288364542227,27.9518516693462,27.6653332400503,26.6995345019241,25.4560405173416
20.6325221486773,20.2364495974537,20.1742842363987,20.275560936465,20.8609739032929,21.4715451690677,22.0760770869769,22.6917192422699,22.9970862575612,22.8296944354756,22.144841341537,21.2488153192244
-1.23478289513719,-1.33614922426391,-1.38371061666416,-1.53204577945111,-1.63385507407284,-1.5550192450159,-1.15725173777437,-0.507372903399086,-0.536555830910094,-1.13301704406212,-1.36623500549001,-1.27775339579896
24.5626887978746,25.3076165652397,25.5121598679569,24.8964812228815,23.8126486965735,22.648972724996,21.6849428318741,21.0407066562638,20.8373359511109,21.2154097424432,22.0395827453859,23.2363387614675
24.4822556563781,24.042206734179,24.1004844737377,24.4309701160996,25.246237196973,26.5591019178213,26.9796335946469,27.4144133036542,27.6640632764657,27.3236340410496,26.3152784119072,25.3315382698415
16.5455463962276,17.2676236187992,16.9293755261035,15.9357993958521,14.5716033426115,13.2960474695708,12.363454185277,11.8201855633694,11.7022630876303,12.1491526717585,13.2444918508951,14.8305165729596
-0.176572883537461,-0.801386972807786,-1.02060919253785,-0.567455319869268,1.53164143428833,5.32233000468107,9.64578680012038,12.0830666026134,11.330693257143,7.5901840931127,3.5548015110214,1.11074328489903
2.16546845495206,2.64047520603298,2.45510891497454,1.94090660434438,1.29945393116298,0.697150631558767,0.250329854558708,-0.0808320734940632,-0.236391213796218,-0.185897573135445,0.282188756836148,1.17065657937879
27.031757010094,27.2535736149458,27.7946172866198,28.31974967582,28.3284936491718,27.9807076387723,27.5040707376075,27.0283310876855,26.7805995234731,26.8433780663315,26.9714739449938,26.9499709632065
20.5022074380198,21.2699787655785,20.9835297614608,19.70806842277,18.2288118204113,16.9596041270957,15.849153454964,15.2522798235357,15.329413394761,16.0688852227953,17.2762759574042,18.8276244496612
23.7249437188892,23.0593420334245,22.9762211512091,23.3825538788771,24.2873114446668,25.6382583948618,26.4092280143215,26.9349060579929,27.4072212345221,27.158704805241,26.1327817100635,24.8193276532941
24.9024924806531,25.3288948079771,25.1441056693747,24.6483551752012,23.5638411632066,22.2454765677166,21.119723122919,20.3213094236781,20.0508992843009,20.5455033792415,21.9152821030017,23.5197496073597
1.77965900686243,2.05790367015773,1.60188843062248,0.826575655096282,0.027355058159331,-0.604367267120736,-1.03238508723489,-1.2594783791852,-1.39467870725305,-1.43409581691886,-0.961661786390304,0.362925745034942
23.36126190329,22.7692859944054,23.1215514374528,24.4995881007058,26.5833599585288,28.3765450207319,29.7836919969688,29.8310521763859,29.2974190254897,28.0074340550623,26.3420515918538,24.6444000714927
26.5693912029123,27.3979517412471,27.4539156107153,26.7223551907342,25.3375499944495,23.9594246709942,23.1242047781391,22.5791707675521,22.4934470961335,22.9359015255255,23.9552816448283,25.2799800624258
22.2116850302824,21.053068535944,20.7269227051359,21.9598176666583,23.9750417054524,26.2853851966577,27.8903621579406,28.3852495611062,28.2997482684287,27.5245256229349,25.9607498876774,24.1764261148552
-1.95988660754396,-1.96003365388143,-1.95934158152969,-1.94975969944157,-1.89297502299879,-1.70897437043516,-1.29130563679636,-0.084925672553569,0.725138386730732,-0.716791413383292,-1.91658230112449,-1.95929434442374
23.4824359613219,24.0621868855032,24.3140161214156,24.126020529248,23.4090449504439,22.4267228712665,21.5958740306167,21.1282833710691,21.1018064138426,21.5381410793168,22.2119386383008,22.8301325141187
26.188793881396,27.099609542933,26.887254266529,25.9509222958989,24.4134609166183,23.0008462874501,22.0649950436291,21.4256262827995,21.2428354134081,21.6748596195695,22.7983763359117,24.4118453090715
11.6351809176688,10.9833908327866,10.6286404711691,10.7020004220419,11.716817315739,13.6628801990094,16.3213643788908,18.4009574831885,18.6652110702757,17.1559585367467,14.8887694866142,12.8991647182793
18.76606312502,17.9176368192203,17.4479444756427,17.4906885805221,18.6982524828661,21.0336050819453,24.2842317244658,25.9355733873271,25.2843187274047,23.6565732475414,21.7271832085728,20.0895315278996
14.6121780247141,15.3969242234763,15.3302375645976,14.6152784290949,13.5527788543448,12.6140318317097,11.8932098141033,11.3308692044878,11.0317690585409,11.252553826711,11.9948818210799,13.3513252192498
-0.830377447091208,-0.416739500881222,-0.985580843574401,-1.52579076221886,-1.65972001195808,-1.69736260093085,-1.73414131745315,-1.75010961726094,-1.74072401568786,-1.78655034644645,-1.78637440220764,-1.55352102442552
26.6769645324589,27.5319858241975,27.4898868509892,26.6744692089679,25.2167177385693,23.7929367602165,22.8811497303991,22.2845718240254,22.1715273116054,22.644601711402,23.6609622067609,25.0913709913322
26.129052494566,26.6178349037012,26.501474029651,25.9042856645851,24.7705755937051,23.4326707861012,22.3385032910072,21.660971240617,21.5326255422229,22.0711933155451,23.3511796846389,24.8841344763382
15.0065314681209,15.4842611827633,15.5553699663286,15.1065223404375,14.2262969783977,13.2744612019693,12.5397477149833,12.0038551643423,11.8001761479865,12.1251784124189,12.86066198641,13.9691519074162
8.48060077793749,7.10469159807647,6.4951931143878,6.76995222588558,8.28336096985258,11.0654917025999,14.6276436527307,17.9590950924689,18.5201566817106,16.0722808512777,13.3765446138905,10.6561000889084
15.0145235449231,14.4542439150763,14.3128595613791,14.7088392620164,15.7029349599963,17.6170283796746,20.0301575722119,21.6672570892029,21.1896499014316,19.5023039536504,17.5211319476626,16.0363066521621
9.98138952211311,8.90623909300007,8.51198196174388,8.80107662888604,9.96121904359412,12.005421266821,15.3847019960863,18.6244877453853,18.5970793998599,16.067731898566,13.8496604865929,11.7291556478562
25.6412192835005,26.2453087731216,25.787959623949,24.8125429078795,23.5728102377184,22.339335202423,21.2906727141285,20.678672399832,20.7358284401438,21.5975283691085,22.9363115140002,24.4061413291991
3.88682693910869,4.21456718055944,4.10507188845895,3.66242607873682,3.04947445887058,2.39900104001711,1.84132235100884,1.44049255518269,1.26650293906489,1.43620335006566,2.02057700014864,3.03287138657427
-1.69298292406655,-1.88814681235698,-1.91681747119126,-1.88313335870691,-1.76233205004119,-1.40148189887431,0.553452618492191,5.01789196033037,7.13374882784001,5.50729045142167,2.84696794592541,-0.313940872409945
11.7703656366929,12.0947926467324,11.9132275173514,11.3950423642778,10.6165417262592,9.8621535868186,9.32426391115691,8.99335426013246,8.8393709219649,9.0083358724783,9.66558181628443,10.8451430665107
-1.03498154171375,-0.72917931746452,-1.36124142269958,-1.74436003920964,-1.81333806823461,-1.79588786168807,-1.76754315736729,-1.74479041423292,-1.7389686698375,-1.7729034199623,-1.80745505056888,-1.6613821402742
10.3274467854203,9.59506424252991,9.25048451793976,9.34724912290678,10.4175752846562,12.5969342817547,15.8597003488456,18.790279951183,18.9572265993596,16.6525903359157,13.7600325691857,11.6450666966502
14.6448459276154,14.0475239220655,13.8921270780089,14.2891882067526,15.3235630897604,17.4332820791698,19.6297177315071,21.1202301490405,20.6902804659499,19.1641232117631,17.1867913571398,15.6744107023092
-1.94781554817091,-1.94973704651704,-1.95006706370102,-1.94947543868108,-1.93418731725204,-1.84149783366517,-1.7226144982388,-1.6801010794949,-1.86615023780937,-1.93237761258064,-1.94273073072818,-1.9463359885092
2.04677264171776,2.38620976017939,1.79183833926928,0.930182369366052,0.16149746652808,-0.332936823780579,-0.611670089259355,-0.770593574022178,-0.907962370358341,-0.89701177110976,-0.518774341885264,0.642767713958065
25.9318836323691,26.5310617032277,26.6459661966311,25.9826643828265,24.7265236497082,23.6866142040874,22.8161153751408,22.3435845153773,22.2662838670466,22.6511578501828,23.5740585581164,24.7484200831322
25.1343047881744,25.7926781965876,25.6849196808718,24.8386144463374,23.4699081971473,22.1702366408221,21.2376592189432,20.6552989244953,20.5149919433355,20.9032944794984,21.9865728580323,23.55673329997
23.0466782694932,22.4144511531886,22.4756637728976,23.018473106911,24.0322719596213,25.6982678620635,26.3392522788904,26.8864672234275,27.2187550715059,26.6581824942613,25.4027636021873,24.1808165088951
24.7481403408443,25.7692474496786,25.3702630687714,24.2933693568815,22.676530856318,21.2054901736077,20.2119021308978,19.5116880715557,19.3077360547561,19.7452484663161,21.0273327268219,22.8225333530921
4.11396140112583,3.77195787725726,3.62229664642722,3.78571862469119,4.62275353579213,6.33485120069363,8.5253912043148,9.96271628754461,9.31183064057414,7.61585804210301,6.04569429504568,4.77815701800757
5.61401163068662,5.80779436900786,5.65711218559388,5.20843409554239,4.75936566633476,4.39893327889009,4.04805219153311,3.67552184037584,3.47228528862187,3.57409479785797,4.18141865917891,5.03413786254099
7.20612257894356,5.37819704649744,4.64003918653823,5.26675557879335,8.00385623558668,12.3443176330438,16.551397391931,20.1478035590429,20.1855336675989,16.7784640989441,13.1959836742932,10.0023371840446
18.7819271602614,19.806066687294,19.7468272855879,18.6522412934439,17.1309841884017,15.8371179858962,14.9043863346826,14.364065936144,14.1287917270083,14.43430114978,15.2687837648358,16.8383560338791
11.6397828308176,11.2285993333231,11.1766044081754,11.584207117398,12.7365244170527,14.1250935223909,15.3389867621251,16.4166161023735,16.490683830869,15.5741374879963,14.1088952005684,12.5656981150861
22.3293992562755,21.3346126372452,21.1251761698882,22.3373499305416,23.983714055512,26.089662737286,27.6049735076802,28.1434269266793,28.0788315705434,27.1810829309531,25.6460744389952,24.1184497977624
25.1056051234688,26.1301884448085,26.0904669861835,25.1297382737329,23.6781096397734,22.445795118548,21.5195224608686,20.9685883789515,20.901613947882,21.4771752362555,22.6689915644419,23.9871553153049
25.7757905120806,26.3700623791362,26.534852437303,25.6932215778934,24.3056506781406,23.2129666616201,22.271266933131,21.7502524494904,21.6617840834182,22.1358834641287,23.1654034318402,24.5106639080259
0.684457316148741,-0.209526207128144,-0.575113109834544,-0.136223494753769,1.73800787766536,5.25346365371422,9.31467486395035,12.1440492095089,12.1774541158062,8.94238276431527,5.20920284620474,2.34191414052473
4.35231859192921,3.80753304709698,3.31309145512548,3.09148721172046,3.99596875708522,5.84077785859945,8.07005335113729,9.24113315471014,8.53513237220521,7.10155586386991,5.84301277269752,4.99433522375781
24.1641413414506,25.1523013377084,25.0875436223429,24.1509382711729,22.7271761323802,21.419029867744,20.4012526987327,19.7556986490394,19.628800195082,20.2619057628616,21.5331499617184,23.0492092054496
24.6421905739946,25.3684601285274,25.2586789216242,24.4372251805825,23.193478291491,22.0349085575261,21.1918060247526,20.787477352717,20.761686170603,21.0818991506489,21.8853478825365,23.2153385090718
13.8722089510774,14.3090101005907,14.3056224509773,13.5863802608738,12.6820438218201,11.8063968348822,11.2008339406275,10.8685847352276,10.7793584639137,11.2760402291461,11.9964464059948,12.89930517684
14.3423208514019,14.9655075782628,14.5433742035375,13.4858765172939,12.2926429756379,11.1914103374558,10.316544315038,9.68355748560248,9.49432828409453,9.72562614913878,10.83633680537,12.7030576237221
8.88373545075849,9.07082526870197,8.65988384426203,7.67048061653636,6.66804655752319,5.83965921349388,5.17628885728696,4.83465285027131,4.81252295265089,5.34012520966279,6.40098904777086,7.81481690059524
3.07694705412484,2.30861791304062,2.05169266149475,2.35754726733132,3.61395417517665,5.95731999124156,8.92285282033665,11.5645295247109,11.7478029315845,9.39316849361006,6.71160014533308,4.47149969007524
27.7523677145036,27.6194976516278,27.7976271308022,27.9594498383217,28.0950193048093,28.1557589398716,28.0154874941049,27.9210194061638,28.1986873986065,28.5475037506932,28.3871889079376,28.0718322486394
27.4153013107307,27.9498244870961,28.3587367819023,28.4679419336151,28.093345853883,27.2791247500184,26.418908971736,26.1078491102053,26.2359790982186,26.6999721145204,26.9686614463878,27.107669235223
25.1339228224973,26.6386704228638,27.6006316807813,27.6332209546178,26.9084537562994,25.6022788089257,24.4651994078594,23.5547818519897,22.9953880716579,22.854134489955,23.1488949185942,23.8463710456948
27.4917984990032,27.4198994828792,27.5324328269957,27.9087994765762,28.3077143648903,28.48563741721,28.3815623188756,28.170127645354,28.2847238379638,28.2278411698881,28.0040924801564,27.6163352539349
25.6887150046347,26.336596092089,27.2722138453271,27.8227133847531,27.597932348296,26.9874980918998,26.1820336399885,25.432652260191,25.1385844405482,25.1227749292019,25.2679823200999,25.291708415232
21.2632844015011,20.5518390657561,20.348061951977,20.5819845780234,21.4174721498398,22.6981741091391,23.6337971063494,24.5424706786275,25.262137985249,25.0674790989213,23.9116383153362,22.4409563182262
4.0530973789721,4.50430630107674,4.35728032637393,3.87760287227857,3.30359048526008,2.74063897414316,2.28519066220847,1.97942506135374,1.81925353772031,1.92268640134758,2.40908689068974,3.15442332130697
1.67746671915408,2.08504424672537,1.40698678458883,0.342496522947438,-0.548837965009063,-1.0459267106048,-1.25775205658118,-1.38352631055823,-1.44884066325845,-1.4581662099142,-1.14549725956051,0.0749018111711503
23.9221798373715,24.973729163913,24.902575039393,23.7860339904644,22.3433170701038,21.0959970387647,20.0952631444882,19.4757514731469,19.3215263515254,19.8628927948589,21.0970634615817,22.6231042271408
23.9783101940378,24.3986225481269,24.0550528113753,23.4250145732204,22.1983292899351,20.762156540804,19.5437186529053,18.738820875026,18.5535176265651,19.1838810896837,20.7336136148399,22.4619758037778
23.096772906802,22.3890484326341,22.1230994336296,22.5622715460445,23.966504786111,26.1033524480293,27.7355520649436,28.4177814758886,28.3683609532693,27.3928355135851,25.8384202404062,24.292024997273
12.3012384066027,11.5426174098217,11.1557701729897,11.2483595448952,12.3122961501399,14.4627893764372,17.3048533301005,19.5925016000868,19.8771641172081,18.2880775785829,15.8159502689556,13.6677951907625
5.61561692673266,5.17544390324257,4.9863720161459,5.23385386960799,6.17937192317382,7.89942764160469,9.80109522820419,10.8267654434159,10.3174827994721,8.7876317013875,7.37221262250682,6.26134588460908
6.51420507586993,6.80876450560156,6.7395566673231,6.38376072085885,5.84878072575657,5.25571176499071,4.73034672912291,4.29853296603747,4.06822213889233,4.19847780282672,4.742088166875,5.71618895118627
3.41782448342133,3.90501000667555,3.84788606113619,3.3807685690994,2.75913924328044,2.13633637205295,1.61573307541288,1.2347389729181,1.08031114691694,1.15001756908993,1.62140641034131,2.53560385367682
10.6699261315509,10.9836198162037,10.6330934973752,9.79216512641519,8.91773285866439,8.197538745557,7.64155000544145,7.25236861639446,7.17396313121128,7.37307137080345,8.23612868001376,9.48714800575948
4.77592532314122,4.19125882868654,4.01234875961174,4.24363004452995,5.37294362455371,7.30442647626312,9.61950513476208,11.8414762167737,11.6947862639334,9.6388058051478,7.49620332385098,5.81921311936588
7.85207909235282,7.40590824241915,7.23758990109161,7.52396385338355,8.44092300975908,9.9607866918022,11.6619439627878,12.4750875748351,12.0689104584398,10.7865790771617,9.57735225166988,8.56197145999058
22.1080155693449,22.6623434213167,22.724869655384,21.9454687509229,20.9197274674555,19.9260777877094,18.9655743457818,18.3592938189759,18.1917899746197,18.461382368547,19.2736415317266,20.5717719148933
25.7183861615294,26.4464439276373,26.2912612106897,25.4400063153124,24.0153581005056,22.6755000328796,21.6905929330942,21.0715403953393,20.9275335671282,21.3610352042824,22.4974708257046,24.1030272016062
27.4054127499413,27.3925689226032,27.6571406870988,28.1972290912484,28.5272073320939,28.4765817496986,28.2432987748818,27.9423877624337,27.7819592345345,27.8002375075013,27.7872265383195,27.5700645450143
27.1313703605366,27.5906876354486,28.3338200789871,29.2633924401228,29.4792937137856,28.7136916865054,28.1146972370404,27.8173859569196,27.5923365243126,27.426858484718,27.3475025249286,27.2290297928519
24.3615559449332,25.6622753214736,25.942828383757,24.934123098917,24.3871837919957,23.6629977949994,22.5586771690817,21.6018244323874,21.2269868085713,21.9021090489762,22.5263702623375,23.0113448685087
3.79247250950517,4.04501946484176,3.62317698513312,2.98306692175446,2.39394299429002,2.05889902060032,1.85115991681268,1.61774666294595,1.48967912183143,1.5525684187613,1.89402437280204,2.80787946128865
2.21328265886084,2.54451729849319,1.80617486253602,0.757592941931726,-0.260226203995023,-1.01263927994907,-1.42815723962679,-1.55829686397585,-1.59041104001382,-1.47985956716691,-0.880435147290009,0.667756551456359
24.1209462679488,25.2401523274694,25.1281085247714,24.0106833070728,22.454734063836,20.9531241933692,20.0277794133474,19.4902571918341,19.4380073518525,19.7919243592019,20.8389653697379,22.3368663055147
25.1795832842427,26.3529040499393,26.1986300253307,25.1502960799111,23.5442036945279,22.0475611711962,21.1738776294915,20.6329651512817,20.5642964257616,20.9449244207951,21.9940484540645,23.4569130998309
6.34664158015411,6.53616948974548,6.32218468750521,5.69957322724901,5.05973800674098,4.68483443470799,4.44135203204081,4.16941774385256,4.02726174307279,4.15014515228822,4.81844407113509,5.75493476828615
9.93302379922975,10.5606239789494,10.31865338693,9.60739206866813,8.75063008760993,7.95478340226357,7.42672236313398,7.02333882900345,6.88377862901245,7.09443936161993,7.80654906959274,8.91898847219249
2.53009872305023,2.02380315605222,1.81658017875037,1.87929326630837,2.89835142042006,5.3888091604691,8.05624257140915,9.730070818086,9.12653310027155,6.8210027840735,4.71251367489606,3.35363350936556
10.6150987781537,10.9644356773524,10.5164416838787,9.7970447280949,9.11165393403419,8.54897141273424,8.22692688899954,8.14055726392134,8.15856438727051,8.30024409094941,8.7979795013048,9.76216878959824
14.1631225598425,14.9603338846694,14.6440110863794,13.6991673312933,12.7965917739699,11.9539874155174,11.311658214079,10.8680743421541,10.7134247354164,10.9725252246037,11.8273771830296,13.0736457686951
8.85983852686881,9.02918356095135,8.74724962918849,8.20367825120754,7.67215194836314,7.32400796021784,7.19543423516832,7.10267880048262,7.00677515744346,7.06766530781514,7.53389627348944,8.27585226747825
20.8773295740206,19.5795686950053,19.1312848906094,20.007024815503,22.3128337364705,25.1331426377053,27.6308897560957,28.4283230545698,28.3175456212586,27.3561164338629,25.380943776156,23.0837351369201
24.7610811150662,25.2352399214165,24.8979260232394,24.0106868456286,22.6124173757398,21.1748529633434,19.9333720316632,19.3770858774994,19.4727342913445,20.2478280121993,21.5724645851267,23.356691678208
2.75654412069899,3.30429245746533,2.73674183373319,1.75363904213917,0.885012903203936,0.252309636443334,-0.149564791310727,-0.395177324949416,-0.501013318762682,-0.412154953834184,0.122295510902238,1.29847501573242
6.09383577788728,6.33648593029635,6.04721882380277,5.13818164779199,4.31017942148557,3.74179434164098,3.40519961436524,3.2536198434209,3.21596227250038,3.3253912083021,3.8483227275938,4.88941835487014
27.7498898415399,28.0361569313585,28.8935258317567,30.0472789823494,30.1464936964985,29.1710768218834,28.4481567160373,28.4345407364991,28.5581327769978,28.6067819890798,28.5356889644849,28.1129308560587
13.5061091665716,12.955850323445,12.8268039339605,13.2448093113605,14.3429137699753,16.5079684427453,18.573856787077,19.9441409302118,19.3835226747864,17.9176898219797,15.9850061204821,14.4781670866573
0.35718776185855,0.651466383254905,-0.0255136834514919,-0.973525435714052,-1.43097068562804,-1.53312400205267,-1.55424921668921,-1.55622379082836,-1.57664470958664,-1.6430772859589,-1.62679151090148,-0.921816662548329
26.7926462362185,26.9270898090776,27.9315117843715,29.4676841619268,28.846007745319,26.7811555100458,25.6312551922682,25.6374591514105,26.2242123157993,27.0755168526852,28.1329166369859,27.5361121779988
19.538504096257,18.4085053046916,18.132383682122,19.009694216704,20.7225150408627,23.0411268506515,25.797574896502,27.1027252031942,26.9908402208622,25.6609339459209,23.6266668084687,21.6365022544066
23.2207554633792,23.8646156852114,23.2483440666543,22.3555619752832,20.763583773608,19.0330101968595,17.6434263167777,16.8818831283891,16.8951123081126,17.6845073718722,19.3954055696153,21.5508081734112
10.2589691276034,9.59664589843277,9.26371043548976,9.35677425455147,10.3698765922572,12.4314070016438,15.4705181417355,18.1962631374134,18.4235747188287,16.4058962766584,13.6058140702762,11.5057251766107
13.6390098916815,14.1584231803843,13.8586242369654,12.7639468044237,11.6748535297155,10.6734139522645,9.78978488870573,9.16372910917356,8.98993985811626,9.27502763494304,10.4180565492985,12.126480138739
1.77987293616352,2.06497005332677,1.61300762494797,0.772472394232289,-0.0558770914099846,-0.591055208418039,-0.862408091448075,-1.00458061028634,-1.05586596439022,-1.03276108908759,-0.6921783840823,0.393869994078219
0.235724280327193,0.420165660861607,-0.143818949238011,-0.871136967401626,-1.35295199978493,-1.52634273082197,-1.57321740933769,-1.58195523557679,-1.60865515679553,-1.66813331658894,-1.60180293300033,-0.794788786073766
11.9595890590693,12.4045900722747,12.1893198875734,11.4510772880192,10.6231121745646,9.98033453640166,9.53288702913176,9.22157603602542,9.10286130677607,9.30207288750116,10.1037022900141,11.1646110573905
21.4759385602004,20.5867094679928,20.5351562223517,21.4983598096534,23.5934080787503,25.803344505334,28.7347494667764,29.429847565421,28.8664036451737,27.0928179004929,25.018520018437,23.0390314349436
13.2385565003767,14.2451796480025,14.1415562701412,13.5589245465144,12.6878459279964,11.7830192520726,11.0667636700503,10.5064017449582,10.2906161671126,10.3512871221483,10.9339168223959,12.075951895681
23.6608444834444,24.329093059112,24.2010052111843,23.3565044876832,22.1818434215071,21.0673615659216,20.1865136391851,19.7145936522579,19.6420580939976,19.9050255479937,20.7236057274278,22.1063672080465
18.642511077893,18.2147357632261,18.0937391249168,18.2158742561128,18.8876684180682,19.614219508328,20.4770410057034,21.2588980178546,21.5296482643193,21.2342407218953,20.4271691577325,19.3872274268979
19.3621464753651,18.2269147208754,17.7652778744049,18.3134811997467,20.2510653736138,22.9092427018661,25.9194419523602,27.5136946984886,27.6045531498591,26.2151156163469,23.9051254023723,21.5134826312098
0.870382938669928,1.23702854399237,0.761075723377377,-0.209060933985997,-1.09456168863286,-1.51960539041874,-1.69076221533437,-1.7322569355149,-1.71723449785263,-1.56135352540522,-1.15250659122807,-0.276517149220737
7.23326970834781,6.64670681280094,6.406362369262,6.52814762179503,7.54338269117185,9.35772400721932,12.1953822058317,15.0370352975596,14.9368581584234,12.4985042458784,10.0187470136927,8.26721595560751
15.477954675961,16.1834781769493,15.9050766652047,14.7182575800397,13.5578975270307,12.4444840337632,11.4243264029986,10.7400969533123,10.5237653275249,10.8710196763968,12.0412168737674,13.8498110403344
1.80808340605724,2.30503730857617,1.94225148098723,1.26485929508987,0.549380823389825,-0.042137422743754,-0.493953439059563,-0.848732855458119,-1.04736978801703,-1.05585670589282,-0.526453598527992,0.560224597363066
26.8357609946378,26.940582756146,27.3038232511256,27.8845898005452,28.1109368830681,27.9132490486794,27.424073412793,27.0299817418728,26.9934272348999,26.8852458645741,26.9437726630165,26.8167544526588
28.7865748470695,28.6328632516421,28.9236030385282,29.4902061635039,29.845625869836,29.8807600316596,29.561257651023,29.4234524816908,29.6695877906952,29.7364021640105,29.6038219782455,29.2556394546469
28.7049008322168,28.4952573261002,28.7533753622561,29.288251180436,29.676950826318,29.7366663637196,29.3701782424683,29.1249828571088,29.398709612631,29.6352840963546,29.6666128704454,29.321792478822
25.9827911999651,26.5588124241241,26.2375090915783,25.1014179703916,23.6716382173886,22.2630379527387,21.1500420845402,20.7142995942037,20.9026852749842,21.691532685938,23.0476689952822,24.5404539252119
-0.843164028200259,-0.978139805343348,-1.64409365069907,-1.8077231854538,-1.83245979607045,-1.81133823163838,-1.77184060280018,-1.74976123186566,-1.75286118337265,-1.77765426696716,-1.81097560493849,-1.58144597622949
3.02576625279795,3.33123666821404,2.69630109383591,1.65227008974166,0.569572695093,-0.221793310889581,-0.768909363380569,-1.01548418065801,-1.08742192208359,-0.786513302345642,0.0441590965751027,1.46474788623335
24.1848159129657,25.0096996775229,24.6441151228886,23.6160516155593,22.1159571593997,20.8055696907969,19.8518952554687,19.3479041515871,19.2846112313798,19.6644737270736,20.7031974917283,22.4313216189147
17.989909765119,17.0491480503597,16.9032627169327,17.8275579452915,19.3336811462448,21.6650436961378,24.7967587382219,26.2935631875463,26.1457869727139,24.2843733142391,21.9742227143672,19.9849452577027
24.1943694500703,25.4023338599746,25.0664251919663,23.9480184028122,22.3343246674943,20.8605443790586,19.8938277263812,19.2027941987669,18.9704641429093,19.3450871379419,20.523790721343,22.195451894182
23.0032708212581,23.7987259129596,23.2588672051315,22.3090967085842,20.7745062779295,19.0810188774873,17.6788857838713,16.8762190817845,16.8215309164517,17.5025256883128,19.0461728344176,21.2239822323081
27.9603145056244,28.1096568571408,28.3536875036444,28.5868622177852,28.4446286375791,27.9051971586879,27.2845250393884,27.0135863645705,27.1922916750713,27.5117407739425,27.7165596823035,27.8077946639283
-1.23258438475112,-1.31285824923466,-1.36012967281708,-1.47783794511283,-1.53798864930759,-1.22929981710164,-0.262080190944945,0.899395622218335,0.99277648394378,-0.0535266483061761,-0.956908615997069,-1.21208461706684
13.6947015415027,14.3585401525929,14.0617291217448,13.1453880047472,12.1929054748616,11.3885014342971,10.8027415420008,10.3832950247913,10.2262701587029,10.5049009869018,11.4662832100523,12.677245232483
20.9406063921405,19.7144518989149,19.3353731879769,20.309825163639,22.4327332130049,24.9937755554186,27.1717147841279,28.0108682234121,28.0009992594431,27.0977175451819,25.2648920862839,23.0973104518734
27.7483943754108,28.0568141833551,28.283851159448,28.9849368414422,28.8585110908351,28.2732181240475,27.8489325255433,27.7334352342642,27.6068825375299,27.3738392928745,27.2286564024375,27.387366591633
3.72681715707545,4.05921815549667,3.98412415829891,3.53558818512818,2.98951427520938,2.46508533239974,1.97923487172235,1.59243916660434,1.43802611246776,1.55914382173167,2.11587810287303,2.97292424254104
27.4891604715129,27.9724077368613,28.2389739466683,28.0562924059174,26.8912955009312,24.9274069377226,23.8497908921363,23.9520684389373,25.1923880762288,26.1988792040206,26.3558021452932,26.5774358648633
26.6181965187683,26.642947723613,27.0584475151794,27.6191502786308,27.9126964660255,27.899839530559,27.5985629336645,27.0629811988454,27.1211202556431,27.169734613065,27.0484977209076,26.7062571737268
22.8083475932439,23.7518059521521,23.2390105738481,22.1323456086484,20.6149004922292,19.170724483197,18.1865303565928,17.638778311111,17.5311021374384,17.8956984046632,19.0170740128714,20.968421747082
22.4938314928781,23.7869596662956,23.5937943726167,22.4842439129417,20.9326998320862,19.4667108819751,18.5048556998571,17.8932051127526,17.7150388752476,18.0587998368213,19.1074632997011,20.6171877632859
27.1985092912494,27.9061420566258,28.3391484838165,28.2506959425376,27.4335546750612,25.398507957026,24.0082566897175,23.8201153196816,24.4634141938034,25.2712086154279,25.9854468891306,26.5376202191741
25.7717233372535,26.4147193078995,26.2140922698314,24.9881641922653,23.3578829147386,21.8633223441232,20.9542454822814,20.55033991486,20.7682445130825,21.5014531111924,22.7635357867186,24.2284962283748
15.464758636956,16.3173713418352,15.754651673115,14.7737376023122,13.7945035908908,12.8123667186196,12.0969884933144,11.7044048849635,11.6093546775521,11.9064296199743,12.7427948848316,14.1046401357303
15.617184899522,16.2319456175882,16.1911069598013,15.1991078405755,14.1174032668832,13.1544905789639,12.4906698847644,12.1241215553291,12.0120611816039,12.4936007020856,13.3538800635446,14.4174585460277
17.2167099910682,18.1632328840276,17.5030608918801,16.1605634267203,14.8017794619465,13.4540014481736,12.5390966905043,12.0312404872403,11.9585764700288,12.4474764642151,13.7073427101815,15.470430382642
1.32905593343675,1.76471572051193,1.10084531706583,0.0809610708576259,-0.76992407334305,-1.22746157091741,-1.42368851467292,-1.45709412850521,-1.50328754713488,-1.50235269739045,-1.20097972165159,-0.0861786323403022
10.9047906087145,11.1282714602006,11.0025806054174,10.4525152421334,9.79629313393568,9.33523205731836,9.16783834379221,9.17840217058811,9.11153113702647,9.16343369322352,9.64453749454,10.3825491998403
8.08519504447115,8.84890647067385,8.74514434694052,7.93704029297071,6.97446636714629,6.07806416582687,5.45049304592012,5.12107372648949,5.01070926706943,5.25680516177008,5.94270230680832,6.97276547083251
16.4388457922968,15.3787974542183,15.1964648305125,15.9607143741192,17.4285681372352,20.1801000091669,23.2363509330714,24.8638285153255,25.0541258458203,23.1125016093042,20.628409307775,18.3907093007115
20.2448393416004,19.5494235712895,19.2917982686297,19.637062728239,20.800151273674,22.7402089616878,24.6884105958589,26.0240528846314,26.2385675262911,24.8996943685789,23.1770980621968,21.4937554886258
18.1407920165685,17.1831017036027,16.9183766108527,17.2318629225175,18.5591831254745,20.6413540689506,22.2912870145613,23.5550337228307,23.8577025795532,22.9888711663111,21.2954452022524,19.5075982817043
21.5940453905125,22.2666270733013,21.6463919851338,20.6703389769212,19.0977237080529,17.4058564420116,16.0075746383295,15.0567264515279,14.8160674957235,15.4918474188276,17.282497771877,19.5237283975778
21.1353548110141,21.9608481171007,21.2574669225064,20.1775182116439,18.4634748455652,16.7092629011366,15.3110521664509,14.4845726051173,14.4184022548065,15.134233927886,16.8549604047704,19.1301949403895
11.4016088187077,10.1157965932223,9.57008424861066,9.81630993879918,11.6911393287435,15.0981125538494,19.4390200295997,21.9658071040888,21.3240826975748,19.039316119461,16.2138192730209,13.7211350181855
19.1947651394002,18.054680917782,17.5888212795225,18.0271605387065,19.7091688739814,22.1096950984257,25.0827515623582,26.8450824658233,27.0104923745161,25.773372002234,23.6046583702185,21.3087901627585
25.538489852066,25.9500505167748,25.708144192248,25.4917001347316,25.5766174376786,25.1621281432754,24.513220503776,23.9264574372277,23.9231396772789,24.4033568237989,24.6417972334209,24.9192585869684
19.4369897091427,18.2049658641259,17.798503034885,18.5426145588564,20.39985008664,22.770494331937,25.5907166164063,27.0725450874546,27.0594946751918,25.8193055168422,23.750167028667,21.6175789601772
7.74419330180054,6.55894843315658,6.06134454220179,6.20683809212959,7.3000467287231,9.43654552928126,12.673739075829,15.9265568313973,16.2489579712093,14.0193980162967,11.7672899766393,9.51367650488081
28.4117059851314,28.6414123829332,28.9069893069725,29.1187015675613,28.8976910316155,28.0996139197711,27.3308811186738,26.8602012044924,27.2630401799691,27.9421694042013,28.1078950054582,28.1021724070513
21.9289390852982,23.0201696599264,22.8875859764691,21.7054419072041,20.3318945451768,19.0714238190827,18.0025548110177,17.3195829484894,17.100990225001,17.5926782132262,18.8520072159289,20.4616640753465
19.7411054295758,20.8518876038236,20.7884459135877,19.7164252398764,18.2272811788628,16.7955061077627,15.8431697989527,15.3165901868166,15.1029999286038,15.3723917006619,16.330671953826,17.9061178552179
19.0947225115531,18.4184536226279,18.2473177307593,18.5761860729555,19.5051291150427,21.0746662261283,22.379162125556,23.5400871955444,24.0555562871015,23.3562317193203,21.8559297263282,20.2606666581626
-1.73954658496183,-1.84223339458257,-1.88163961674289,-1.86784006324372,-1.73108373000387,-1.17828261266053,1.22344221108679,4.94661172660942,5.08290758441632,2.78584539337752,0.364691524020889,-1.30142952395116
12.0977221531385,12.4885288023914,12.1620052088298,11.1890033401271,10.1835968630166,9.30126738189646,8.57631921446151,8.05328576094702,7.92404003554305,8.17407424684856,9.20966686457388,10.7225446022479
3.97087164713983,2.85142342723893,2.41539785928496,2.74043305257385,4.36912470754887,7.33008774455648,10.8813952302984,13.9703880110475,14.3973988826258,11.6696751288477,8.65305858961035,5.83711912486294
19.9791776712488,19.2704270384555,19.0183347642429,19.4050332167452,20.7287565476116,22.7903660113914,25.1058903186759,26.6253930165016,26.541985162136,24.8859962153344,23.0332853001537,21.2718373082445
-1.90420687157831,-1.89673250733237,-1.89446559777828,-1.90010814962755,-1.90452222098185,-1.83792015232658,-1.67688851174126,-1.59082245830596,-1.73895901299607,-1.87825225287014,-1.91523723254514,-1.91474228310767
2.89579082099106,1.62217089417742,1.37528996532507,2.26397101382495,4.84028815323577,8.94307844504044,13.6646937922721,16.935979390414,16.228312863907,12.5986520279889,8.61247708083139,5.4121714026839
21.0437867477227,22.147211589728,21.5193031056669,20.3337408084732,18.7411866852179,17.0967400769772,16.0100775616012,15.3537674010423,15.1932545481322,15.6221033533557,16.8848490638425,19.0367824680524
1.30943052962541,1.69561773932225,1.42742845715116,0.637144098922842,-0.119624563925583,-0.661160550518041,-1.01104193666491,-1.19889871112936,-1.25297148064454,-1.2306712376063,-0.828649762847544,0.160246936774646
-1.93428089322907,-1.93825236383234,-1.93580753178583,-1.93538332415281,-1.9262710830105,-1.82837078241799,-1.65527318690873,-1.51510273705624,-1.55658465665133,-1.832387953406,-1.92125288704275,-1.93167625640179
21.8753433207834,21.205051177872,21.4582220810351,22.473229044983,24.3799789720778,27.0247697423731,28.8347308303795,29.4372555603321,28.6272185336142,26.9200068451895,24.8694186061362,23.182199845472
20.4231210656964,19.5479738094655,19.1458200945906,19.5700002872809,21.3290702412537,24.0501926201401,26.6416401767252,27.8680845483161,27.4778916183724,25.8200467062669,23.6583242703943,21.8540575900809
17.1705036567723,16.2160898913383,16.0541629817457,16.8894496277149,19.3029793274009,22.579396375823,25.1508758788393,26.3214006403328,25.7588173041275,23.8446633475403,21.3447106790823,18.9100263142327
27.8619307169116,28.4451906995657,28.9949831765191,28.7698564171201,27.3656451489265,25.4009801070725,24.6683660952195,24.8691747944963,25.2937457644652,26.2322058719713,27.1623399583113,27.4406981292104
29.9542242412676,29.8803886900491,30.0287890911831,30.2723636373909,30.1694481543107,29.5908350054186,28.8579043892639,28.4172033818881,28.8473872884134,29.6132714099966,30.1629515085868,30.1770460533403
5.93748807797412,6.71280877032358,6.64247339414437,6.03506385087081,5.18829176505938,4.29199724482948,3.53021708862719,3.01282633643803,2.82572222550326,2.94349780991184,3.62052503414213,4.87895932890938
20.1674769691696,21.2265771139067,20.9788009662344,19.9033199977418,18.453260972366,17.0536713353421,16.0456890264584,15.4152583817664,15.2123765891588,15.5371828794293,16.6003926214194,18.4375718264617
1.94475969025617,2.40601184529441,2.14988251658808,1.63382500030151,1.0856447036789,0.587812826698963,0.170748576457052,-0.208361232476305,-0.456083221778119,-0.513837529221436,-0.0845866193526412,0.829564488667619
8.5475748520364,8.72219436633244,8.3324920738771,7.63528318781002,6.99190382550783,6.54257223416304,6.34230613376761,6.20582210777864,6.17517798621087,6.3042600168634,6.74933435944306,7.6754184350645
1.29522178589344,1.78404924870661,0.979799921604626,-0.153934649393975,-1.03462183952479,-1.49868098987192,-1.65508094497698,-1.69055488302632,-1.70656509091311,-1.69470294568108,-1.41560062584032,-0.303880036024519
16.9367452519274,15.738670196855,15.1458911432154,15.3732445532136,16.7635960190317,19.0113931694751,22.4656718493723,25.1387423231047,25.4155949138328,23.6802125626826,21.2522615137186,18.9388740993424
4.99980251113705,5.22732748829163,4.7610520299904,3.98978810350617,3.30658947387486,2.86157847496782,2.57505920022969,2.35665903633282,2.25634400734737,2.39296967367752,2.89080893436355,3.86420314872709
22.5981690123529,23.573561444368,22.9075371533323,21.7227246730066,20.1074011895033,18.5535618936101,17.5228147194048,16.9842235698138,16.881803437674,17.3505213215309,18.5662926210255,20.6387650766549
24.7524452918977,26.0219949690669,27.1490185097293,27.2478445480351,26.4583891591277,25.4183815490048,24.4828508561301,23.5394817795008,23.2078994359063,23.3027840792465,23.5026382400931,23.8376386665476
5.11267023319084,5.49227005518486,5.12763065853923,4.1887748011494,3.17607387545423,2.41289013953898,1.92559550029309,1.62470675551512,1.55248307972513,1.88697194425434,2.61361296905925,3.82642610321955
14.8894954109047,14.0802959965974,13.6652510899187,13.7160062716248,14.476236126066,16.271720908744,19.228607145401,21.3206211655009,20.7917164318573,19.0480950050236,17.3508450921293,16.0171006356967
6.48486627663212,5.65873098707267,5.37686917867843,5.80894303060189,7.0598432717579,8.9812534351456,11.244668199906,12.756476120091,12.2506553807394,10.6292179661605,9.0329774894316,7.58670330700305
20.3843641203268,20.8185107537889,20.3916245049496,19.5065244640437,18.1859168750867,16.727612077654,15.5140944681128,14.7027775131877,14.47375671059,15.028194541283,16.6087217366689,18.4820964740939
27.9957049866668,28.3529480799536,28.7080326010247,28.8086053368189,28.5165305411882,27.8741403672512,27.1872849928605,26.6800330678581,26.6034916941795,26.8932988301648,27.2907641635838,27.6548344082074
28.5037092413486,28.7330146564086,29.551101726762,30.2135565006797,29.7619398069213,28.5873475426494,28.0331813101801,28.3253401592224,28.4845967819396,28.5443580371103,28.3216130178542,28.2689935278765
-0.314685180424955,-0.740595630899417,-1.03042636863365,-1.14599299909122,-0.544654284318726,1.65841185515122,5.06723862252015,7.28841386025414,6.7269243892586,4.62223909120545,2.08665798575391,0.65344331095191
1.78227246226118,2.16048629000427,1.82425832504241,1.15468572864069,0.417196455256971,-0.186308768205782,-0.665750158304438,-1.00665662440811,-1.18489796767694,-1.21146000730696,-0.686464520849332,0.506102260824536
8.61806831817476,9.29047196989424,9.28050284388272,8.88384205619577,8.26134154598768,7.51392618889514,6.8207477121458,6.33645354957079,6.1199906710613,6.17674171625331,6.71133398047536,7.74251896937731
10.8654321522636,10.6387859524396,10.5258895584471,10.6882825577016,11.392037788918,12.7823424051678,14.2934906580917,15.1159632648288,14.6411910887755,13.4197216814548,12.1928784742057,11.3220573716232
15.363371787484,14.3266435704025,13.9669544065579,14.314127792146,15.7267970629563,18.3633279585201,21.0308158919522,22.9040737802041,23.1275180497368,21.6292304861168,19.2650162209923,17.0260254560402
18.7688517991464,17.6183313698614,17.0772196404007,17.4398319119377,19.1381668841908,21.7127366213272,25.0586263406481,27.3481977625541,27.4361300239371,25.4454117915905,23.0737249661646,20.772633151207
20.4395368519872,21.6529801635594,21.5370193366241,20.4256420724204,18.9091779746262,17.4421920361801,16.4007607908086,15.7642654401809,15.5350952286372,15.8718248495419,16.9544686873477,18.5547922637717
0.654909246063134,1.00465763992441,0.371752932253167,-0.531275635455094,-1.14183555040534,-1.41278748407835,-1.5065933562759,-1.52435559163093,-1.55247243265014,-1.57950865062106,-1.44128373886444,-0.541899661486278
1.35249978537213,1.79173597162603,1.69778753416376,1.24519432805113,0.67584846773574,0.0496314121912738,-0.476795943063636,-0.884212068659136,-1.07983433285527,-1.0041713798769,-0.481725888986652,0.400534459563534
3.64497007708815,4.0541129117362,3.96312210014973,3.41999728494959,2.80035993016118,2.24047864616643,1.78281815883435,1.43020084987491,1.26940871489796,1.36314130063622,1.9166839531313,2.82971512022649
21.5166237844204,22.3734892168475,22.0227137402909,20.9943794150021,19.4559696101287,17.8624850918162,16.5619396979618,15.8683286621272,15.8076479644859,16.317631738749,17.6242790969549,19.6535009183671
1.37461255869196,1.64813569956986,1.08078678811725,0.155454942839344,-0.69472325868403,-1.14066431802709,-1.38636627725932,-1.50165581389272,-1.56157095828512,-1.61746998726253,-1.4828157025599,-0.302689561598316
24.8731538720759,25.3894206364554,25.1802923110091,23.6715965232622,21.766304428006,19.9911100752805,18.5851162014082,18.1064997357273,18.4581337770193,19.7383303960647,21.2654536184274,23.0530922156101
16.3803088322254,14.8814256423523,14.1971687239874,14.625582180227,16.415186382126,19.1239102644318,22.5892911310401,25.4872525583923,25.6797802625781,23.4238076312093,20.9591248030205,18.6158904698015
2.32467776605592,2.63416213016922,2.26847105344759,1.46952226324266,0.729022343434652,0.172667247267164,-0.253384171117535,-0.501046359848923,-0.632372540989538,-0.629417442855692,-0.283860826675474,0.848650467111532
0.836594839545112,1.25705980951374,0.675967001643256,-0.380808458388498,-1.2503959674952,-1.56078233438859,-1.62551412467583,-1.64238167852629,-1.65121929017025,-1.69497309384918,-1.64085258067776,-0.621822535189202
28.7621858790714,28.9750757338473,29.6971061847055,30.1935604450408,29.739543918245,29.3503218832607,29.1414227061756,28.969061618745,28.8796414098813,28.7921000872974,28.8091904381719,28.7749445619476
28.1989974550003,28.9148141706632,29.4510106123186,29.2981119699171,28.0684492395051,25.8828378059741,24.3566156246377,23.9236129237087,24.7544251938068,25.9501371478333,26.9376632713423,27.5375632854289
27.5052124914069,27.8978198392863,28.263610649068,28.4390795313335,28.0630429696601,27.3008384728541,26.5051206296696,26.289721107068,26.5793376324621,27.0251350422665,27.2186879820486,27.2619713702558
24.6623809555657,25.3964767110766,26.5455393158235,27.1610405793855,26.7331047447345,26.054579722364,25.0599713018678,24.2225733157233,23.9575863448447,24.1474620317492,24.1533638725052,24.2492290644151
8.04377119691105,8.32182575887772,7.96597753281562,7.32750632931325,6.71588219643303,6.28851193786714,6.1203115489805,6.04605616937651,5.98121728233311,6.00941277841977,6.35256539225138,7.19650953181604
16.1983564079554,14.9527767594649,14.5794028382209,15.4006320474228,17.6696801158077,20.5708954511901,23.6480783117294,26.2509502657924,26.002271485253,23.3046682871556,20.9205585086202,18.4809102436686
-1.41214256008961,-1.06192930839829,-1.43761899299077,-1.80090954535525,-1.87739603067295,-1.88650771546389,-1.87250206608308,-1.83307052659757,-1.80259208747287,-1.80607984028333,-1.79416344153202,-1.6801849701631
17.0742507130415,16.2358062331376,16.1157536687465,16.8789773156037,18.2978480308509,20.6696665505287,24.0235494893303,25.7249785839441,25.6317554123372,23.5111723245206,21.0271605712478,18.9896342269277
13.6754782226156,14.1333909154411,13.9325442244296,13.0825656508319,11.9742328695595,10.9276128166569,10.0784454948904,9.58176839029838,9.43041817555453,9.70151913670649,10.706393196192,12.1335455351173
0.386587006986788,-0.824593660736469,-0.993333697656842,0.169047136612376,3.29319543804652,7.61587092747795,12.1480432887197,14.8377432232361,13.6276569490554,9.80129763984253,5.93221756964227,2.83374783333343
7.38845764938873,7.60981877398853,7.16609283626962,6.19942842661457,5.31481928551875,4.67133172895065,4.23332747463596,4.01469545495102,3.98701759707085,4.32148836792785,5.11182266384506,6.30462821740142
2.59489027392316,2.92523344778179,2.48929262334447,1.7101706621992,0.965205965082319,0.365670670490242,-0.134849179904836,-0.607475881569875,-0.859236459605542,-0.820577696684303,-0.140132635534075,1.17175869280117
28.2180102544606,28.5325109118921,29.552886592973,30.4156616365427,29.8560153259735,28.7651532693607,28.1872724106287,28.0789379288559,28.2579113803663,28.59522193853,28.9412008902183,28.6426195745479
3.47936619341198,3.83369658322171,3.55258595867865,2.70399371816278,1.97235000328221,1.53636131268337,1.19815673909542,0.933259254404826,0.749397237481431,0.689449923010393,1.12138899270825,2.14942232021772
24.0511434083423,25.0382966285586,25.9437327267723,26.3910842310475,25.8458348777418,25.0920966432934,24.1155219559891,23.2319363932549,23.1684660590251,23.4992791172703,23.3399984194806,23.5834077918264
19.9385196293264,20.8945727371139,20.6823801433567,19.6240663551968,18.2164845615476,16.8348517281535,15.8024390272648,15.2936489032481,15.2130874791608,15.5219406157842,16.4761284243609,18.1495050862097
21.9326544835032,22.728451672919,22.4241299698977,21.3396476550743,19.8939429473687,18.4468005943693,17.3910886420964,16.8117526541704,16.7769838208772,17.3810387345038,18.6429195173871,20.3622464986608
6.64244249044486,7.20519292026412,7.18657227378612,6.75273789681269,5.94002036875836,5.02667379177639,4.22205524118569,3.65575854349521,3.4445963671895,3.69429460074137,4.39668694070421,5.62931102117308
25.7070152912483,26.3717327542906,27.2406406908771,27.6831929238786,27.5032325740371,26.8134522750718,25.9559543178302,25.3284937442949,25.0266917750895,24.9616391495097,25.0777680151399,25.2364576143403
15.4561256935153,14.3476062587152,14.0594307223607,14.6110567273066,16.0586624507112,18.9058124127784,21.9451848051652,23.8282863094651,23.9787555136835,22.1241526433001,19.5719012279026,17.2514941167943
27.7656952654151,27.6237578142507,27.7723949978265,28.0746388134082,28.413105772652,28.6344508675213,28.6190783377104,28.4459245235117,28.529024930145,28.6091352430618,28.4200472705838,27.985218155854
23.6031296702774,24.1736419583237,23.8508434689804,22.716966215652,21.5375399772791,20.3801532003628,19.6598593627346,19.3208296697917,19.4645259935693,20.1061840126488,21.1614487598505,22.4925943039137
13.8328490370777,14.3339109946187,14.0775364054534,13.0698984063344,11.9683562340917,10.912049697333,9.9721424550196,9.33850950428961,9.15271442685825,9.48852577765929,10.6379956798788,12.2731803611829
-1.90940683421395,-1.92737469813299,-1.93753096100758,-1.93940689244063,-1.91702328424802,-1.81775637024191,-1.5274795034173,-1.13252302114117,-0.809116564565796,-1.40156000770971,-1.81167186502504,-1.88116646146022
17.5859127183994,17.7894464891144,17.6513083755781,16.5434465812755,15.3441593552679,14.2886929578705,13.3706240109824,12.8356029568867,12.8424773979022,13.6813412031599,14.9335083779479,16.3695238184616
28.4576707784624,28.6241097426827,29.3426737871572,30.2259220786063,30.1294994202827,29.5546981145643,29.1284316333797,29.0538260205825,29.2030664760954,28.9505461949309,28.6507611413542,28.4235680317059
28.1731350499061,28.0817940659078,28.7606039066749,29.9917900582387,30.8154431976737,30.9504178636185,30.43185503693,30.0115163600237,30.035998613433,30.0452781689151,29.8331602551134,29.0368108312228
7.75238833428114,7.26284350550468,6.97517814428843,7.10903530383031,8.16479949664101,10.0378354725283,12.6018536833681,14.8062234834964,14.780713278181,13.0216248473952,10.612335218582,8.79098879737931
28.8772184817565,28.8151630551125,29.0033980245813,28.8920671733931,28.2021493066802,27.4196532336983,26.9390414086258,26.9658132562469,27.420557921093,28.0239801529468,28.4004120368236,28.6840243498368
25.1635986249579,25.8975817792949,26.7665144358802,27.1327800981623,26.9458431080114,26.2628551879142,25.4469010265646,24.8320235442162,24.5099067170678,24.4104646192602,24.5474980443479,24.701454764395
27.2808859568553,27.3291406234502,27.8333504577208,28.5846195922925,29.0354242830361,28.8405195025305,28.3674186526776,28.0686199261532,27.802459400577,27.7442836269442,27.7391660878723,27.5033859075077
30.1467572139339,30.0856312166335,29.9110126276061,29.9500113276107,29.6481424297257,29.2203776116863,28.7092125790412,28.4653424244293,28.6643224779954,29.122873056343,29.7330114497018,30.206742682528
29.0201923116031,29.0744559862708,29.2996564492578,29.0054483483948,28.0602485356975,26.867138965411,26.0270170514126,25.7113061980631,25.8903859633774,26.6887826422704,27.7195256305224,28.5276487669136
29.0002466519243,28.971072379296,29.1285163745248,28.9129613389556,28.0729523958607,27.1689919203022,26.5141943943421,26.4288158721207,26.8339682653387,27.6782404018196,28.345162542628,28.7837959563781
29.1416128411591,29.0937850243222,29.3559914549171,29.653026481656,29.5932882413008,29.0371764961135,28.0354666582037,27.1959303063096,27.1103106702909,27.8772497478033,28.7697104237087,29.0758168154304
29.3395451846694,29.268712552889,29.4597718998321,29.5824527528901,29.5096164599818,29.0894530225031,28.6264546120426,28.3657432651653,28.3834256584863,28.6966753950452,29.0736120121632,29.2305683662091
29.0151109883252,28.9675923793176,29.2519620533445,29.1548823258145,28.2634467208364,27.0072343980317,25.9747289599219,25.6821167247304,25.888836971698,26.5470067551099,27.6045904595399,28.528368811733
16.974553720269,17.6346191911251,17.3434423313401,16.3893995378611,15.3889604350304,14.2964543879247,13.4024290194277,12.8237305290919,12.6721924827114,13.1064109002581,14.2694664195291,15.718637656117
28.2421998848454,28.0366031715941,28.2755526462907,28.9461961120114,29.5664800043459,29.8283100968343,29.5386870964847,29.2828966647416,29.5025837739715,29.6840256701262,29.5270644200791,28.9194613101354
26.9178479312525,27.0574815479331,27.6835876634543,28.8115089403236,29.5189186655842,29.2846351574591,28.7597340344512,28.7311043538797,28.6777995518788,28.1719326318043,27.6319220098409,27.0885245413477
27.81324505527,28.0521129328877,28.8636253198394,30.0251400958576,30.5413664169265,29.3534464277547,28.2644459448931,27.8025980805722,28.1246804830921,28.5531267379902,28.8162322199368,28.3167842628149
27.563130435811,27.976868413652,29.0643157601477,30.4013015672825,30.5934758238524,29.8905202349205,29.3081849401271,29.0797802428468,29.1761821273158,29.4195899007946,29.1224627851204,28.1643142455276
24.3430398929081,25.1679219768078,26.009088685513,26.2945620544063,26.0869490440403,25.3630789534533,24.5478623313696,23.9089355725095,23.5484125359975,23.4313729101206,23.5868426904137,23.7803734982998
27.6690117947786,27.4916653225211,27.858373906188,28.828320398706,29.7772819763196,30.3001550230599,30.0120814382047,29.7453491050792,29.788751816123,29.6462361813787,29.0879286103713,28.3817395370088
27.1922592875907,27.1195556834887,28.003837916579,29.4694215615903,30.5125973374449,29.314754179701,27.9425322468471,27.2832388396316,27.4706884334805,28.2883359469665,28.4480446575196,27.8600949349686
27.642137493718,27.9217154860825,28.2867480310885,28.4348927650478,28.2693751796764,27.8310654951198,27.3235152071953,26.9479311456397,26.8000970788583,26.9251776265518,27.2091315418426,27.4015363770183
26.167820505901,26.1458295393087,26.5045328238792,26.9637147888704,27.4058194211308,27.7520641361167,28.2286538373871,28.303407795683,28.195447331431,27.9496924943062,27.298766587322,26.5759342478563
27.6275680970544,27.7968899575139,28.5305130813854,29.6578583286903,30.3016404887759,29.7933791160851,29.3367706000121,29.4772538080458,29.3143298861304,28.7400881761076,28.4887760179883,27.9994708281018
28.5909012512908,28.9122999350686,29.0107130725066,28.8114560757855,28.3882612965086,28.086716329866,27.7635660125396,27.4805546142529,27.1454026014695,27.0242876506473,27.3703774231949,27.9173350120787
26.3789579101506,26.8261225850345,27.4447402132612,27.7646172491974,27.6605898596775,27.168387475523,26.5305643368688,25.997944554685,25.7434909079189,25.7572974892508,25.9460996357786,26.0895772330644
24.9783573112681,25.9989890269262,26.9952863391664,27.3254252983068,26.9866289616497,26.121877055133,25.2111466824943,24.5050147743794,24.0834929132073,23.9589205741326,24.0962768002326,24.3258302788137
-0.997370221304949,-0.472754144249544,-0.890109957788547,-1.43403792837188,-1.59421479080231,-1.63611697433223,-1.68578350743474,-1.70390371819412,-1.70571683989019,-1.74115224029487,-1.76902535913561,-1.66224263458404
18.8802265764458,18.229165615934,18.0181237673615,18.3819574981211,19.660109056709,21.6938409614961,24.5033401320287,26.2702084029808,25.7723790366141,23.8607464078725,21.8599185864086,20.1369235801738
11.6566046540137,10.8394527335715,10.5248057016198,10.7455132353284,11.7976858338947,14.0298004573509,17.7720263360739,20.9644175251239,20.8825859058723,18.0674910877715,15.2706331456211,13.1348774160623
18.1059088307923,19.1870425911041,19.1108340211146,18.049498313594,16.624563306983,15.3225313426781,14.4387708928354,13.9190153140368,13.6888729153429,13.9329600778682,14.830078950792,16.3790429410786
1.52103842846467,1.99736133438707,1.59344381806415,0.878594808832254,0.180532704220519,-0.403342916043683,-0.854904381214848,-1.17206851247335,-1.35680949022576,-1.42947553489689,-0.965335828697683,0.217144257330682
2.40061046843218,2.80042052571481,2.3297514694693,1.42009935822862,0.491454742597019,-0.22300892357915,-0.644761645248682,-0.876091668064795,-0.93427754819166,-0.822962963226044,-0.303934815324752,0.925161832451595
27.675757104435,27.8975574086328,28.176599948325,28.184290967815,27.9054003414221,27.3574427891255,26.784570172854,26.4381800386678,26.3791392447859,26.6616708610715,27.1197573525581,27.430725464847
25.4423734722971,25.3741220834656,25.6010092017214,26.0101454147187,26.7233403660598,27.371775736643,27.9707886521139,28.1617020396385,28.1032277066672,27.6367917034183,26.7889838369799,25.8796783039479
10.977136701557,10.2367845629848,9.95526874122671,10.1395997611479,11.2093209693696,13.3038504735756,16.9360738194005,20.2519920926362,19.8900888200099,16.9571166159528,14.3845747811219,12.365376818907
18.6217642111017,19.7070641940579,19.5346807191164,18.4301470373183,16.9476776533259,15.5783660515071,14.5854590224971,13.9818689385777,13.7661205294886,14.10019809104,15.1362185801977,16.8640828748487
18.5168428950234,19.5906722030179,18.8034743250713,17.6072672861723,16.1029830662589,14.6353135040058,13.5960354962245,12.9050731075584,12.7340664752361,13.0617558725198,14.306987638093,16.4946043773741
17.4956506965747,18.3090874309765,18.0907994658246,16.8587511559681,15.5903929884274,14.444684077401,13.4055857039284,12.7316333515263,12.4985614942889,12.8045622657734,13.9489108927011,15.8151666050187
23.0047904424057,22.4009227092043,22.3967625808635,22.7927296604294,23.7471024330861,25.042197997589,25.5617876657251,26.0819022334072,26.4343239373835,26.0703144321782,25.0687656899411,23.9509414432799
23.4038742686972,24.1076329834445,24.4587949298242,24.1864152286878,23.7050453252892,22.9762984815686,22.2350914966428,21.7627485166134,21.608018529718,21.6644604486336,22.0019941449824,22.5608132134949
24.6858320199242,24.3571881788897,24.4050889571902,24.5643605936715,25.0653934570538,25.5038759904859,25.9274294937361,26.4273815699493,26.7518943461658,26.6354688680534,26.0693860255046,25.221631064686
25.2079921577038,26.0671977524764,26.4242491076531,26.6376443080266,26.173736872924,25.5734226331773,24.4140998111473,23.7784751042032,23.6492602219031,24.0684647049553,24.0096520981981,24.3003113035328
24.5887756256575,24.3212391043108,24.3425172547639,24.4227596925133,24.8840422281112,25.539389055236,26.5987732898039,27.3986519129456,27.5458480035004,27.0681172572595,26.2400048019294,25.2171583258788
26.475263111375,26.8169615051627,27.0816616794242,26.896427305314,26.4608770958832,25.7505739433927,25.0821132616756,24.7214425519123,24.6912571077919,25.0460004523018,25.6254153181604,26.0547454629975
23.3381719951093,22.3961314897185,22.3815483703351,23.6335344557879,25.6803624734511,27.7859309612411,29.2678304300956,29.236181144734,28.9717544503293,28.3904854521167,26.9336689158213,25.0618468399498
15.963486713996,17.0398157115821,16.3488226272951,15.2960025348277,13.9082897071536,12.4040139485064,11.4159865381347,10.7484948867371,10.5654305961083,10.9659493963959,12.1824016105026,14.1145803297516
23.5131675940406,24.3592301994164,25.0657343815975,25.17614847149,24.8549267403008,24.1182798243865,23.3220865273839,22.7006734774892,22.3842332406353,22.3093390536856,22.5212434389663,22.8219485525224
26.3664810756548,26.2333143233633,26.3618123612387,26.6588820416696,27.2679501946702,27.7956752803,28.3894758512266,28.5694930954238,28.4437887418679,28.0956327574157,27.577809261401,26.8764046551088
29.2134963161427,29.4397623505496,29.4894419400441,29.0913083440909,28.2075711472504,27.3738680903999,26.7841273674351,26.4916408328148,26.6319292050678,27.0909658141162,27.9458869470921,28.7842230093818
23.1722816243219,23.883235633618,23.8063125558951,22.9412312912656,21.7095851976536,20.4717623869958,19.4200023280463,18.6890223794628,18.478494108819,18.8930415813939,20.022330519568,21.6391330276551
20.8148131583161,21.8804905952386,21.0811162553073,19.8308020014179,18.191379524674,16.5475054079291,15.4076145325664,14.7571937955814,14.599595864984,15.0542579548685,16.3906958434552,18.6389459214127
28.76104815916,28.6543481369774,28.8423075661517,29.2045667729049,29.3157791590707,29.0906839039787,28.7590853575564,28.5632954900946,28.5055884986705,28.6879260125804,28.8305620901752,28.7884786606091
23.6505969917482,22.8419014598551,22.8571017317173,23.3030047450943,23.9472160204096,24.6717502268397,25.5021907626516,26.6556612596026,27.3418767265022,27.22937353258,26.4044427972126,25.0502802765065
24.948148071253,24.4298420195507,25.089240056625,26.8705563094922,28.9207771867926,30.0566889585965,29.5823298575444,28.6231686183525,28.612484446666,28.8176600032031,27.9796227121498,26.3026500695548
27.1576223729659,27.4586071582811,27.8977656256275,28.6658903670649,29.110484228035,28.5181210780011,27.880109905768,27.5292616623006,27.3557627216132,27.262556405172,27.143748896454,27.1052320301165
14.1598515987054,14.6125273145832,14.345131307745,13.5028205924653,12.4281653154085,11.4625810668327,10.7723179792181,10.3869040333739,10.2986514642214,10.5459732212144,11.3638869635831,12.688109061264
20.5912901941144,19.8920539755174,19.7015463432795,19.9387433089236,20.76277857344,22.0485677798298,23.0457662084082,24.0240006843159,24.7113101461961,24.469344394449,23.2523871213099,21.7527670389197
25.2800307540982,25.8113038084789,25.8728418445617,25.4158902417701,24.4256704338595,23.1982138017272,22.1202027730721,21.3985579959165,21.2427469459921,21.8952965702278,23.0979582477931,24.2924786826233
15.6781813490194,14.7488730784778,14.5824233066464,15.2740185375075,16.7490826190145,19.2665802626314,22.8758993148942,24.8856855484934,24.8178608449507,22.4379834534516,19.8366313337547,17.6453095069411
21.9280245994456,22.659637911152,23.0340896181901,22.7270191606709,22.1382550723623,21.1737356522248,20.2470156722651,19.5657361629697,19.1792298845833,19.2532608952352,19.9660777406884,20.9100123124488
28.5308491689561,28.8118099062723,28.9863434196826,28.5827931291146,27.6965613716651,26.4137242231888,25.3198010744768,24.7346667784044,24.7159488579441,25.3712666066997,26.4769990822363,27.6643214102295
29.3635625852574,29.6952120974766,30.0551466652518,30.2856143671263,30.3424210627356,30.144233273639,29.7049390060506,29.4578142951991,29.3885363094785,29.2286863649922,29.1201256101428,29.1625176052478
25.5917729134796,26.0630661685256,26.3459225272458,26.0427112986419,25.4714116782737,24.7096796442531,23.9955830626704,23.6219299155919,23.589057417437,23.894458637951,24.4529972516735,24.9860246809364
27.3128026480115,28.101884668732,29.0892048849194,30.1809702797746,30.3306342275221,29.0991706146069,27.8812213024482,27.1899291332158,27.4311501465974,28.2330519349487,28.6330998891878,28.0079193164799
28.2299873677557,28.5039966459601,28.6262190815604,28.312785676295,27.4023876784934,26.4456531180806,25.7453625505493,25.3784981239572,25.4474594531521,25.9313124124123,26.8058745073343,27.644531031793
24.729887885636,25.2369003051841,25.5745078783354,25.3676323572949,24.9661462069447,24.2765855103647,23.6091412452845,23.1958154770125,23.1334864046994,23.3366140765923,23.7398792337331,24.1618134034232
27.20420023819,27.6076974634299,27.4690575524865,26.829502920067,25.7422527980302,24.3814597443621,23.1795718806095,22.4874506334362,22.4132891555361,23.0137952360409,24.3696732673292,25.9414593192716
21.7406070841682,21.3959459562829,21.3162968830899,21.328470775121,21.7345563489185,22.2564572104383,22.8783811167769,23.5858305108835,23.9915076573086,23.8364378910062,23.2194331030693,22.3365001900642
24.8755354535606,25.6124894004993,25.6159611771415,24.5627592235702,23.0575814165967,21.9189404745009,20.9545118755973,20.394452837824,20.2526875916308,20.6925484487941,21.7627979756715,23.3374771863404
28.2084002976652,28.0086877013092,28.0164040552433,28.0450887744952,28.1803312013385,28.3713410314709,28.6121758677189,28.956532358899,29.2529165428715,29.3009291172672,29.0879589987141,28.5375317865794
17.8270565680724,18.9677228385988,18.1224753454793,16.9760453325046,15.4782022043242,13.8764452667153,12.7850317563582,12.1138967025592,11.9196330263428,12.3751687227396,13.6677213011922,15.8211594535471
19.3886078681322,20.3278142637744,19.9138432808141,18.5397021507709,17.0284090824748,15.7501335973903,14.6651536878232,13.942854077658,13.7050889890794,14.0670292908921,15.373058003596,17.4804783133154
21.6481742217819,22.4871609254439,22.2978062192638,21.1788514076925,19.7559420778155,18.3486105391065,17.2682453972419,16.7609766500618,16.7458136997553,17.2045793476239,18.3227761776589,20.0172674179327
20.9867599044394,20.1302793636552,20.1609799967451,21.0564556923392,22.3163266102016,24.5360265521976,25.9070704704445,26.6610755794734,26.9871492200949,25.9108057714066,24.1770229431945,22.6234284933994
28.5981433052421,28.6521013399431,28.9558096212432,29.1180127453572,29.0298614072727,28.6340319428053,28.1505364397739,27.8355707943533,27.7555398081407,27.9608911882455,28.2946644776921,28.4412223536531
20.090480703074,19.1012098326807,18.9883649481956,19.5879696080718,20.9062481619821,23.1118412378069,24.4883790346562,25.3526708184997,25.7477983285924,24.8764773769584,23.2812552108606,21.5795334985257
24.4425551101893,23.7533238885859,23.6846363211342,23.9882275259688,24.617612548734,25.2507174989496,25.7123279105963,26.3236094409895,26.8936156680824,27.1083754293337,26.5351745328181,25.4970038418444
21.6918895739674,22.5503081595753,22.2374961034628,21.2025603205197,19.7537274292574,18.3800959902807,17.3262564992713,16.611666578009,16.376019150398,16.7390261361755,18.0181116976472,20.0354252483129
4.38144111542411,3.69091021402841,3.45033820505244,3.6603117847473,4.71434135528681,6.68098395836435,9.14734313412769,11.6168555715679,11.6030966856097,9.51787185466741,7.3380830635784,5.51708447678898
6.55135409116675,5.33691881679029,4.8263442060672,5.03419518487145,6.35926569457469,8.87836619966509,12.2491940914427,15.5154487767706,16.108453271426,13.8017032719193,11.1373027015089,8.49783532243046
27.2127727937799,26.9448020913388,27.5762773880935,28.9338284881078,30.2894809372121,30.3337074026049,29.1641968088071,28.4673948169315,28.6952320887416,29.4598658059051,29.0495595649502,28.0292846168103
26.1481905013397,25.8990768121754,26.0650030134717,26.2220360174538,26.5055181887878,26.7848243336775,27.2329884730789,27.6983608158784,28.005254682737,27.8429179106991,27.3302978831992,26.5863323379863
24.99703913066,24.811580747042,25.4164960577055,26.9308223535334,28.627971817561,29.7143371282486,30.1184061423645,29.9777087716923,29.6298994752341,28.6383346795919,27.3565918789735,25.9694680676927
25.9555221492025,26.4986850081902,26.6764152554892,26.195519183349,25.2361036533831,24.3208538883109,23.5406007902163,23.1643349246487,23.1211141479307,23.4498004200493,24.2412741104649,25.0482224869163
26.8769182164157,27.2475014678885,27.4665159186378,27.1743515571725,26.4099761049272,25.580807493388,24.8160646594668,24.4116204601644,24.359335542248,24.7247478699269,25.5750352523965,26.2405292854941
26.9017870991774,27.6313483236253,28.2297680037062,28.3859570167775,28.0156226087422,27.2851852604206,26.4925245503392,25.7078558145329,25.2793707540768,25.4446588790263,25.8189959769121,26.3031761747332
26.9760440918953,27.4656973240339,28.6542176783721,30.0075475198061,30.1087431980007,28.6601309219289,27.2939466284975,27.0134546250715,27.265650730196,28.0217856497383,28.4498211490928,27.8268158633942
22.5576355166991,21.7866808139438,21.5741468115328,22.2285183496223,24.0390464794981,26.4524011407846,28.3124804454835,29.0398769254267,28.6124716386467,27.4301193269312,25.5182756584293,23.8756308165687
23.7520557531873,23.1137770860409,23.0059300349942,23.6983009312525,25.3074520490026,27.4804217763163,29.0022081375262,29.6019975534221,29.2164354921769,28.1944003380151,26.4298214763489,24.9169515021557
24.0816435309676,24.6649253117963,24.9724787379001,24.5797165296444,23.9983358178245,23.2519647585446,22.5204643806251,22.1045517088961,22.0201202974862,22.1809852630188,22.5773753108642,23.2202292388301
13.2913036353584,14.0099296273502,13.8499013257299,12.8069196038444,11.6324067458216,10.5852821113558,9.74727041676649,9.28399392174371,9.20258783078529,9.68789983320402,10.6589311612055,11.9777505472909
9.38650636800253,9.62709458413119,9.25858233356556,8.55089805676676,7.83782045045071,7.31657400116382,6.97620335741986,6.74213065639125,6.7022498769185,6.86502483716845,7.53269503420769,8.49125079026165
26.9969351826149,26.6558361194075,26.9361137304315,27.9248569180942,29.1078705550598,29.883304019819,29.7816299092753,29.5986171443594,29.5681422588263,29.3355148925839,28.7548442387848,27.9596447437395
-1.94658572593802,-1.95036862371691,-1.95136955949161,-1.95206177757292,-1.93815958500296,-1.84088636559104,-1.68993344761816,-1.6169663527289,-1.68947176608904,-1.86318774037657,-1.93143372134632,-1.94317905956492
23.1202454900472,22.592475294523,22.5577105298008,22.8356637959708,23.6318430262357,24.6135519989869,25.0909257968305,25.5897797188337,25.9204399779908,25.7079450745715,24.8861141970256,23.8721721940746
13.2995713101254,14.3162043405033,14.2361643766095,13.2660767077353,11.938847317471,10.7529942933989,9.80555171373828,9.22548251805544,8.95650974528284,9.32318855158814,10.25133349209,11.7842469729721
9.12569216812526,9.30823442850695,9.09064074101424,8.46616802645301,7.82754293514309,7.40126875297383,7.12214112615387,6.89065898907294,6.78288093121766,6.85289401649086,7.40012661838286,8.25173831750572
27.6011273568119,27.3709267745677,27.6052879013772,28.2450417556427,28.5803501529462,28.5223196753457,28.4529612051551,28.1601322384498,27.962609350771,27.8640588368137,27.9011779137745,27.7199909295739
28.9426575552051,29.10961301697,29.4866087390431,29.7448399523436,29.7565986913288,29.8358999470892,29.4649199726558,29.1110502202524,28.9629310632681,28.8843075403601,28.7490760592638,28.7303591113578
26.8114588115331,27.1337331688106,27.5104547821687,27.5687587544607,27.3419103363686,26.7809561715819,26.194459363407,25.8139194061363,25.6922461571804,25.9065829745217,26.257041744671,26.514563721493
21.8277717545533,22.5028778665585,22.801069431131,22.4031846395715,21.5629976957662,20.4497044975824,19.5548371495685,18.9610203735528,18.6688441713216,18.8746354095518,19.7245683039162,20.7776704247263
27.724995924721,28.2762682520284,28.2854706221964,27.5648348678042,26.204014948204,25.0731097499364,24.1952360687735,23.7124517982146,23.8243330823337,24.3993841573028,25.5498241337594,26.8167357763802
29.0347808315264,29.025265474604,29.2411497206698,29.1336885817457,28.7279650245951,28.0378594187675,27.3945579290183,27.014569727715,26.9848330253649,27.4425015263084,28.2556915773105,28.7416924482921
29.0791569022339,29.0744064766794,29.1891032146213,29.2792732426632,29.3985195195852,29.4883289196259,29.5182669491685,29.5741915203975,29.7522519461684,29.809683479594,29.7515385808041,29.3506253801247
23.2213431287426,22.5008180749641,22.3690997386162,22.7106665104491,23.4623928978487,24.5399756395489,25.1561154986599,25.7546370497987,26.3802213996824,26.4572791226272,25.5960547171598,24.3534472427801
28.2245021960607,28.7177098310994,28.861186552027,28.6179266314864,28.2568265285672,27.8763277322849,27.3662343053756,26.9193730744058,26.5305166475416,26.4527441095077,26.8479966569255,27.4682610190057
29.7891687140773,29.650831257595,29.6988771334285,29.8404851858022,29.8287378657027,29.4538345026854,29.116811276399,28.9735730307335,29.0935541999678,29.4363450887285,29.8227192905328,29.8980886057653
6.23567807576063,6.41489190562029,6.22927708940436,5.52312300982281,4.7832748434102,4.40650432687872,4.12865189359301,3.87927652621647,3.82690421735396,3.90619022064231,4.44691409783568,5.30148757388868
24.0024313093006,24.5565752012367,24.7058777083221,24.0597413225899,23.161091773289,22.2653921871959,21.4571546617766,21.035076089326,20.978980687987,21.1753943707786,21.7458289500531,22.7660623846963
20.6830361923803,21.3326303996142,21.4172011396106,20.7468896172097,19.8140206518781,18.9473694090468,18.0409661161056,17.4033876252425,17.2178774366737,17.4487781389193,18.1622546359967,19.3342143091478
27.1646750562732,27.516780856348,27.5319898880532,27.2079613175107,26.4401271962255,25.4102465336607,24.6137711611869,24.2839459872309,24.5014515054292,25.2199269637912,26.0607922525803,26.6744909173531
21.1675787610565,20.684917486187,20.6488789463438,20.8494409729168,21.5320282999821,22.2537945412973,23.7015123058171,25.0262098643002,25.3025464022596,24.6179645990744,23.5180836449335,22.1117218114494
-1.95311215392304,-1.95541394199032,-1.95495966458789,-1.95301044627483,-1.93564952982439,-1.85695398144198,-1.77738979946495,-1.79505708979944,-1.89845842483684,-1.9391687420443,-1.94784641929393,-1.95134216361321
6.0929960378558,6.35832536270672,6.26409287396269,5.89631642511575,5.39546633153672,4.86538300435553,4.42262215298982,4.07902287566356,3.88919884789295,4.01772708685359,4.50634413244743,5.28566757726184
26.9076047740027,27.4064740877106,27.3837632071047,26.7820709064689,25.7329384868783,24.4216719991583,23.286527580804,22.5729945125239,22.4306916136171,22.9629089309016,24.2033087472924,25.6644984390468
28.3757698751982,28.1619362721068,28.3318977644116,28.8038718722102,29.3091075896411,29.5848494222689,29.5955915572964,29.5834501342346,29.6380448456594,29.7179373860126,29.4525059898973,28.8782432093192
29.7460385313854,29.7498716255412,29.7610884255294,29.6648707258751,29.3942685331189,28.8362328883431,28.3995641718972,28.2063477049782,28.3212892548383,28.7069255735266,29.295595952413,29.7021451834345
27.1665171005608,26.8540743842818,27.2111443919338,28.1870453204501,29.2990368500627,29.9636132546588,29.7850246759626,29.5845604743802,29.5899228497763,29.3670004983993,28.8222623007871,28.0470686155352
28.4776035595621,28.6745722476387,29.458943166199,30.346877545557,29.8772868132091,29.1157230695448,28.5933835896117,28.3489600245619,28.4054216764218,28.6880276363629,28.9166429404884,28.6997199705068
28.7161873995034,28.8163907179235,29.0233948582854,28.8055269252896,28.1074517710383,27.2860890326607,26.6430593823484,26.2749531379887,26.3031766476964,26.8032710364646,27.5925337928771,28.2626603122331
29.8906789617821,29.9960929837725,29.7739175292723,29.5876609102814,29.0169456272108,28.4317711406368,27.8966490479542,27.6911047754371,27.918855708384,28.4089155707032,29.0852616878349,29.7322058660986
16.8686193276437,17.9260090699211,17.8818612302605,17.1291187124607,16.1798688345085,15.3252074997108,14.7269000080347,14.3695948909887,14.2078518976465,14.2544819116177,14.6547113210485,15.6021174350433
12.8005009144381,11.5703651385931,10.9554715576325,11.0561214901052,12.1862333334228,14.3750742856689,17.6559869122759,20.0799572842254,19.6117279432631,17.843344900822,16.0387859276523,14.4854309638804
27.1163804938312,27.1757547256792,27.4026986199056,27.9496895533012,28.2376377604768,28.2101355098033,27.9792938193997,27.6681327299669,27.5901436691217,27.5707992818314,27.4336507831649,27.2617554653658
28.4167574770488,28.626186323844,28.6235443032816,28.2478336153624,27.4407344722433,26.5430391895621,25.8262130431027,25.533974634731,25.9445495252827,26.8624901541676,27.6084274059982,28.0288221723833
27.6099594306305,27.9784153177118,27.6359524337534,27.0258762599837,25.9377382509011,24.6247878500823,23.4153218171648,22.7801680368434,22.7815890531801,23.4418612004288,24.825070085968,26.429076068055
4.90850950744876,4.41439777064569,4.16909393780984,4.36963715762599,5.67959515410288,7.6727888886429,10.2860668539371,12.3647670856535,12.0680861370971,9.99115848662226,7.57557587661453,5.85246558295325
28.8246723956392,28.8028866978489,29.0946593183122,29.3446260840961,29.5477830855842,29.5620017574838,29.5591066161388,29.5750909091001,29.75487794885,29.822368854749,29.6838703410227,29.2009525885563
24.1391871827445,23.398181060662,23.2965125868863,23.5767165113573,24.1626859944158,24.747551091139,25.3035652522255,26.0834355909528,26.7392629471674,26.9439032820693,26.3737648232105,25.2882209422132
8.83518841833306,9.0482534782333,8.89836802737185,8.17771364961117,7.44809912025342,6.97632234773245,6.61378753932293,6.35520041301896,6.24617919857961,6.28558218522725,6.81047147926771,7.78873195985544
20.2921520054288,21.041569139722,20.8113772557457,19.8478163029552,18.5462830441336,17.2573133162277,16.2050122842254,15.474997310138,15.2033367993497,15.5885130660407,16.7835909230091,18.7314679533927
9.49789387302561,10.2981671995012,10.2871194537259,9.51995965451049,8.33035022705744,7.18006211220371,6.2389460069914,5.66338426539732,5.45153855207483,5.86521925244312,6.84288250384446,8.32874727672765
28.7203747191898,28.9572412770684,29.7468241638521,30.5262185473118,30.3284127774901,29.5500876765964,29.0889312847568,28.9850504539919,29.0095700074446,28.9282698940787,29.0251257730213,28.8365780329751
1.47216219941452,1.92207670753113,1.58741862176649,0.850249296517039,-0.070042047974357,-0.77926321843823,-1.21969064574849,-1.4510666749954,-1.56872038851499,-1.48157502808781,-1.01367818507083,0.0949240498190902
20.1361156559949,20.8052805747854,20.5935691710235,19.1001785804822,17.2892925055365,15.7022289031264,14.5076980217598,14.0375208608832,13.9799829008735,14.7581138732584,16.2035636668517,18.1832322593505
30.0437834603748,29.9831227860678,29.8513153810881,29.9558376759754,29.7466430957846,29.3330599330686,28.9022608689657,28.7592226883869,28.9377650422766,29.2935388028235,29.7867877636717,30.1844681286089
19.1425638289988,18.702171192523,18.6255686073743,18.7859278797965,19.4334605228771,20.1870484443855,21.3264178378925,22.2627272022767,22.5274561001208,22.0822499007048,21.1807149006574,19.9751241439769
27.1985132821928,26.9127802246325,27.3091677802732,28.3936204397801,29.5056687643522,30.120183111028,29.8839394808921,29.6364525961345,29.6238238362565,29.3686289982098,28.7807056493112,28.0183716745407
24.5334133614867,23.7576149517053,23.681221264383,24.0805322308918,24.6971451093848,25.3769228751853,26.2478497193048,27.1967050022361,27.6248937372024,27.5215587945423,26.8796706081692,25.7714044104315
14.9355820584588,16.0389208648383,15.945206621129,14.7521406767067,13.1496821629543,11.7260388959974,10.5984039225887,9.9620003651463,9.74431416508839,10.218697731705,11.2726764582125,13.0882230659416
10.8838593280156,11.4768595978345,11.3921440961402,10.5622662398435,9.71211765789691,8.97458817506886,8.42653668852085,8.10897913250908,7.96745528926139,8.25195559005053,8.93766234945887,9.82053582536494
23.3890835468329,23.0264665453446,22.9153557376427,22.8838157871245,23.2680955287598,23.922581194681,25.0254477625139,26.0370400970835,26.3230438642698,25.9404090290586,25.1364790461663,24.0824763940612
20.9412732530098,21.7061769254866,21.4411217534645,20.4561374920743,19.0809575140811,17.7236927683839,16.6248056520898,15.8719439435597,15.6254168098058,16.0265512826482,17.303588427108,19.359955397705
29.2283287888296,29.1381512115804,29.1567740257918,29.1972747959924,29.3995657874318,29.5637173518158,29.6120922856638,29.5390797440889,29.6404452032885,29.6164921821967,29.6076927163085,29.3819279595065
15.9467304544746,16.7523902706504,16.4340776015711,15.4170608832594,14.1720931659628,12.9403938203361,11.8747461834898,11.1670222069506,10.9565116986744,11.3572348091279,12.5149265889567,14.24814877969
28.9101768770606,28.8922356505022,29.1429338107046,29.4487717227993,29.4412380286732,29.3420723520811,28.9939289085321,28.6147224277521,28.344539522505,28.3666605533785,28.6474180215,28.7533374948657
14.2473273487848,15.1553849400384,14.5845740470927,13.6202600557202,12.4351820531544,11.2338352981787,10.4108182646803,9.8101016295671,9.65911847342854,9.89870530551213,10.9226524062379,12.6715629179656
27.4319467956785,27.0689952398074,27.0325756203827,27.569060133812,28.312199886992,29.1023230465315,29.4014696326504,29.4976837962301,29.4561475375712,29.1525994047511,28.5988600163467,28.0178575912567
16.8778991447081,17.8982058817334,17.5600276653377,16.4408389863768,15.0973417287905,13.6651705398379,12.5744760863827,11.8603652269571,11.6668041404962,12.0808629002917,13.2287738918785,15.0108324468383
5.78909814581905,6.04346409944014,5.94719798036751,5.53916080013431,5.03726079503657,4.52049030703317,4.10016383206413,3.79971042336035,3.64653908320426,3.80074187038234,4.28794421339432,5.01367154775156
28.4642817152119,28.396111006234,28.6516019324447,29.0483013529199,29.1583945745102,28.9466555701203,28.6292673036293,28.3354545204168,28.2598245056495,28.4258952135213,28.5360224521799,28.4895572314509
25.2295156837801,24.7442791996539,24.7336754099159,25.2426435784656,26.3513650484894,27.8436409247964,28.695226277517,29.0588331933462,28.9800580184437,28.5669112553598,27.4086452269961,26.1548958647324
28.9714415822941,29.0107428642612,29.2044587237464,29.261523374331,29.1688486993153,28.8593717300028,28.0969956623236,27.3126837331601,26.902060218877,27.2254137349542,28.0277237654618,28.5644994113343
29.012931041284,29.038934573873,29.2517138142405,29.0904203181929,28.5698379182854,27.7836084401197,27.1239591560663,26.7617625118678,26.7687771251784,27.239588334516,28.0711171650709,28.6831646670847
18.6150800323146,19.6550583551603,19.0673128138789,17.9156553051432,16.3150220278291,14.7842367553896,13.6385823228184,13.03735137472,12.9697101489351,13.3904157292829,14.6098478392723,16.6448294927925
26.2954307192432,25.9769888379632,26.022458613508,26.2785676733809,26.878724793398,27.8273918321301,28.2252264956396,28.5496787430163,28.7328318944863,28.4675345774512,27.6787896674278,26.9636518399422
5.2781758301572,4.24367729944701,3.79281794973032,3.94692522850259,5.15842908575672,7.43207558946371,10.4891255963864,13.5434049206511,14.0784948358725,11.9212586676343,9.34929463956591,6.92356005263317
28.0562206102742,27.8761668415445,27.9368401531613,28.2112439879004,28.5237247935991,28.8021718536753,28.8896562638136,28.7710070731467,28.8022798131877,28.8314870528268,28.7176586080669,28.271741231617
27.2567265803271,27.8535806787628,27.7546603648528,26.9254477173367,25.5711156948341,24.3266611639717,23.3335643970511,22.7925980188565,22.9722025279368,23.7749247438201,24.9134114297904,26.2810990311426
22.0216241360461,23.0128959028976,23.2968206953516,22.6960723335953,21.534442619704,20.1682475673385,18.9714135038704,18.0738023900134,17.760958992694,18.0785515540412,19.0579689152639,20.5344317010256
27.1255007984991,26.9954676751615,27.1268664394158,27.3728577095314,27.7639217137851,28.0353069662406,28.3082478637964,28.4202090951278,28.5061600044849,28.5064449143811,28.1625737843535,27.542402333785
12.6405939502523,11.2834893878871,10.6872313727783,10.9792974822561,12.469990111353,15.004644437616,18.5604441572497,21.7853563339068,22.2887866586657,20.0276181851594,17.442820994111,14.8750280788438
11.5696321118603,11.8267944488869,11.6884593575734,10.9289180699008,10.1088561484392,9.42330463105069,8.89747448133521,8.56326251940712,8.42414439217023,8.5607151990928,9.25645293863428,10.3796669216434
27.3021452142164,28.0158454870978,28.7843032513438,29.4400226916813,29.385630149661,28.7211958226398,28.1504724885845,27.9084524051868,27.7439144685898,27.5126112117513,27.2432501170318,26.989007267232
29.4751286873467,29.3477421147263,29.4789091591267,29.6406587740931,29.6099114106152,29.1942083646897,28.7780038291628,28.5518564708612,28.5928522119777,28.9237095560086,29.2952966913152,29.4288162943744
1.24392093799943,1.73163410688246,1.17523248525411,0.186522323807115,-0.68754147254376,-1.26957903367324,-1.51022465129104,-1.5778480445405,-1.6137794015467,-1.64902490320317,-1.34639864079787,-0.0981591806118787
9.34651454095385,10.4481456046568,10.4852528011368,9.76534986499471,8.60014167690353,7.36539416467608,6.47206954436892,6.02355441041214,5.86610375539736,6.03562924701668,6.72144025188971,7.95718587577721
23.6078199153472,22.7804365600344,22.9080832510294,24.3211512538576,26.4176104128409,28.3044464648303,29.6785960766519,29.5707895220531,29.2905700850821,28.413796838152,26.9072105544019,25.1252154370717
9.13340833266181,8.85845922149486,8.67277247061628,8.74962707252022,9.33421423304844,10.5632345079243,12.0457652394723,12.7513572239617,12.1141268538166,10.9069952587667,9.93528060633282,9.45562775801838
3.47303780057463,4.13329627368762,3.92187880822354,3.12489811852978,2.15224698576027,1.27904396359277,0.585170002444144,0.149340219461612,-0.0307196529576827,0.154115268793964,0.911953873963153,2.19815964763721
27.0310510065032,26.620573449086,26.6806114683849,27.3507816722349,28.1904162722037,28.7348156288958,28.7658430274843,29.0861268300914,29.4209232270886,29.2677809697381,28.6670418965855,27.7528685402213
-1.94297008519039,-1.94654175554914,-1.94947162342292,-1.94971871142394,-1.93802222874142,-1.85752672345866,-1.70682756157038,-1.68235111253048,-1.86127774816439,-1.92522337152004,-1.93652569594255,-1.94054091450367
26.2807641602081,26.8378720586943,27.0659314560391,26.2899978573909,24.9658635335472,23.8876886800554,22.9676420404354,22.4488166925803,22.3754540651216,22.8594221955398,23.8634334567643,25.1432558653521
5.67018402761895,6.04377578167482,5.91981669652754,5.48249697705048,4.7946326336022,4.06316305090068,3.44315297012312,2.96815158974338,2.72761217539584,2.92938841367705,3.62985383253559,4.81504711082516
15.6288640797368,14.976222358752,14.8053941294384,15.2541299578055,16.3334517172864,18.366041389226,20.2783822844494,21.6556011695653,21.5535569817247,20.2237121170051,18.3722928408511,16.7365741282111
28.716999144159,29.001700613386,29.70310407579,30.4537694707316,30.3008678318622,29.8432443382139,29.4763250517508,29.2596876942856,29.2325459837689,29.1972255497562,29.1061758225686,28.8801639767787
14.651094416828,15.5821040078908,15.3749811635982,14.3403831016409,13.1295986165472,11.8743639981467,10.8639536592567,10.2152817235838,10.0275331695483,10.4332725759198,11.4723451628255,13.0459501034918
5.43613658963244,6.13045872241217,6.07676566603903,5.37526813972596,4.29509681881488,3.30072679242555,2.51693938828352,2.04304649844981,1.89682708952461,2.21624553057906,3.0783484002704,4.36982371360879
28.0944693433098,28.3407654431547,29.3435669652882,30.633164905827,30.4202756893631,29.4931716686802,28.9721447675183,28.6875995210131,28.7448692598426,29.111554098418,29.0479609753226,28.5487263096281
26.7853390432323,27.5399192329612,27.603537503302,26.8881133416367,25.5371072339736,24.3697797996858,23.5199184074681,23.031780117429,23.0549549596815,23.6854242561373,24.7877893897675,26.0776393353717
25.7206801397003,26.297810192259,26.4591281490228,25.5755492343738,24.1367902377706,23.0042906140138,22.0450495511198,21.4957929489191,21.388426080654,21.9088634853615,22.9569286140478,24.3828094865586
17.2001325489487,17.8278081075215,17.7525259710719,16.8658490969999,15.7332517884014,14.7041319434746,13.8463787051217,13.2731310005479,13.0056347867495,13.2884790893379,14.446838973048,15.8765864540486
1.31961115974194,1.70741258898553,1.15696849781524,0.152034203477744,-0.869365944942385,-1.42300753082501,-1.58899509755361,-1.62389512918013,-1.63984935282247,-1.68393747600079,-1.50955689253789,-0.153206679767449
6.65864506443586,6.10641287118853,5.85534226583522,5.97223006948823,7.06363055842179,8.86465883821652,11.5640041647627,14.0544349422372,13.9666288203249,11.8317067916982,9.34459105310795,7.63249884954525
12.9470606085668,13.3192832919971,13.13379423987,12.2402662189189,11.2104549035579,10.2659213604853,9.4701443468787,8.97170982277583,8.80931815417402,9.07297699720992,10.0814675674459,11.4972007116655
21.2664285354748,22.4591974340024,22.6032622156421,21.7669173934846,20.5090501526996,19.2895728973904,18.223506774553,17.5446915237005,17.36953450342,17.5975045447871,18.3597231807633,19.5914848820581
15.9279716776738,16.9160681017566,16.659334922729,15.8768464693733,14.9136179431963,14.0386408566879,13.3734762271251,12.894545610843,12.7297569672863,12.8301102855365,13.4287516880231,14.59219005939
0.620856177538476,1.07847278450026,0.825245485190833,0.190087214073382,-0.57992018027342,-1.23570168010033,-1.55431733794656,-1.67079012298073,-1.71557321166592,-1.73053735486146,-1.56895601041892,-0.624734554768874
24.0694243230624,24.5479228446173,24.555636186937,24.0989152798464,23.1381921922474,21.9730570060585,20.9892277614256,20.3457220795289,20.2366242087577,20.8519101168782,21.988820536853,23.1132853619837
10.822042755842,11.4320573407888,11.0718838089185,10.2835039326114,9.35665912643462,8.51509726784599,7.91279443007498,7.46638851036907,7.34648914748711,7.55763487200602,8.37984431862233,9.64688062962886
14.678673046603,15.2782384547299,15.0637900596622,14.3305433105935,13.2048297597196,12.1333990797889,11.3678280164614,10.9076902446458,10.7247530597013,10.9997212279546,11.880603561791,13.434140410827
18.8778231909471,18.3854777710785,18.2235114652512,18.3387780944408,19.0787095865717,19.8650112225428,20.6895047732406,21.5434548046893,21.7965188936223,21.5217458654429,20.6743763474811,19.639499650329
24.1568455939835,24.9140435806205,24.9252767023579,23.7240941154861,22.1709529772681,20.9646524639417,19.946796552348,19.3436904725468,19.1805258148916,19.6543583318774,20.8031039208218,22.4784551572236
25.5615145732925,26.1993165958323,26.3364976460585,26.6913420497962,26.4629467888653,25.6411597318441,24.6589025671567,24.1969662896707,24.0767613541849,24.6034278737154,24.4273854743304,24.6144328055049
9.71826595520909,10.620297594245,10.6849758599646,10.2872264643063,9.55950654574347,8.65363239351553,7.82680765825523,7.23020719965736,7.00195911619717,7.04884952811681,7.61618793128514,8.71013826477958
-1.9281546393964,-1.94114802863188,-1.94580175603071,-1.9332383030724,-1.8491701693444,-1.48057513207601,-0.204353043553043,2.40490681598825,2.96001069741883,0.899521671878295,-1.31435800088911,-1.85085339269829
5.51242925995286,6.11703921029833,6.00781556383456,5.44442591148578,4.70742273197159,4.02398608261906,3.54623059421583,3.25133132733379,3.1148783534894,3.23604602687639,3.7451048877077,4.59174211778614
29.8455934915474,29.4699315859425,29.883952005285,30.5150237293943,30.2772467347803,29.3153195387807,28.3203380199195,27.8708313171754,28.4098094001634,29.594967277155,30.663599483782,30.5353515910177
18.2475339147571,17.5899617117601,17.3448217129736,17.5281804707393,18.4922271154484,19.7136216509559,20.8897940319519,21.9660454641397,22.2572154756134,21.7489205682635,20.5661890312972,19.2337514264145
8.2732610143775,6.61897397862591,6.33249493809239,8.11975635097796,12.1150961158983,16.8143924679376,20.8307127516236,23.7062157625192,22.7291412433753,19.3781157416756,15.2852371563286,11.3170511421889
31.2275095477419,31.1704672250233,30.7188894114969,29.8325901668098,27.9056047521859,25.783094986946,24.468014128383,24.4149736385346,25.9448529085783,28.1176853824504,30.0922822791073,31.3515175328252
-1.94096655040559,-1.95048389913765,-1.95110214615346,-1.94064583790981,-1.89326669736496,-1.67453156747276,-1.26876640244308,-0.115930332239381,0.198390806048024,-1.04822228371386,-1.84842603748851,-1.91197529931125
29.9911217247732,30.1235805617707,29.9645314714066,29.2310734543973,28.0806566901052,27.0815589583112,26.2569993621354,25.8138790875718,26.0908582565129,26.8726969259326,28.0733967052323,29.4213982317108
16.6119819586419,15.6948233782476,15.5794892151617,16.5124937227215,19.1941118936302,22.7729967567246,25.6478784965729,27.0789500878752,26.3260540081888,23.8586134870128,21.1046522965504,18.4181047656278
-1.7528229634573,-1.81295480227392,-1.8348625544513,-1.83109846382501,-1.73682192982278,-1.16558231825071,0.808906286973627,3.44583743018679,3.85969148506684,1.92905392344233,-0.63290108146925,-1.4769828413043
6.30691996530051,5.4519334246368,5.20191608173741,6.25517652308888,9.04170877698588,12.4962554180567,15.5492571029656,17.24251548519,15.8306228251646,13.1860475404839,10.4453579956926,8.05606496918121
23.9058951717271,23.3960899900655,23.7584175356229,25.0451740725229,27.07427572281,29.0171104430382,29.8901641986523,30.3870440595869,30.1158329110559,28.6344488887834,26.7204641367937,25.0974001790425
20.9442582407972,20.2974390558973,20.9723631317231,22.7754389032454,25.6552729798403,28.5446886709308,29.9664110912971,30.5711888913304,30.0145791471924,27.8432943901073,25.1683322433624,22.6881177584702
28.2719889264061,28.2054072992343,28.3643448618742,28.5662918259196,28.7394915118348,28.4301109042326,28.0248690397085,27.851286125063,27.9055432569914,28.1518762552293,28.3303469755504,28.3557681959179
21.8737260996567,22.4854668850802,22.1560061507521,20.0431185842599,17.4758255882758,15.1343098609488,13.0663965968996,12.433541389646,12.8356407187267,14.6154833703972,16.8829028214802,19.4903240781612
23.0445694217795,22.8032499900384,24.104460518323,26.4755228655308,28.5909139195712,29.6326039197428,29.7584817762959,29.7510880697397,29.5234254448507,28.1717239869622,26.3583453129629,24.4611562453226
-1.75347517205001,-1.81613988606138,-1.85320590220041,-1.86902505019303,-1.82961013103002,-1.49278848291876,0.240149605644686,2.79164330655626,2.62832246377901,0.733796616988544,-0.960436784534826,-1.57273224107744
1.48350834630465,0.776833152874381,0.546600998618212,0.84670511482478,2.91505151789342,6.24916712109115,9.28661383883882,10.8475431992419,10.2525131704579,7.8235436508293,5.18602681399743,3.0480573652168
17.548574634755,16.6347044160187,16.4849360778653,17.3196327261104,19.6888220860221,22.8151414695455,24.9525788693701,26.1148446554106,25.5532614987147,23.9605528487118,21.5509046703389,19.2350996046964
0.337765309457748,-0.573442542334689,-1.56128035102836,-1.72864602350936,-1.73355885264045,-1.70783272510398,-1.69552632218866,-1.68973593559744,-1.67319556250827,-1.67340810824158,-1.67580410908747,-0.969808806055916
30.5540512686261,30.3129358873903,30.3035774887899,30.2159762385319,29.0950758623114,27.8184559666736,26.7860020878678,26.5398800541042,27.5330215981958,29.2408691192556,30.736936043706,31.1564727652454
29.9114412225325,29.9279687244075,29.8372795126945,29.6736287424856,29.1979401890447,28.7095234114496,28.1259180803283,27.7487947817112,28.0034386835418,28.60996489586,29.2463806871639,29.7621826931812
29.9607852957347,29.791684778026,29.8487434313784,29.9862903107683,29.3947877556293,28.2757049795056,27.1852447736581,26.7386183754883,27.3758768985928,28.5055387903072,29.7007500171525,30.3157426807145
-1.88933265084756,-1.90770008873053,-1.91564741890686,-1.90764420172375,-1.82676340598723,-1.37008603356681,-0.206672485928675,1.24904657822939,1.37792789204567,-0.234034142895225,-1.63316001208011,-1.83206287335527
22.8933448852738,23.673172836483,23.1030034416255,21.9143305266655,20.4523849804447,19.0320176412244,18.0085045183141,17.4497021864117,17.4588739655247,18.09785512338,19.5238752611676,21.3141688373502
28.0499266501754,27.9636358806572,28.1613845733259,28.394924720353,28.637977451709,28.5782110262874,28.3240555527655,28.2106931565599,28.3045835280804,28.5291047538777,28.5313218941892,28.3053228371968
9.77825475018153,7.78857817227869,7.74458727325666,10.0503559352968,14.732764845133,20.1030062057756,24.7198443889564,27.5952235090337,25.7858511451188,21.7613355210306,17.6552697155888,13.3673749417786
0.697395523736544,1.04271052010634,0.147552759428268,-0.903082049063925,-1.42944381484183,-1.55831238644639,-1.60298797590904,-1.63853238264134,-1.66913344246032,-1.7081205561632,-1.64880911259658,-0.879570538530594
3.00815948185592,2.89371177116145,2.70304499665297,2.54874295619251,2.71943038391949,3.82563407545163,5.65955010668099,6.69319139998125,6.13577609086984,4.91348041268196,3.8863505285693,3.18531023027013
26.6655928898841,26.9676036178617,28.195422399898,29.880113280866,30.8702269512233,30.6529107551353,29.9851376485813,29.5694512641948,29.5766226727753,29.7261811004353,28.8076117817417,27.3850395969199
17.5644122048316,18.2906505789175,18.1466340887196,17.2242891193173,16.1351271325962,14.9804453498043,14.0099741671432,13.3820823124568,13.1830651736878,13.5471341239775,14.7129983533698,16.1329244918385
29.9274738229914,29.9031477765697,30.0949856280756,29.6871873276154,28.5088023459921,27.1917766701173,26.034475980199,25.5813507941531,26.0099362241893,27.2236519368338,28.6076165770965,29.6798231935858
-1.94346662260302,-1.94962022430126,-1.94928431566654,-1.94686719209623,-1.91593965409907,-1.76877136392701,-1.42478921641823,-0.574489042664978,-0.219525274099788,-1.22506381944701,-1.86233697328608,-1.92226140409469
14.2453535426086,14.9517751031088,14.1428360116851,12.7111853664278,11.354789770083,10.115552643088,9.28375187164479,8.85766131379198,8.90759134338675,9.56073286338546,10.9769022631628,12.6602248620292
28.7910083889099,28.7250149830083,29.295133402923,30.1760469997115,30.6310312299851,30.5332319964415,30.1450384883463,29.9585620551341,30.1828758736417,30.1689315452937,29.909615224532,29.4005989935936
5.04814202127334,3.34449531112245,2.91778131486743,4.20654754763518,7.60615124133976,12.4780953007196,17.3449533782806,21.0152630184744,20.5163364413394,16.4341722328962,11.9588968761394,7.86944688416197
2.61856528028558,2.15253694952993,1.84965899232963,1.72037482593815,2.22117508000851,3.84047207001767,6.18116012215115,7.20027790634535,6.3959586233946,4.95458554446566,3.78178370206289,3.1801629120775
14.8083716738524,15.491152155212,15.3983482366441,14.5015818453351,13.4225387710091,12.4419715217312,11.6380115758216,11.0729640505561,10.8542643453427,11.130897553043,12.2443866353199,13.594974141716
28.9226790990827,29.2916501668106,30.2282841810131,31.0639872606539,30.9179396361405,29.6448379932252,28.6231699194711,28.2979649662412,28.4584725710653,28.931611951703,29.2771969708449,29.0915913763298
-1.69534514799758,-1.71518812695613,-1.71194996236928,-1.77301660651212,-1.79243510268186,-1.62060763421349,-1.28222973270473,-0.609321328390658,-0.668290942715304,-1.44119449838443,-1.70110472658741,-1.687385136407
27.6792939043686,27.5435934298112,27.6595918757555,27.8923451882192,28.1788852678557,28.2618611138243,28.2810593439777,28.3420567821173,28.521746714979,28.6268513143115,28.3832794304205,28.0053207096989
28.4001084323005,28.2389518079374,28.534353874961,29.2133418938022,29.6471890375612,29.765707326782,29.3522011045217,29.0748582448083,29.3310406759029,29.6009446705621,29.6152267291522,29.0767865672593
24.130697056562,24.873043808422,24.4261546801877,23.4659068331325,22.158819397546,20.8943157841929,19.8564051086413,19.2372395044202,19.1803196319939,19.8149081534718,21.0839277050411,22.6934234551938
28.0889436510205,28.1714944594115,28.3513252670134,28.5724023408287,28.589120767103,28.2080970160003,27.6869405865195,27.3575277972211,27.3963743894704,27.6552008706244,27.8935707138761,28.0063638413985
29.36707715186,29.4192563392074,29.8209101156381,29.444496043986,28.278092477962,26.8922389122934,25.5958851700296,25.1430162175579,25.5646016988661,26.4637192305953,27.748476030227,28.999978648285
19.6349510554511,20.4381907250732,19.9433197673167,18.8048273924703,17.4693849017843,16.0947456078711,15.1157631746826,14.5945658795363,14.547945077346,15.0901913099613,16.2235533394956,17.9046394137111
21.7903432054375,20.9979650112429,21.3417158643023,22.7703564157012,25.054008315784,27.1118370172318,29.4041668507194,29.7049709823916,28.8763569439461,27.0521652456425,25.094623277001,23.2404767850525
0.739005298884883,1.1147874148104,0.208306039806061,-0.874325240359181,-1.39204620176617,-1.54552157463417,-1.59442528877263,-1.62946954169233,-1.66369792726039,-1.70079503938987,-1.65592832284258,-0.86705755745518
25.0299213156866,24.7357980762366,25.6930834100125,27.7325155351588,29.2690403813547,28.912026753812,26.1784608144624,24.9477923983184,26.1313218885021,27.7577601803539,27.505888819846,26.1508334652343
28.3096118373472,28.8253132486137,28.5140169506367,27.6396723421714,26.5193151939152,25.4495365517962,24.5384567832156,24.0043690704989,24.2359171572069,25.1672209941805,26.3552372349836,27.5590563418447
8.37035052938069,7.96367347456763,7.71160368206142,7.90050841486449,8.91610028518086,10.6178340896088,12.6615213206139,13.8385137895862,12.9189889155709,11.2764924054168,9.89791141429884,8.98504314446056
15.2475414986595,15.8896981777286,15.6025845480532,14.6906955059998,13.4075322891918,12.1941243709847,11.27322189931,10.7393321424006,10.611191268821,10.9959931291155,12.0975454515281,13.6129630592629
28.901287631217,29.1643564615064,29.53246487374,29.8165956547743,29.6028648363928,28.3754862553282,27.014109066889,26.0925496642358,26.4471367713617,27.4189668322486,28.2958509851962,28.825074736125
-0.378684772246516,-0.60438417341468,-0.730699571999322,-0.82511568225081,-0.660630598668763,0.455531635482642,2.38887074930689,3.65927150856574,3.22693401922814,1.81439151228245,0.522094391386679,-0.0369174445111957
29.3936538293974,29.5034259050809,29.8600193838901,29.4306108626184,28.2070146953307,26.6741865352712,25.3047831970105,24.8351864010412,25.1933655033935,26.1326765148883,27.5729971784874,28.8646964848224
21.3108249737172,21.9068218054937,21.8141893155364,20.8507431835027,19.5343659356832,18.2053234973475,17.1057953034022,16.3939255832224,16.1756204684837,16.6054547866489,17.7821969489807,19.5325769988489
16.5182558241006,17.4158691158389,16.9276825816998,15.882655039209,14.8568546315884,13.8556280579756,13.0803584563803,12.6029904665639,12.4711784644768,12.7951692433281,13.7073628002308,15.0785654226026
-1.17964453121888,-0.694726527807248,-1.38165181232614,-1.76085021019927,-1.84282411030393,-1.84051732388464,-1.80273939657682,-1.7601984650958,-1.75389779771288,-1.78160286417462,-1.81439862111809,-1.74184304105775
26.9180760708097,26.6272122188948,26.7240516228035,26.9843641331194,27.4435629087098,27.9771358777137,28.2954892138751,28.5898367987507,28.8635004728533,28.781978178653,28.2738405254141,27.5575186682301
23.0674258590705,23.8237109074879,24.2086994732361,23.9461875112882,23.2040443471267,22.157637127009,21.2675801730659,20.6841475164909,20.4381638089499,20.6417721445532,21.3278164651984,22.1056753293255
19.7278920946306,18.7114027087671,18.4506614752151,19.1225780285462,21.2076438021683,23.5982110374534,26.8044813963815,28.7315033163636,28.2635671997927,26.0441555208077,23.7187670203672,21.5156164700697
26.9780255323931,27.9934652869702,28.6208296118134,28.3442691003324,27.2308463757038,25.461166115949,23.9718059462703,23.108956851603,22.7544350866282,23.1463684057898,24.2779829246133,25.5458641683435
20.0901733479559,19.5798000009831,19.4764406803377,19.6194176106504,20.3290243734698,21.1146733105394,21.8788198825908,22.6840890226941,22.9913183500788,22.7530371210848,21.8855776064449,20.823792275874
28.0694131944261,27.9480841794122,28.0593888657089,28.2304809957017,28.4304631267596,28.5984814415592,28.6874898937758,28.9840783934226,29.3419964293412,29.3510724220389,29.0472114673847,28.5008580838845
5.89098091235616,5.21500385406066,4.91397889432053,5.0047809169191,5.95889823208263,7.94066486094896,10.715800008877,13.6299620887146,13.5530455001118,11.1043494269006,8.84479000585447,7.01292037679756
9.2731511982917,9.5820927712129,9.21589526031588,8.49317424576661,7.74283493335136,7.15456404276589,6.77117191612128,6.52042372765071,6.47299874867375,6.65429291217021,7.33532541924201,8.33749902837864
29.2200067962135,29.4933686229809,28.8608334060698,27.8260396294856,26.778061769922,25.7012014844615,24.8068262126497,24.4067711900237,24.9488300034799,26.0383816274417,27.3375253988548,28.6419214091631
23.3325699389426,24.1381557123891,24.2544259503917,23.5668330404742,22.5236818422389,21.3777346457625,20.3605635353292,19.6651634079086,19.447953322306,19.8111722153499,20.630694461128,21.9042737784535
15.7393308472571,15.1310526942154,15.3188400174396,16.387821234835,18.4152193327705,21.2283358050433,23.9002366008229,25.5991077281999,24.7022580113739,22.2476038807135,19.4772402778267,17.1713579217093
29.3670127849485,29.4375275247199,29.7315493396158,29.5599692385656,28.6434759188888,27.6330854286244,26.6204359297854,26.0135613156401,26.1828905257061,27.2907310035234,28.538739214031,29.1947709672454
29.7704832044896,29.7661414174721,29.7318206386647,29.7101670004073,29.4209465681314,28.9159165866025,28.5353482398361,28.3875427638628,28.5298334669922,28.8971045399495,29.4321348006439,29.8436087058999
30.0134357802411,29.7568682340088,29.9366090649816,29.9308603878727,29.2698648000194,28.3060270594002,27.3689748227982,26.9323366408291,27.4562943304321,28.7695499185527,30.0328556827064,30.3803799805261
23.6401655940162,24.375203243797,24.114511942596,23.1495588005301,21.7515252612,20.4012418001284,19.3628673214774,18.6379244488504,18.4065460164718,18.7942842433535,20.0977054379817,21.9556072288725
21.1295093682533,22.0535126797715,22.2525010010809,21.7285913261381,20.8890378175338,20.0244211891207,19.1436122654653,18.5093888392328,18.2648882004822,18.3108789968946,18.7948204379805,19.7589168762707
4.26334968273917,4.59733556403532,4.10955648190075,3.38180285872135,2.69434604923446,2.18143783798243,1.8272489847284,1.52863450092901,1.40186968063982,1.48553101999462,1.99672472691761,3.04313664117005
7.05269603559862,6.43517648516181,6.17017292010507,6.23189907064664,7.16657633987924,9.07768436187099,11.9943233528934,15.0661573780538,14.9514618726725,12.3099930403783,9.95063563428816,8.15161891131603
28.6993891934065,28.5117359578982,28.6589728867174,29.0826215962561,29.2968708436259,29.1643870526128,28.8486187266974,28.7224075414935,28.7042623172852,28.7420518351275,28.8744914142608,28.7780501536468
26.0389833276303,25.5663789093153,25.5750255987078,25.9104623506785,26.5844521172441,27.1301717565834,28.1978761491299,28.8392416785091,28.6138517654476,28.2957823846013,27.8133835125736,26.894741756403
28.5384276439601,28.5005153687751,28.7828271050553,29.0597691098297,29.2599453843787,29.3326692001759,29.4111251790712,29.5560192230356,29.712665827251,29.7367003931166,29.4974815626299,28.9684028103856
22.7324694162106,22.1722014494332,22.5493603073916,23.9377913616489,26.2483520126466,28.6733574259834,30.1285650691671,30.6110775825545,29.8385370011646,27.962125237052,25.7971385623679,24.0306070943473
12.9923429483189,13.6802959690192,13.4806662684602,12.940716153299,12.2255109518526,11.5991777177476,11.1826461058685,10.7705630968209,10.542940911964,10.5439459130904,11.0208153093204,12.0321197319967
27.6713953126268,28.1169330197437,28.2242444249418,27.7619174713837,26.8530384972305,25.5976621911708,24.4573715610949,23.7151991183158,23.5632487403754,24.1005130853728,25.2064942336951,26.5357328808595
21.8097416402675,22.6399198845881,22.7153399938885,22.0642336231283,21.1037527338095,19.9696725861649,18.9383220430266,18.1933113090101,17.9296926502358,18.2095073177335,19.0148620259274,20.3644046976829
27.3776191324318,27.5489772218752,28.1856936497953,29.0623149979667,29.3661060648377,28.7835442940676,28.2233609726927,27.8755033221338,27.6520216777225,27.5251704635926,27.4862853026902,27.4165527834108
3.19463643431901,1.80029041670155,1.29027740643242,1.89765334951159,4.05817231661203,7.96695577247309,12.031598659339,15.4026963848048,15.8459653107304,12.8117706189254,9.14706261567853,5.63878926595024
28.0805363498269,28.5508078473494,28.0933156796911,27.0688208899172,25.9188134902602,24.8032511972521,23.8804295228889,23.3575060445982,23.6036196909913,24.5662166610348,25.8575374219401,27.2335668629682
28.9835138670456,28.7792975836375,28.8031008171243,28.8909924340481,29.1233303122742,29.3764564800024,29.5440619857025,29.5322050638437,29.5358484077163,29.4765410559924,29.4492172946105,29.2046451599337
3.80077282548672,4.14031257352239,3.68353620051199,2.9402668170635,2.22382897466449,1.69737378600022,1.35271327072947,1.02475759702476,0.83217943285855,0.900889950832355,1.45124264017451,2.55831747227803
24.6540248395162,25.4653214194274,25.8978496147979,25.7423998516807,25.039845588551,24.0052668995939,23.1262117863071,22.6403107594441,22.4661879961208,22.6832685253098,23.2259363830813,23.7804730311297
29.4638637492444,29.408422581304,29.4694546202799,29.7730593039397,29.7281761488173,29.3338452929595,28.8337486269785,28.5846695052175,28.8417841797954,29.3526545301214,29.8135857207408,29.7789371910121
22.1207827446998,22.6016494790973,22.7095307202328,22.3970931436677,21.6109349200325,20.6014166862368,19.7571926880383,19.2064272558004,19.0299501850768,19.4230936309893,20.310566814559,21.2683074054312
29.4581934670846,29.180991117481,29.0832131535104,29.2715400418211,29.5011745114531,29.7182915584585,29.6808392525739,29.554583754694,29.5373385048351,29.4698494842915,29.5292993409439,29.5691449905647
-1.95448883417136,-1.95647386504344,-1.95680875952963,-1.95571489902793,-1.94203055664194,-1.86986606198663,-1.78283620435318,-1.7964034889846,-1.90607663324622,-1.94243870808154,-1.95068066277307,-1.95370479871247
-1.86261822674303,-1.88284859602804,-1.89616628832118,-1.90239968334305,-1.86277274406307,-1.60408675961713,-0.134967094448724,2.20250206357511,1.8086539038842,-0.191869217612297,-1.49865983264494,-1.79139138443773
21.4192771567371,20.3027202768019,20.0959400695198,21.1864596482589,23.4761359628344,25.830360772356,28.3883107595837,28.968193252012,28.7475845125515,27.5746115225108,25.5559805933354,23.3463369772101
19.7502689465598,19.1163132615222,18.9714710695578,19.1876967333161,20.0611923969666,21.2129605826048,22.1759774388411,23.1120344529763,23.4319922977469,23.0310128152948,21.9188849859711,20.6416309267346
3.21677816112385,3.74942429857161,3.64453470204649,3.139212993407,2.34004630249697,1.5205018399982,0.836814304526349,0.383926684975039,0.231282832856613,0.458374210266481,1.13428670792328,2.18698914573548
29.1508666948495,29.2709222999111,29.222108310472,28.7459291881514,27.8251548874156,26.5462373740645,25.5130967200298,25.0129838823777,25.0717949974891,25.7001715913915,26.8539154530601,28.2138442300842
29.5243358374946,29.5408050667367,29.705132137914,29.8461016334312,29.9372989682764,29.7769566653554,29.5056685139499,29.3831813373658,29.6110638477797,29.8072481059771,29.8663147123117,29.7397032896718
24.5998681392648,25.4545908609118,25.9145605727277,25.5563359788115,24.740371388294,23.669923613343,22.7303881401869,22.1161507488776,21.9379969587319,22.3056550956836,22.8490882980552,23.6396854964724
16.9748147098691,18.0800299379811,18.0209639679426,17.0380630977988,15.6873049205288,14.5399442257358,13.7878034871013,13.2874300096012,13.0069737237511,13.2192265472938,13.9685214397222,15.3831983290482
9.87697638118876,10.0387383593763,9.87453512210835,9.17797913569969,8.47925644910196,7.97621916535423,7.6305338480872,7.38810064594007,7.2716627679361,7.36216731138634,7.94984636211683,8.9384146410655
29.5378076305463,29.6944884933901,29.43292269534,28.9477751001822,28.2091449829102,27.4124465368122,26.655967735849,26.2937453192822,26.6666472507589,27.4927712029922,28.4284565355495,29.3150665812371
0.465154683323694,0.79071133750011,0.426606130939187,-0.359213262365956,-1.19360252088326,-1.60656510929363,-1.71388366822526,-1.72576624020888,-1.74120199281158,-1.74466833503506,-1.62204911117952,-0.881665068619335
28.7529048324161,28.3558540103873,28.3842735027207,28.7394353383799,29.0062469767892,29.1686249941886,29.2511521093085,29.1988730088747,29.1008385231714,29.0066954024732,28.9990719718412,28.8625711595174
21.6413559283059,21.1181492137378,21.0276341245674,21.214157432587,21.9462290457006,22.8418600469303,23.4416524721761,24.0660746333524,24.4016488329533,24.2200808468919,23.3818067495578,22.3478875414197
0.633351008369446,-0.265512327746656,-0.631533073309044,-0.759702090916397,0.334943758461039,3.84346737787542,7.33655608462093,9.11957702616676,8.44744623812357,5.98770372691478,3.87574499726197,2.11429077007945
25.3557743852702,25.8987831684473,25.5525860836006,24.7572637905142,23.4130391308524,21.8884253685376,20.6231488864018,19.9127739291777,19.8635510979885,20.5656916128072,22.072729468243,23.9480666334116
8.17273939219312,7.83847917131963,7.71788185931738,8.15190128431058,9.62288172127674,11.7908945720985,13.894134847115,15.2388147949732,14.8526449918512,12.8667201210735,10.6988706759151,9.06989175180978
27.632344224908,28.2079480764531,28.5739346686929,28.3479097683719,27.6480517359194,26.7860994701183,26.0308756025349,25.4954168995563,25.1522236128457,25.3186586153835,26.0451776702347,26.7732918932663
11.6713029010822,11.9448917296273,11.6933943967088,10.7811100158866,9.87345900621085,9.10609227196033,8.46350302106715,8.03571215198095,7.91785941722001,8.15238316996964,9.08301198409616,10.4430106585954
23.7232947832712,25.0249538851238,25.7111372116973,25.4639257848193,24.7132617447283,23.5935929444725,22.5372241120692,21.7790564493007,21.3887906092151,21.4195538553366,21.733498630051,22.4997804830974
28.2874238939536,27.9071669825125,27.9470904504683,28.375828043395,28.7033045370185,28.8745645762325,28.9083971978119,28.8590793832677,28.6890510815799,28.4280031524608,28.4738840655033,28.4325007262546
27.2298715930324,26.8612496569636,26.9977892269455,27.6525454853504,28.477734991833,29.1535703580008,29.3968844825966,29.7392214633118,30.0044187897343,29.7434357772323,28.9996607165135,27.9818129121999
19.6102010826455,20.6760151465731,20.4342268807325,19.2808246726211,17.9079942497542,16.5858531764717,15.4767858563986,14.7844677676277,14.5567018232382,14.9967790336225,16.1908729246621,17.8874092651194
26.4244439965147,26.8841361301972,27.0961986048855,26.7061203182897,25.8333373123888,24.9677238168383,24.1927764310429,23.7938002748977,23.732598459204,24.0811635633501,24.9048955401712,25.640466365042
18.0332824627471,18.9957300379669,18.7540563367345,17.5163205805151,16.2021602205796,14.9619263129598,13.8710761671602,13.1938703283833,12.9546548473003,13.3379723744298,14.4868164762981,16.2891091062236
28.5433485725947,28.430098736732,29.2806651505918,30.4117909566031,30.8729008759928,30.5727759435833,29.9482795404599,29.5598839454267,29.8302814152505,30.3977136691575,30.4565797933398,29.5922482458891
21.3229588050709,20.0056874484354,20.5767143392984,22.8400563823204,26.2103557579058,29.1929776937688,31.1726356150932,33.042986912231,32.7931135797831,30.8444844812426,27.8256117706542,24.1181713310604
26.4246480161045,26.7779694807564,26.6744342998883,25.9144852402901,24.3453898970459,22.8767737788783,22.0600285147817,21.7365709630638,21.977570069324,22.7716034599898,23.9772585204096,25.3255245984631
29.0573606695197,29.1205089886957,28.8430613527516,27.8860351464115,26.5255842617102,25.2159351907634,24.105725254768,23.8010553852568,24.3162144086017,25.3661367892257,26.7923415823519,28.1245724145386
18.4026616235619,19.106326507382,18.8029226336859,16.6811887574725,14.2797541154695,12.0194474315507,10.1220615043936,9.36247973004562,9.60915394715736,11.1812112966256,13.3882945934943,16.0601454425979
26.1387638470829,25.7216047801944,25.770491563945,26.3381558400374,27.2324457118906,28.2740422276862,28.6794173965204,29.0135007736812,29.1257219539154,28.8974367870819,28.0314913297789,26.9218236197332
15.2370271824797,14.4816352188757,14.4323669662923,15.3747258006972,17.9908281685024,21.5996343098202,23.9487249209491,24.683366672688,23.7310824647503,21.5112331967275,18.8328676497749,16.6637878398842
13.8266020779805,12.9791134234132,12.9507724839674,14.1372263372297,17.4442063154855,21.4395552286349,24.5534646153213,26.0836234132831,24.5875340731603,21.4391859851167,18.2962847120406,15.5961621816651
11.9261702563802,11.4732965223984,11.3608991346232,11.8106119331181,13.2093778536625,15.5221328989467,17.5578985702247,18.693541391526,17.8688397859922,16.2192267088683,14.3433069464908,12.8541172915455
26.3655557209583,25.810797919668,25.8360884350475,26.3136624442477,26.9985487548886,27.4182369871259,27.6531136865124,28.1823369234571,28.5784044176197,28.5060963172485,28.0016244341489,27.2252581291766
23.2216115555511,23.6348618301544,23.2211268578564,22.4965773123752,21.2062762359514,19.7708509879774,18.6003687973543,17.8401970652015,17.682500428012,18.3004580655489,19.8661880393314,21.6124325655033
3.92162931483931,3.4787260508967,3.38872159629008,3.62068278441664,4.79892500532922,6.91975727257745,9.05310025134355,10.6116919130766,10.15991965823,8.22015861271228,6.23222791443685,4.79896301668943
23.0394779308712,22.6060294183932,22.5614896734122,22.7610376225343,23.4423758859382,24.1631097874806,24.5863495538811,25.0405499076281,25.3491331884817,25.1986482051041,24.5192262459753,23.6277197846237
20.5991433905845,20.1388688308829,20.1645324691151,20.4149792108246,21.0437165526585,21.7651847645033,23.5336762418488,25.0517614766734,25.409195686918,24.5128956443466,23.1671004355371,21.6033305712465
28.8950286786812,29.0471706490823,29.8539934747571,30.818615376642,31.1280631971044,30.1016728100378,28.8457888429125,28.3128550783105,28.4572355830451,29.1839650069886,29.5077613641354,29.1656011517726
-0.323112839508209,-0.194394457793718,-1.28691350514148,-1.72694145306727,-1.80349200486716,-1.80310638664528,-1.79651854988435,-1.78406597006508,-1.78364671894909,-1.79907094485042,-1.81043872216962,-1.48552167846175
23.0008219974444,24.5620155791281,24.7743081949542,23.6213193037808,21.8884005202228,20.1589653967656,18.7138324399049,17.8405102733025,17.5898607454579,17.9562275952773,19.0446165728571,20.7508862569195
25.6190203936802,24.9484550261628,24.8620871820607,25.5318590814305,27.0579017068706,28.2877767797072,29.7441122725089,30.558562309348,30.2246437019934,29.6402138123833,28.3748077225171,26.7996210653983
23.6194381917977,23.1164398166073,23.6842679702778,25.1208146875648,27.2362920556132,29.0849955873975,29.6467542582,30.1204172954367,30.0454194447766,28.633926046851,26.7598953369868,24.9434348602497
23.4757437084275,24.0647454538382,23.8533989789315,22.495845325933,20.7501690901101,19.2435329203976,18.0244778442611,17.4339801597421,17.4731123849128,18.3256656382032,19.7496788061029,21.5723708963518
25.1130509511932,24.3930255585849,24.3428599059825,24.8759714990603,26.0919870942939,27.4674585734282,29.0971188494348,30.1429390192624,29.9677375406198,29.7047116756222,28.4988467537067,26.5697606501539
13.1013409669483,14.0501140799876,13.6264914216548,12.7151662320176,11.5451531110071,10.2830291917528,9.41141678610266,8.80839105583991,8.62664438656277,8.97759151387958,10.0342347739741,11.6184803247032
25.5931051850778,25.341391716055,25.3805892477083,25.543717490913,26.0474737532094,26.503232527151,26.8269972750303,27.2497977776671,27.5984485252682,27.5437819160556,27.0050623478292,26.1563314754973
26.5998578327044,26.2569800776218,26.2925647433576,26.4831433196515,26.995280949656,27.6741909365643,28.0873673151248,28.4495773651825,28.7123027695088,28.6042871690652,27.9938566761731,27.2641432858199
26.4306837478267,26.2039092687238,26.2402237689445,26.4341218717896,26.8552811886232,27.101975246329,27.3668947589416,27.7716393651471,28.0747659917119,27.9724457149066,27.4935951525778,26.7851097640881
28.9633896670604,28.9501835014684,29.0252399928066,29.0783846664732,29.1850993830112,29.3289449345533,29.4821054696616,29.5822160304181,29.7344977877839,29.7433486162404,29.6554307864705,29.2828559708098
28.4105444126606,28.3737260029408,28.5901505056118,28.8187172112064,28.9999274773141,29.134033466288,29.280248528293,29.4536720012828,29.6524158857855,29.665990464494,29.4221789462919,28.8657077626361
28.1643857580047,28.0967518265483,28.3048171935919,28.5345757742539,28.7213365571154,28.8800088050292,29.0019371855959,29.2214614786825,29.5306863301697,29.5196542183687,29.2326683234224,28.6371370434776
27.3852780738821,27.0975423368112,27.1420686967994,27.3208141758604,27.5634913959507,27.722606174235,28.0084031723634,28.3805925433269,28.6905465868835,28.6661313899886,28.345193129158,27.7359336858151
27.4980904880366,27.2475767464608,27.3820530153303,27.6884996296151,28.021851874956,28.1704188510412,28.3531829940829,28.6113121945154,28.8631038353339,28.8651531616044,28.4584089830866,27.9563165668309
10.4287424694778,10.6492616401257,10.4505660182741,9.66416683863613,8.85047748073211,8.16880238128618,7.59879981516339,7.28462155578268,7.18917917691265,7.35732233023183,8.03563837828544,9.20907443772135
26.9159506062126,26.5642494976025,26.6120905863909,26.8778407886136,27.3883536219044,28.0424608750737,28.445422575752,28.7823241333052,28.9939310585439,28.841256152393,28.2447830451975,27.5505708323536
28.4499326184313,28.7568226512759,28.8209861571389,28.6282878907211,28.0373253232036,27.3798537399612,26.9951252989263,27.1143287670742,27.3552757467205,27.4816072618437,27.6382936204338,27.9387869313971
23.1372580309553,24.4338030809848,24.9033337798963,24.4277348232183,23.3755266945181,22.0660324055981,20.8403729904219,19.8148135905978,19.2715941853528,19.3598361337328,20.1258718220003,21.4944913752982
25.1160033556665,25.6450064183068,25.8761448288398,25.6860752220269,24.9961001121207,24.0414953363781,23.2376388186694,22.8768399102056,22.969096854907,23.4770962361521,24.1107570774588,24.6087450795207
-1.958195146484,-1.95751150129273,-1.95607572215738,-1.95231954625393,-1.93331125393097,-1.85355757604576,-1.72564438777683,-1.69350042507317,-1.81555292533662,-1.93424262550028,-1.9533657909846,-1.95721661656014
19.8998682790313,20.995189964032,20.7712357116324,19.6516237302267,18.2124897176177,16.8146486389789,15.7396947491054,15.0646357110785,14.8828146461324,15.3474839288327,16.5116298111921,18.2296286647885
14.0489991243372,12.237871532404,11.7896716029087,13.0138216975757,16.1922309881111,20.0381259964173,23.652283364496,26.585940601919,25.5110308011597,22.6179677795078,19.6831388765022,16.8128893111314
26.4919982406166,26.9462863702657,26.9897578314508,26.5557733032376,25.5798200909554,24.3876186814065,23.3426746315551,22.6517782440446,22.5584953804053,23.2951120783616,24.450351069007,25.5835818155068
18.0307124512837,17.454330526217,17.5757527213563,18.2402299055283,19.1994080316373,20.6709348350085,21.4032054798116,22.1533976846884,22.5590997724064,22.1657434553984,20.7397511796321,19.0886426374173
28.3853505236918,27.902425834954,28.4825289934234,29.6060440665801,30.3606943466454,30.4881786299666,30.0395303435725,29.7906560015319,29.8655823419187,29.8533322488306,29.7952014617453,29.3062174208229
16.4206562137185,16.8047729466785,16.318526933191,14.2339137611615,12.0495803606127,10.1924890247055,8.6389570470646,7.94824922763731,8.12134264834378,9.54219754315362,11.7695460316593,14.3360049248239
28.3542350515415,28.0092784333472,28.4988036835525,29.681082005475,30.4110595577425,30.4543136393411,29.9080951679882,29.536956510419,29.6245805261219,29.6811305860014,29.5526244837732,29.0870751029979
2.32014213933694,1.72488326632023,1.25935822397657,1.06590856420571,2.12103578358123,4.5119134489624,7.47086494899763,8.88677089754839,7.98111771651547,6.14872730318173,4.37142873334711,3.27195632345975
-1.77158270103357,-1.84730673783774,-1.87604426577418,-1.87075030609444,-1.68536326364845,-0.404273548093281,3.77626491827502,7.47893310125326,6.64364467741641,3.53172302908088,0.689799112204409,-1.31102337146685
26.3864575435007,26.5510162684489,27.7716715595107,29.4547118557275,29.2821399860576,26.397898334711,25.1717916103614,25.1224803303179,25.716263351007,27.1777602187528,27.8310601366163,27.0203674526806
-1.50960435823102,-1.40779435846547,-1.70460630654995,-1.83890545268901,-1.85698959552276,-1.83699785646153,-1.80009610235611,-1.75598526778768,-1.74722952226623,-1.76603254700437,-1.79655663941243,-1.7471877534903
25.1440126223959,25.2194550914469,26.3549114259113,28.232299825772,29.7358742461239,30.1844025188057,30.1627774855961,29.9104137857527,29.7757840134951,28.8649580881651,27.518625120718,26.1301173025294
22.4743778853338,23.3406978150455,23.4701333691588,22.8310158906372,21.881283799985,20.7712411999913,19.7670352860276,19.0605422270879,18.812752130699,19.1019572841208,19.8197337480479,21.0527863066506
27.4641964851497,27.2004999787998,27.4637483071852,27.9787691706108,28.2634987186517,28.177854334179,28.3183528401817,28.8904080490882,29.2544624121577,29.2686190676354,28.8245331244924,28.1550959763961
17.3199547848922,17.8196727399895,17.3252952283095,14.9943704043041,12.5208319036382,10.409683970913,8.78676938819748,8.08681092991485,8.32409004710691,9.86956237563748,12.2249328063652,15.0243139213773
22.7784888844901,23.2348976694961,23.1058096562915,22.5570630807439,21.5116002708403,20.2635848034325,19.205010648871,18.4637722675609,18.2416224655833,18.7921458564754,20.0819766509438,21.4763241605289
24.0823888741171,23.7507890980308,23.7784843719491,23.9967629607953,24.6058849089999,25.2084622422144,26.2341020515972,27.0913068349566,27.2838252600961,26.7725843895542,25.8664265233494,24.7902090476224
-1.7556580390647,-1.88052287321798,-1.90740297497959,-1.88193915032043,-1.79157322722082,-1.28755179277394,1.38338109763852,6.11913596830905,7.04337342841424,4.44423355690819,1.60773923140503,-0.98566732851495
29.2145180538861,29.0044257179631,29.3095459034156,29.8675977946147,30.0396910695345,29.7104492868142,29.1865284354881,28.952651512688,29.3992162251463,29.9421243583088,29.9593021477377,29.5816556008718
27.7381924655196,27.6246716106308,28.2866034903963,29.6593895051755,30.5893265833432,30.5914311980089,30.0416824799251,29.5395019463995,29.5666813733515,29.7045148634662,29.3306325003654,28.5085947392461
27.5610422499116,27.3275829619011,27.3192477307541,27.445173090208,27.7156598549256,27.8891311591583,28.0967050321761,28.4487672897978,28.7745684068685,28.7744492154431,28.4909514306087,27.9086483898171
24.2364656536882,23.4819410072304,23.9717014915971,25.9589321204951,28.5014649036684,30.2788030651505,30.8109541243648,30.7272064364006,30.3451603551542,29.5313597190958,27.8524047678378,25.7570139704631
26.4578518623886,27.3105826180733,27.7758044383593,27.5839277518282,26.7472882341083,25.5248114044695,24.4812097694879,23.845509697299,23.5390725924249,23.7633450810921,24.5485329242373,25.3720797268315
24.8351273872331,24.6105874398615,25.0249425286495,26.1271183376721,27.6432128801944,29.1093106265709,29.900889002805,30.3189249988196,30.0659513890893,28.7981931359826,27.1031130641653,25.7559869167626
24.6498172903492,24.3468061681441,24.38271250023,24.4331276672554,24.8416445108184,25.2603441621247,25.8217655779703,26.4970964705499,26.8776847830615,26.7268925148933,26.1190907364009,25.2162657447482
26.276489497629,26.1055475774313,26.1987814248706,26.3476768559163,26.7590643448177,27.1466963561432,27.3826514409233,27.7155906947288,28.0497908598736,28.0119091434292,27.5156433615319,26.7319881069239
27.2189728683007,26.8638155949637,27.1028862084743,27.7725849898322,28.3119206836996,28.3118494697849,28.3380598940932,28.8419412105397,29.2096730109916,29.1447773463485,28.6508873423938,27.923895936065
27.2763842226696,26.9214677557524,26.972478543877,27.3672067877971,27.9272842955964,28.5518636724112,28.892771666449,29.1329003464196,29.2623979881586,29.0704155496343,28.5674566701584,27.89556210346
26.9762243465564,26.9899249425305,27.3545356207139,27.9437967210122,28.4222713487942,28.4903617239156,28.3397122451843,28.1486432160875,27.9129187324729,27.9231803431126,27.7491298474652,27.2769661268192
22.9307169340699,24.1180107588829,24.5582880539247,24.0583579735019,22.8644220917097,21.3923246994617,20.0498922894839,18.9781402914173,18.54590341183,18.8420956412058,19.8670018259183,21.3557903909102
25.0446209123348,24.7034867573317,24.7274339093496,24.9470931637019,25.5480580682752,26.1354443896374,26.5473761499435,27.0089748423331,27.3348575550554,27.2001802345228,26.5733754551003,25.6660770729616
28.2010825628076,27.9473169332709,27.9292404558861,28.0400314034543,28.2498236296155,28.4727204700393,28.7119093445268,28.9486582934059,29.2043931538424,29.2202107625498,29.0832709039159,28.553941792251
-0.550574130459654,-0.476658020650437,-1.43814915612168,-1.75166450997037,-1.81400889702331,-1.81349738682558,-1.80078692126724,-1.79372022371215,-1.77487276909657,-1.78456310307543,-1.80457810896166,-1.5632531797536
23.9095701503977,23.4928311075504,23.5282713089352,23.7457242579071,24.3228011015474,24.930614201208,26.4741354229498,27.5643500859158,27.5801271339299,26.81582038405,25.8694458150479,24.7210839733588
15.2508728016068,14.386996319038,14.3000896263459,15.3009942866599,18.0968202026415,21.775528265242,24.9217966091778,26.5674079807551,25.4453455278264,22.6534543862402,19.7369325737092,16.9743405522629
12.5490308711839,13.0255981691626,12.5043680379956,10.6362266916983,8.70721223372513,7.15420846676673,6.03346269973937,5.51305414224277,5.59551945867477,6.61464978640014,8.45099690530596,10.7624614960814
21.0393432390955,21.8289033461894,21.3839916369888,20.3483668805512,19.0478209527701,17.6840988341579,16.6374233440879,16.0855369996745,16.0092270621987,16.5067995092663,17.6455074891677,19.381154886026
24.6389184672529,24.0530266796623,24.7176262900914,26.7602576781056,29.1129114089008,30.1059279651729,29.337340514531,28.3747333408126,28.3584411292281,28.4648196674282,27.5543350961512,25.9271425027955
26.0204926332121,25.6689801800379,25.6377794208847,25.7993585027302,26.3673309703823,27.1019904283862,27.5174900740359,27.9019598078199,28.173175423919,28.0906931435952,27.4666747490669,26.6610105155164
29.1924495148407,29.1433972393206,29.3425579003787,29.3152228037103,29.0716125131938,28.4819598249257,27.9086082466552,27.5859951731095,27.5756939481854,28.0041741007703,28.6604163885627,28.973379510781
28.0684548256974,28.3061807595074,28.9381502708163,29.766723316016,30.3891412656292,30.0494505363963,29.6783998138876,29.8792189620416,29.5973957285617,29.2292943175803,28.8884845081116,28.3689057843101
17.233920650129,18.1498533193973,18.0486494745943,16.6482799312131,14.907338806917,13.412401095749,12.255600755604,11.716017779001,11.5973346555128,12.2082911486132,13.3821317862318,15.2931541991164
26.8329474838577,26.4217717466735,26.5452395349469,27.1624365411823,27.8872834781914,28.2272194186555,28.337420943381,28.763728209196,29.0706845827207,28.9549836697071,28.410963989919,27.6072168359633
13.1840754720254,14.0987300832929,13.9946163344709,12.7714489460766,11.2705239664983,9.96871633053633,8.92977372308631,8.33068504108787,8.13530941453185,8.67291431718715,9.83416884461827,11.5929818021714
21.2478656324343,21.9641474915935,21.8101429539367,20.604558156353,19.106503819161,17.8516498550417,16.8738721722304,16.306528918206,16.1014675018257,16.576529455867,17.6627704006527,19.3714824141521
24.9055419064548,24.6169637974484,24.7044275492889,24.8798267306847,25.3212584055241,25.8625011624074,27.164912516651,27.9423875357876,28.0607385229751,27.4214710752658,26.5353455191269,25.5825557859764
24.1110025842644,23.7751161770216,23.7612842934469,23.7544787131479,24.1082396353967,24.5400212741714,25.2171948116529,25.9831837490226,26.4184236046392,26.2375482812603,25.599512407164,24.6912867318335
16.2762204778506,15.6486757398311,15.588439121998,16.1795633492405,17.3734122097817,19.290278247025,20.6594093269909,21.7058852257839,21.7779612768705,20.7144201950476,19.0212282760849,17.3768216206945
25.9170815855549,25.8907410401623,26.6449331340789,28.1788010919163,30.2041250620679,30.3491974220504,29.0485108889485,29.2436265889535,30.4702863461408,30.1492437427887,28.1428079660504,26.7467365120997
20.9947340954028,21.7493314759055,21.7598144770352,21.0261348928236,19.9703660188939,18.7637340787681,17.7126219463114,16.9814296634829,16.7741730856296,17.1171008299695,18.1285377691097,19.6243569231913
18.7365210095699,18.2565213503641,18.1969195491713,18.4460517697799,19.1495667129792,19.9981853349539,21.5847083093422,22.8924128387731,23.3054167601241,22.5350653193764,21.2498472669971,19.7217371520332
21.2021709395324,20.460889928862,20.4961537251952,20.6564231148106,20.8292815078318,21.6415582353237,23.3556954369843,25.4770379135793,26.411837032677,25.6351226461366,24.3165482907105,22.67485513926
26.9577526727598,26.5670122955756,26.9948749279965,28.2662405920614,30.0824894320669,31.0797489056472,31.5488415832646,32.0247927578225,32.3793862347022,31.9570185490293,30.2226022577085,28.3684382581297
21.353612750036,22.1658527387703,22.2506106267163,21.5381705644655,20.4259035619482,19.1455312044173,18.0626334539647,17.2885844370831,17.0774609989426,17.4504840073622,18.4696218926281,19.9733738340666
23.2612398461627,22.9466618292747,22.9350182789319,22.9929232104052,23.4271301007879,23.8291227516666,24.3076401450987,24.8492746575088,25.2041948180913,25.0640101639728,24.5186044317868,23.7225270035859
14.2082257061341,13.5059614874359,13.4566208538614,14.2593851252849,17.0043897364301,20.4320256199613,23.3204497712266,25.01916499281,23.599828688814,20.9633609691659,18.2355718464231,15.7587305907873
25.6945056265779,25.3594983300579,25.4291513465896,25.7191410734276,26.3838079144544,27.4941439013659,27.8928105843269,28.2337177159612,28.4372022776456,28.132563752026,27.2318090479903,26.4482485741692
27.5124598880488,27.3455997616707,27.4205052210161,27.6403946310626,28.0205237900307,28.2493269508453,28.4340919535025,28.4990383667741,28.5886906090097,28.608459021239,28.3467897482772,27.8756702149471
26.4254546659802,26.0835428181371,26.107173999835,26.2752130412278,26.7958459160565,27.4927997317827,27.9033391452525,28.27840806215,28.5554010582839,28.4570222089535,27.8405877029787,27.0864668764024
25.7637123280239,25.6209015370836,25.7839757744353,26.0072195317571,26.4400017128917,26.9922643750422,27.6810057339875,28.0741788532754,28.1568393284124,27.7968675885383,27.0629741207804,26.2095105983284
29.9921903134496,29.8689824326299,30.0852071891897,30.2698142189111,29.7222094263383,28.881025780265,28.0642680972346,27.6130356898471,28.117605801957,29.122698890875,30.0580081056064,30.3253464865604
29.7126200226295,29.650194571579,29.9450544089447,30.2628886576784,30.0337548538596,29.3886222830888,28.6468144004737,28.2337779180616,28.5989787027281,29.3840282227877,29.9689830024582,29.9316187774472
27.0067082407959,26.653927255017,26.7389383677163,27.357858008575,28.1593257794148,28.8262624423334,28.9306758707541,29.2226051506747,29.5288982834517,29.3578004867046,28.6880176252047,27.6976362639961
26.8747536602133,26.4341655894989,26.5928442000791,27.2726860875771,27.896108416434,28.0178124255177,27.9012720040256,28.4633330404232,29.0087002070479,29.044931970445,28.5953345537393,27.6935222308454
26.9728760386706,26.5694955460315,26.728917577703,27.4454769562615,28.2017465160163,28.4967017639575,28.4695857408242,28.8881155278902,29.2329040346275,29.1176539835647,28.5816703363935,27.7242867143167
26.8904984225135,26.5130141434563,26.6492581952313,27.3215844236542,27.9966275111454,28.1951163894017,27.9924281259662,28.4385465414168,29.0491712356942,29.0912083950962,28.6098589393153,27.6319126605073
30.4764041615957,30.4451827025795,30.5561218467945,30.5376377744917,29.2365407126476,27.6178054824416,26.1900057586473,25.6119489928656,26.2105564638788,27.8448223428784,29.3882173907125,30.2414212242726
30.8157057386577,30.5461029370733,30.5674071001922,30.6001252861403,29.2460287334335,27.535853138,26.2179770226793,26.0062934394171,27.2269633699845,29.1371484711208,30.7482274257054,31.248483590809
29.9561695008005,29.7498153848763,29.9501675238361,29.9917761153409,29.029460232423,27.8679216431173,26.8720479866398,26.4343755525632,27.0645107769596,28.5223391283424,29.8524019860023,30.2935205820936
29.4563566800296,29.1722993299718,29.673438385374,30.4431546812237,30.6182481518359,30.0231835266055,29.1099547614122,28.6246462365234,29.0233241324462,29.9747038723025,30.6473784153085,30.259298023187
29.0770106270687,28.8740676922661,29.5460009459276,30.4176589189184,30.607758026309,30.1660860174637,29.4680528561247,29.0335527932193,29.2667788545203,30.0625371310984,30.5187581313646,29.9122685929347
18.052602895903,17.0518504974606,16.8998202108991,17.8864507152816,20.4960043497698,23.8783987983255,26.4275586685909,27.6892414046989,26.977012471853,25.0685469342745,22.4376472078186,19.8721561439011
21.7825775551134,21.0578124202158,21.0738366142336,21.4416018212488,22.0120373058615,22.8309637182887,23.6692307668562,24.8021518208234,25.5471016097004,25.4555886639687,24.5699268409166,23.0931044670857
28.3146909466408,28.7326213180588,28.7111420119571,28.0495847208349,26.8124096746662,25.7225187995568,24.8736389804596,24.4598018269034,24.7062482223497,25.3502330609867,26.3636264112716,27.5262832002557
29.2824131357044,29.229667281862,29.5426205210763,29.5188914256219,28.9948922044815,28.2256429249282,27.1903602566929,26.5239838374194,26.7016265236842,27.673192559315,28.6721301795178,29.1463747284781
28.4688864315501,28.2403145463557,28.3940330655122,28.8912575004826,29.4029977049038,29.6397253278649,29.5742906143891,29.4885379391931,29.6687565437928,29.7932219747413,29.6353775579485,29.0355324179437
29.5027549088958,29.6101892546192,29.6444310781876,29.4232554751598,28.8222460498863,28.1343049307993,27.6620591125196,27.4591259535753,27.5925961925169,27.9921773346385,28.6861236994266,29.3136029783324
27.0554923543324,27.6103846737609,27.8914808187314,27.4913601096045,26.3040891854384,25.010414314885,24.1737331077333,23.6813682097348,23.7214666763017,24.3857677891791,25.2824943538334,26.2898667253599
-1.92743008109705,-1.92881933050445,-1.92838322591085,-1.92616079400768,-1.8997222098707,-1.75463144977737,-1.15275752806823,-0.207224689134141,-0.432304762612006,-1.54033679369578,-1.85749014547958,-1.91235322625993
-1.89861544409743,-1.92949837829895,-1.93704249227639,-1.92564659044443,-1.80148428806447,-0.953030663716421,0.836329869513666,2.26147634623975,2.1026416746354,0.0941041100621364,-1.4878854641099,-1.82925420265288
26.2236193349425,26.0457833250179,26.1567253923233,26.2473861182593,26.5593205578638,26.9541727177846,27.4107405038725,27.901453188089,28.1598756421687,27.9694397413949,27.3979987429766,26.6258000787416
26.3493387352617,27.0309301417356,27.3493232177932,27.1768550881603,26.6116858472424,25.8083725113703,25.1429454674625,24.8922330257323,24.8985801127587,25.1034792382854,25.4294234588083,25.7713134362243
25.6441936243777,25.931116711559,27.1225026331282,28.8382761462998,29.9833967104092,29.8469654614387,29.340503451727,29.1563833195781,29.4241053061675,28.9026464282148,27.4973956041485,26.3395908821109
28.3763272249369,28.9873590472036,29.4138849587848,29.1627298353252,28.0179377225519,26.5962410587803,25.3679769500999,24.6214036214341,24.4507975347526,25.1329232754364,26.3472755118853,27.3892836987718
18.0200243640155,17.0457249551506,16.914059783926,17.9541608299021,20.5969673914717,23.9176391668566,26.6851709134966,28.2797799821533,27.6318238533319,25.4667147888616,22.5089841662262,19.8151366298581
26.7380774707135,26.567562668716,26.6722432290093,26.8446700232021,27.216194704514,27.554935601632,27.9727169511684,28.3076620547895,28.488108439454,28.3810641783303,27.8832453797875,27.1429424693671
28.0965934229258,28.2234761578638,28.4144773705074,28.5447385081867,28.4477737318848,27.8143599618602,27.2696986931141,26.9591153327665,27.3009457149537,27.9049284616276,27.9653306937277,27.8472956639385
