1	1	0.9942891844091287
1	485	0.0006482551375591347
1	1742	0.001644427240220872
1	1756	0.003418133213091269
2	2	0.9957580377327654
2	132	1.074771045383563e-06
2	764	6.872934074148009e-27
2	1084	4.12385511642104e-27
2	1245	0.002048154653025997
2	1440	0.002192732843163183
3	3	0.9958279414991423
3	590	0.0001032555125743873
3	743	0.0006157148591645735
3	769	0.0002631504208604938
3	846	0.0007383220440205735
3	1228	0.0006923219544403955
3	1586	0.000801787229686559
3	1639	0.0009572333401176989
3	1654	2.73139993046636e-07
4	4	0.9968379615163825
4	624	0.0008118731347212676
4	657	0.0003057283248340272
4	770	0.0006187579435314309
4	1263	0.0009006900833369275
4	1330	0.0002180239345982125
4	1380	0.0003069650625956024
5	5	0.9937829661059235
5	547	0.0001562494165722267
5	687	0.001854511298063295
5	885	0.0004382496096195509
5	1035	0.0003442131796649557
5	1404	0.002552400733648888
5	1807	0.000871409656507546
6	6	0.9950175648531133
6	553	0.001508255980833574
6	556	0.001338389995257797
6	582	0.0007879373906776417
6	1159	0.001347851780117675
7	7	0.9960535685364598
7	512	0.0005809111480149464
7	579	1.440177502047721e-08
7	653	0.001038524882098293
7	681	0.0009149988208726256
7	1374	0.0001101940900795801
7	1455	0.001092369427031187
7	1642	0.0002094186936684958
8	8	0.9931830575794134
8	603	0.0004689568391864914
8	682	0.0001204151881505008
8	795	0.000764763706773893
8	1009	0.00403097441959009
8	1059	0.001431832266885587
9	9	0.9912186321000683
9	528	2.185576242582799e-05
9	539	0.0003043377254524459
9	576	0.00271855514124278
9	1070	8.313957531214878e-05
9	1125	0.005653265846703007
9	1685	2.13848795432734e-07
10	10	0.9904621175343163
10	921	0.006317489961220407
10	1261	0.001501743252606609
10	1284	0.001718314039143034
10	1562	3.352127135511766e-07
11	11	0.9962230656384561
11	313	3.342618515284422e-07
11	650	0.001230997715740607
11	745	0.0008910865080068119
11	1320	0.001654515875944884
12	12	0.9904171996326616
12	587	0.002923481157007895
12	779	0.0001858860473342022
12	1409	0.006473433162996258
13	13	0.9881508650994789
13	372	0.002054850987386713
13	1899	0.009018476190485821
13	1928	0.0007758077226486368
14	14	0.9959540190454119
14	647	0.0003568041407764012
14	673	0.0005999214837252996
14	896	0.0003901210439412
14	972	0.0003730776791766419
14	1266	0.00140942908350802
14	1377	0.000889279627951732
14	1710	2.734789550877209e-05
15	15	0.9948572089237271
15	363	0.000270045295383277
15	946	0.0008615258458263169
15	996	0.0006472764333370847
15	1041	0.0003842503556324809
15	1278	4.227280947045274e-05
15	1433	0.002937420336623238
16	16	0.9962501314400092
16	423	0.0001381434454611381
16	725	0.002192416075259425
16	1081	0.001419309039270183
17	17	0.9884252080120522
17	1039	0.002048814568426324
17	1370	0.00952597741952141
18	18	0.9913828526696019
18	625	2.698535308880964e-07
18	899	0.001192499361911297
18	1344	0.00257336880624792
18	1752	0.004851009308707948
19	19	0.9945832871312988
19	878	0.0007150108042718207
19	1023	0.00223254989972171
19	1042	0.001399193546547775
19	1222	0.0009611566141283061
19	1494	0.0001088020040315021
20	20	0.9954661582903471
20	408	0.0003929508457562269
20	1055	0.0002967040056197348
20	1072	0.00100601855786473
20	1577	0.001447538088045562
20	1584	0.00139063021236666
21	21	0.9907622139717822
21	461	0.005981770091250569
21	788	0.002355356083181802
21	1045	0.0007761254212653296
21	1429	0.0001227318777402093
21	1853	1.802554779805874e-06
22	22	0.996678601593276
22	718	0.0004080336625850664
22	827	4.684671005589325e-05
22	977	0.0006971197661969269
22	1005	0.0005884047924387197
22	1316	0.0008332403831189384
22	1593	0.0007477530923284322
23	23	0.996508389762127
23	998	0.0008896028358323377
23	1920	0.001790182310396766
23	1941	0.0008118250916438875
24	24	0.9932903792201142
24	489	0.001279816309562923
24	804	0.0007089138691501173
24	968	9.594856037190217e-05
24	1254	0.003297642361233371
24	1506	0.001327299679567431
25	25	0.9931609970286489
25	433	2.118330846320597e-27
25	530	3.298000937467491e-05
25	1172	3.36274279105607e-06
25	1355	0.001003704570711676
25	1518	0.005798955648473804
26	26	0.9921787051951838
26	545	0.0006336050949516971
26	550	0.004374279186453452
26	962	0.0004810731252335525
26	1189	0.0007084700700208451
26	1683	5.985169468323741e-07
26	1882	0.001623268811209748
27	27	0.9958881319967238
27	418	9.655337430070649e-05
27	1332	0.003062974986775439
27	1567	0.0004878603708253965
27	1573	0.0004644792713747381
28	28	0.9954031169013642
28	586	0.00108633319650099
28	1740	0.003218618108376303
28	1835	0.0002919317937585185
29	29	0.9923713381451462
29	730	0.002254421378981514
29	1196	0.002432002583621872
29	1327	0.002942237892250453
30	30	0.9927418736361557
30	484	0.0006661642618539673
30	643	0.002224301886175896
30	935	0.004367660215814351
30	1481	9.697975903006805e-28
31	31	0.9931976821433809
31	387	0.001788541929534823
31	551	0.0001097451478408441
31	796	0.001636232676265314
31	1580	0.0003651528270547817
31	1698	0.0004262637063675186
31	1945	0.00247638156955589
32	32	0.9958595365332029
32	424	0.0002276660701523292
32	508	0.001457423187406636
32	634	0.0001787061443122143
32	697	0.000306238242469366
32	1349	0.0004319047452315933
32	1621	0.001218901168800797
32	1848	0.0003196239084242029
33	33	0.9954472815414817
33	564	0.000176016531826231
33	620	0.0005406843953474286
33	1170	0.001447877787894825
33	1937	0.002388139743450003
34	34	0.9960467158618523
34	470	5.485812056876481e-05
34	629	9.645866486638079e-06
34	852	6.544205838722405e-05
34	993	0.0001593092570575066
34	1528	0.001303100509302805
34	1610	0.001737313393456484
34	1659	0.000623614932888217
35	35	0.9972356899075268
35	195	0.0001781036872643622
35	649	0.0003225662324788062
35	1407	0.0006021560530630592
35	1712	0.0007534167206215408
35	1933	0.000908067399045468
36	36	0.9906397655515975
36	675	0.006204766557598581
36	738	0.00208503055937223
36	794	9.313062756866839e-08
36	1303	4.546731768139431e-06
36	1612	0.001065797469036013
37	37	0.9979468282242824
37	638	0.000580073550935578
37	694	0.0001056943095080742
37	749	0.0008391566190145676
37	1099	0.0004595681291629526
37	1474	6.867916709657383e-05
38	38	0.9972896895698549
38	799	0.0002919269711529005
38	901	0.002418383458992289
39	39	0.9950233733829584
39	588	0.000164405420205784
39	957	0.001144204817814094
39	1645	0.003046304041766444
39	1667	0.0006217123372552871
40	40	0.9991779934027508
40	1195	0.0008190744694307076
40	1968	2.932127818440878e-06
41	41	0.9796044883789998
41	476	2.388912258087908e-06
41	868	0.006071903412004071
41	948	0.006522032334557431
41	1313	0.002154530939312049
41	1772	0.00468122762257456
41	1786	0.0009634284002939689
42	42	0.9939587693391168
42	543	0.0011861366634919
42	566	0.002201640149639825
42	631	0.001123411986094092
42	1720	0.001530041861657362
43	43	0.9957223983728145
43	526	0.0005433728648337414
43	546	0.0001135583021641259
43	632	0.0002515630211109399
43	895	0.0004008769416787582
43	911	0.001208830068525051
43	1048	0.0006443117796908137
43	1368	0.001115088649182058
44	44	0.9930706065804019
44	473	9.886420842511868e-05
44	601	0.0006728234527559495
44	667	0.00140877723556281
44	1256	0.001679069986648598
44	1630	0.0005918202186275433
44	1655	0.0009840697559824613
44	1675	0.000144431222983047
44	1705	0.001349537338612704
45	45	0.9954917613064463
45	633	0.001349515898691446
45	836	0.0003832257021841766
45	1578	0.001374834707564292
45	1632	0.0007013208700864479
45	1862	0.0006993415150272507
46	46	0.9948494656211146
46	1025	2.434052259160768e-05
46	1217	0.001926441339973688
46	1671	0.000601829019543197
46	1707	0.002597923496776875
47	47	0.9944509110171252
47	572	0.0009869256916799998
47	761	0.002294270819663352
47	1010	0.0001593157505599072
47	1051	0.0001307359614607095
47	1076	0.001505665668976441
47	1213	0.0004721750905342395
48	48	0.9964192955914344
48	492	0.0002321005689389059
48	692	0.0009972642744826676
48	893	0.001661417487338633
48	1420	0.0002988420446360874
48	1674	0.000391080033169442
49	49	0.9901188695513868
49	400	5.682439545748516e-08
49	523	0.00129510469686002
49	831	0.0006326478908395031
49	975	0.001153469049819949
49	1074	0.001814170142563014
49	1210	0.003053728878494564
49	1496	0.001931952965640753
50	50	0.9892560369264377
50	519	7.882996408060939e-06
50	549	0.0004799207110487788
50	923	0.004289892969275929
50	1644	1.573603476139853e-08
50	1845	0.00596625066079466
51	51	0.9949131387474758
51	435	0.002546523062292439
51	1308	0.001695629214526105
51	1689	0.0001086755632513898
51	1846	0.0003945035046566875
51	1855	0.0003409624488166516
51	1948	5.674589810639517e-07
52	52	0.9961641660776017
52	513	0.0002801063696731925
52	537	0.001684331832872825
52	719	1.194312455596725e-07
52	870	1.586280094996248e-09
52	967	0.001031921540976141
52	1259	0.0007257433067469477
52	1399	0.0001136098546034635
53	53	0.9947944276154015
53	444	5.767502436536895e-07
53	828	0.003192812374480797
53	1079	0.0005462633323512479
53	1191	0.001465870020360588
53	1915	4.990716225621498e-08
54	54	0.9953069676852835
54	462	0.0007142433246072822
54	521	2.809579597890999e-08
54	927	8.07472376529405e-08
54	941	0.000913757143138761
54	1660	0.003064923003936778
55	55	0.9978332357706864
55	746	7.657091707793057e-05
55	1012	0.0006538426857590453
55	1128	0.0004018966209327938
55	1628	0.001034454005543817
56	56	0.9915136578105864
56	734	0.0001001455344183023
56	787	3.167064377191992e-07
56	1204	0.0002408050775418991
56	1791	0.005040797240949193
56	1796	0.00228501253080198
56	1873	0.0008192650992645309
57	57	0.9922093240649406
57	479	0.002060006464220065
57	891	0.001653540605210568
57	1119	0.0004355520201205818
57	1650	0.002050323073743636
57	1825	0.001591253771764495
58	58	0.9969081973548947
58	606	0.0003426261354694542
58	705	0.0009903195211982184
58	823	0.0001164514803424189
58	847	0.0005912882299620984
58	853	0.0005318411533159204
58	1575	0.0005192761248172211
59	59	0.9962532601929076
59	557	0.0006551779464474636
59	1063	9.402893269557777e-05
59	1137	0.0002132521006841627
59	1203	0.0009710916196827309
59	1602	0.001396916756228541
59	1657	0.0002800827307360074
59	1702	0.0001361897206179481
60	60	0.9938975029812767
60	395	0.002484874080590583
60	627	0.0003594085894623291
60	1071	0.003258214348670347
61	61	0.9767092874335392
61	623	0.001259449541449921
61	658	0.002767782563198028
61	838	0.002694418798890569
61	1015	0.009668356788447506
61	1490	0.006861081057771432
61	1579	3.962381670337823e-05
62	62	0.9974011180385343
62	452	0.0002536617635987392
62	912	0.0005643139237118612
62	1130	0.0008469152435001188
62	1566	0.0007998655090862084
62	1808	0.0001341255215689376
63	63	0.9952445637305121
63	726	0.0005745726717198946
63	784	0.001711848933619953
63	793	0.0003224555768444321
63	801	0.0004958942356830121
63	888	0.0005157493707812151
63	1719	0.0011349154808394
64	64	0.9912996483428138
64	548	0.0002229121361027744
64	1285	0.001031288439629917
64	1543	0.0008419821275651837
64	1559	0.003848991814832477
64	1585	0.001576101305770793
64	1914	0.001179075833284973
65	65	0.9956662756544417
65	611	0.000630071905684117
65	740	4.134094102197713e-05
65	809	0.0004114397191393322
65	1093	0.0009438808989785933
65	1149	0.001702739569873171
65	1558	0.0002747702003396125
65	1570	0.0003294811105215777
66	66	0.9951282267707137
66	747	0.001315904818191043
66	805	0.0008750507969874751
66	869	0.0008026043611618689
66	1134	0.0006926594302344871
66	1408	0.001185553822711622
67	67	0.9970572489652985
67	594	5.782844845568716e-05
67	894	0.000139849723180645
67	1019	0.00124629183923472
67	1131	0.001003029848932077
67	1199	9.936240055583331e-06
67	1336	0.0004858149348427578
68	68	0.9948635818452528
68	626	0.0005594188141040894
68	789	0.0003130871320140517
68	808	0.0001139789146547507
68	877	0.00186207316121853
68	1121	0.0003658135719192167
68	1194	0.0001009396346728381
68	1238	0.001499796173213129
68	1859	0.0003213107529506422
69	69	0.9954194676629418
69	837	0.0005849798527109371
69	845	0.000656357219012527
69	881	0.0002488858310897832
69	915	0.001413656258518671
69	1292	0.0009486267550899572
69	1305	0.0003228291779188186
69	1913	0.0004051972427175671
70	70	0.9916548646035949
70	518	0.003507896568551737
70	866	0.001979217082809645
70	922	4.153522152317533e-27
70	1018	0.001732538997870301
70	1599	0.001125482747173376
71	71	0.9949324815372956
71	568	0.000151987549441092
71	752	0.002590887536479878
71	756	0.0003668034773107747
71	785	0.000430865321269267
71	980	0.0004790753516411207
71	1066	0.001047899226562208
72	72	0.9971961177912068
72	500	0.002400506599128405
72	614	0.0004033756096648972
73	73	0.9982544321780188
73	637	6.392636589485799e-08
73	711	3.555221972181912e-27
73	958	0.001548356557897372
73	1812	0.0001971400322565598
73	1909	7.305461327568631e-09
74	74	0.9944632768838224
74	575	0.00115123182496355
74	949	0.0006682830030533104
74	1016	0.001767873043155467
74	1029	0.0009585793583770597
74	1415	0.0009907558866280727
75	75	0.9943553485983525
75	902	0.001105957604475801
75	1375	0.001006692572747606
75	1453	0.002183656986105454
75	1678	0.001347805082854491
75	1734	5.391554640688292e-07
76	76	0.996219573860152
76	310	0.0001343759741804249
76	748	0.001115887751974234
76	781	0.001429909318651148
76	1164	0.0001178316459925504
76	1176	0.0008906024847288446
76	1832	9.181896432077211e-05
77	77	0.9925681961020439
77	439	0.0002057003768557373
77	758	0.0003677459508897024
77	919	0.00299762106037612
77	1030	0.003173541607146237
77	1442	0.0006871949026882095
78	78	0.9951537397758302
78	541	9.260478104910872e-09
78	994	0.0005660441679444555
78	1026	0.001119756786381838
78	1108	0.000693492872056769
78	1379	0.001634595504206548
78	1478	0.0008323616331020372
79	79	0.9948645952312921
79	930	0.001129248294034901
79	987	0.001596439272069736
79	1322	9.54467680492396e-05
79	1378	0.0007747448561099958
79	1595	0.0008451878171480615
79	1860	9.677565730473582e-05
79	1888	0.0005975621039912434
80	80	0.9929884243263238
80	529	0.0007370975985796457
80	656	1.023776357596458e-05
80	767	0.00236242718948982
80	990	0.0002636192180463417
80	1205	0.001057708830058203
80	1526	0.002580485073926201
81	81	0.9941463641956596
81	481	5.201309333160153e-07
81	493	5.181087064552255e-09
81	782	0.0001307525003568436
81	800	0.0003401493282901745
81	909	0.001336076169974353
81	1177	0.0008037459224687329
81	1315	0.00172444543954165
81	1924	0.001517941131688201
82	82	0.9957682707895096
82	671	0.000194252376847827
82	706	0.0004812752394587753
82	778	0.001680699102395789
82	959	3.637860743866734e-05
82	1082	0.000525629703698457
82	1200	8.322032586671976e-05
82	1922	0.001230273854784315
83	83	0.9956748692667341
83	314	6.491510417770661e-05
83	985	0.0001614786076475506
83	1043	0.0029533674865032
83	1841	0.001145369534937399
84	84	0.995453814841012
84	676	1.320218591230624e-06
84	1341	0.0001101691772565412
84	1343	0.002108260532291075
84	1382	0.002326435230849083
85	85	0.9967353585281665
85	342	1.211734079147347e-08
85	850	4.988506416620579e-05
85	952	0.0002049083727053127
85	986	0.0002581872104405487
85	1267	0.0007755169095003819
85	1387	0.001388278434758675
85	1647	0.0001297372059622187
85	1806	0.0004581161569593621
86	86	0.9970549987908234
86	874	0.0008802979116897873
86	1479	2.734559197966788e-27
86	1741	0.002064703297486899
87	87	0.9885956735174082
87	717	0.001084002819750077
87	744	0.000963842143054092
87	839	0.004351723292823569
87	1154	0.00464013688530144
87	1212	0.0001376955706230006
87	1461	0.0002269257710396795
88	88	0.9933182226095766
88	639	0.001154986393804243
88	830	0.0009452467124145633
88	892	0.0007978703480270178
88	925	0.001753087344450455
88	1187	0.0002732574285814952
88	1782	0.001757329163145493
89	89	0.9961126645504476
89	699	0.001643626543404646
89	937	0.0005154293450373689
89	1287	0.001728279561110455
90	90	0.9949468330104442
90	421	1.177428300003258e-05
90	690	0.001349506591084773
90	867	0.001010325243992312
90	1057	2.722209870686727e-08
90	1240	0.0001758788748442313
90	1277	0.001272470620010213
90	1281	0.0001298050697161345
90	1363	0.0005800257842846669
90	1717	0.0005233533005246918
91	91	0.9934859711421195
91	1064	0.003472752602683283
91	1738	0.001749170104541355
91	1755	0.001292106150655938
92	92	0.9958363908132198
92	1028	0.000963122374431801
92	1050	0.0006862756794258663
92	1058	0.001088485255086716
92	1181	0.0001886528245015946
92	1235	0.0004737899319301954
92	1241	0.0005048575003882255
92	1886	0.0002584256210157354
93	93	0.9972021881055416
93	332	2.131672910311963e-10
93	412	0.000179874952613696
93	829	0.0002159806289740547
93	1186	0.0005074437899488672
93	1239	0.0002915450933297181
93	1329	0.0006420697607291878
93	1334	0.0009608974556954475
94	94	0.9970281420427752
94	720	0.001494610347798601
94	813	7.710813889619813e-05
94	981	3.472218762853836e-05
94	1250	0.001120220884827263
94	1386	0.0002451963980741524
95	95	0.9945342166010946
95	1184	0.002038707282904836
95	1202	0.0009028599166343395
95	1290	0.002524216199366399
96	96	0.9959244178557808
96	517	2.997459179703707e-06
96	862	0.0002942218675699864
96	1411	0.001343880796980533
96	1435	0.0009637198051596653
96	1458	0.000744531421406724
96	1692	0.0007262307939225239
97	97	0.9940449953447027
97	365	1.59734406120607e-07
97	640	0.0004727152093992908
97	928	0.0002073944054084271
97	1297	0.001003312969212036
97	1402	0.001988361990737599
97	1421	0.0009849047799384844
97	1439	0.001298155566195266
98	98	0.9964139815323686
98	371	0.0006768369547700666
98	391	0.0002107342607087233
98	736	0.001818778500951366
98	1120	0.0001337177954205939
98	1160	0.000269357208121072
98	1531	0.000476593747659602
99	99	0.9965291986418042
99	416	1.32964765500989e-08
99	797	4.629551497311483e-05
99	913	0.0009662837973914452
99	1400	0.001767653317199242
99	1438	0.0006905554321553133
100	100	0.9940417649248113
100	872	0.001160549220453829
100	1179	0.001095174860441617
100	1354	0.0002582384763852015
100	1396	0.003444272517908058
101	101	0.9975446395255532
101	390	5.062947428110547e-09
101	504	0.0002575703778631793
101	1364	0.0007824678700152401
101	1419	0.0003884470578302919
101	1444	0.0005251490740219117
101	1489	0.0001607044170756569
101	1646	0.0003410166146932084
102	102	0.9939689666643359
102	392	8.464500454534368e-07
102	737	0.001374585500215125
102	817	0.001125691859324054
102	1601	0.001150851571738266
102	1624	0.001111253035577959
102	1895	0.001267804918763373
103	103	0.9900978974223499
103	397	4.371808894268425e-06
103	406	2.951915925979453e-09
103	569	0.0002753736739485831
103	1115	0.001630725610210444
103	1169	0.001659475975500997
103	1545	0.006332152557179871
104	104	0.9958906438490205
104	442	1.989572783949127e-05
104	619	0.0008502297243583028
104	1097	0.0008196680362772265
104	1350	0.001065733900438537
104	1352	0.0004293632782813546
104	1388	0.0009104744635950077
104	1483	1.39910201896116e-05
105	105	0.9957037525944229
105	362	2.015886598483142e-05
105	449	0.0003174902622945972
105	1145	0.0007637778795039927
105	1394	0.000820311997648208
105	1395	0.0006229671855776216
105	1445	0.001380601328675755
105	1466	0.0003709398858921205
106	106	0.9943969638947416
106	527	0.001053888894195171
106	1286	0.002172726190338724
106	1398	3.485748070213613e-05
106	1839	0.002341563540022303
107	107	0.9942712219082104
107	474	0.0006563360117124439
107	897	0.0004640808502909962
107	1006	0.0007586478527092381
107	1393	0.0001999603899720752
107	1431	0.003649752987104801
108	108	0.9892090887469438
108	574	0.001757402910181029
108	944	0.001233786612915956
108	1020	0.0043522030179222
108	1271	0.003298472679843755
108	1302	0.0001489112516804944
108	1831	1.347805128537649e-07
109	109	0.9931380209105013
109	1337	0.0005091114531847549
109	1460	0.0002474560405569228
109	1487	0.003942936373450805
109	1699	0.002162475222306241
110	110	0.9971286559705482
110	419	0.0003830133425594636
110	683	0.001238607076631135
110	1345	0.0001423891538314824
110	1412	0.0006432496809808672
110	1540	2.367086146525653e-05
110	1664	0.0002773012597656777
110	1721	0.0001631126542179353
111	111	0.9952825486120455
111	425	0.001324644219310157
111	1597	0.0001687549019399163
111	1638	0.001425654179257737
111	1792	0.0006561809829206632
111	1794	0.001142217104526091
112	112	0.9912031838401674
112	422	0.0008008155292986025
112	938	0.00120082307589861
112	939	0.001540235187183011
112	1536	0.00525494236745239
113	113	0.9848720373828017
113	428	0.008540091735039692
113	522	0.003377964117490983
113	689	0.001391550633648963
113	1513	0.001633054453894825
113	1525	0.0001853016771238419
114	114	0.9796625561407177
114	446	0.006710112257867584
114	494	0.004572751053102577
114	1004	0.006061941422151838
114	1226	0.001197459971553385
114	1319	0.0008341188691891975
114	1661	0.0009610602854176855
115	115	0.9936361592473166
115	427	0.0006599323766409259
115	635	4.379719524244998e-06
115	776	0.001839908020614158
115	1762	0.00267754646183943
115	1890	0.0002417675684517526
115	1892	0.0008275124920759227
115	1968	0.0001127941135368873
116	116	0.9971179192665077
116	467	9.956168646867187e-05
116	488	1.281327174564026e-08
116	1424	0.0006289947380174004
116	1535	3.951117859485963e-05
116	1682	0.0004378766703071312
116	1847	0.0006455724684853358
116	1849	0.001030551178347215
117	117	0.9980801912710427
117	485	0.0002024685355380151
117	715	0.000271992256776404
117	969	0.0004199324723086862
117	1472	0.0004617105623908119
117	1476	4.050078756976281e-05
117	1709	0.0005232041143734126
118	118	0.9958458360781869
118	443	0.002809564615050204
118	1232	0.0004751723924260249
118	1530	0.0008694269143368488
119	119	0.9939938940167891
119	410	0.001748497470948216
119	760	0.0003268402447440999
119	762	3.648947280948826e-05
119	1544	0.0004329772343826345
119	1658	0.001137330390104191
119	1673	0.002323971170222284
120	120	0.9917536354603785
120	903	0.004875926221029146
120	1274	0.001030923836768895
120	1449	0.001674459901675482
120	1534	0.0006650545801478427
121	121	0.9902912843948719
121	434	4.220505897317786e-08
121	880	0.003499116681880126
121	963	0.002744106033856763
121	1180	0.0004562731173092831
121	1193	0.001888608143430475
121	1219	0.001120569423592407
122	122	0.9866974197546419
122	484	0.0001437367377207937
122	581	0.001332362576035162
122	605	0.003121870578023582
122	1114	0.007324697969740035
122	1138	0.001379912383838479
123	123	0.9928398046315453
123	189	6.06105571707618e-08
123	375	2.287794643278708e-07
123	494	0.000718177169840001
123	552	0.001067124854347395
123	1943	0.001924166966844464
123	1966	0.0007762211851129932
123	1971	0.002674215802288367
124	124	0.9944792542181801
124	637	0.0003445433858659422
124	711	0.001852783758514291
124	953	0.0002392847269968887
124	1308	0.0001367791580912255
124	1477	0.0001057823109415065
124	1625	0.0002194950617763334
124	1626	0.002622077379633788
125	125	0.9948574603601378
125	501	0.002435501323596174
125	958	0.002707038147398793
125	1909	1.688672266095946e-10
126	126	0.9955046895505184
126	462	0.001653211630970702
126	496	0.001349127738773412
126	500	2.712650765690341e-27
126	1221	0.001492971079737544
126	1522	5.196602212118438e-27
127	127	0.9975147425979947
127	478	0.0004952172179926123
127	508	7.135897414880648e-08
127	861	0.0003759628523013566
127	1008	7.586708805347728e-05
127	1432	0.0004026358703953599
127	1574	0.0002641122410797322
127	1588	0.0008713907732086192
128	128	0.995220794505408
128	495	0.0003355130880371068
128	617	0.001551957982387789
128	741	0.0003151905791470827
128	1351	0.0008304255660217183
128	1454	2.582563216523088e-05
128	1576	0.0008027903344486903
128	1611	0.0001698411582038448
128	1613	0.0007476611541803282
129	129	0.995168209604351
129	580	1.417082323131205e-07
129	1133	0.002433431171276199
129	1156	0.0003877820719432634
129	1218	0.002010255831726894
129	1734	1.796124704293836e-07
130	130	0.9955816712814419
130	502	0.0004710468096177001
130	542	3.414334183852937e-05
130	710	0.001654364912727071
130	1291	0.0001198389968661852
130	1403	0.001268683709341115
130	1663	0.0008702509481674961
131	131	0.9973002148254229
131	506	0.0006023124605945377
131	526	6.140974859245937e-07
131	1243	0.0001905015761088156
131	1339	0.0004490243577386846
131	1616	0.0007722149984770053
131	1797	0.0006851176841722328
132	2	8.839242610753393e-27
132	132	0.9913303340201332
132	1052	0.001156054549842001
132	1084	1.800709401107925e-26
132	1440	0.002914257895993345
132	1552	0.004265615224437943
132	1701	0.0003337383095935661
133	133	0.9958476677751198
133	535	1.843358502538822e-07
133	1384	9.013615726192839e-06
133	1413	0.001243802519255319
133	1469	0.002899331754048582
134	134	0.992833289898625
134	548	0.001469201686951842
134	750	0.0003392344785241452
134	777	0.0009223421366720342
134	1178	0.001858220516784474
134	1810	0.002577711282442401
135	135	0.9937041450393442
135	489	0.0005476911888428751
135	1418	0.004991539068489702
135	1724	0.0007566247033231585
136	136	0.9970893618632823
136	560	0.00105263652673584
136	844	9.45463062349951e-05
136	991	0.001763455303746918
137	137	0.9921219613187723
137	601	0.0003904012483479724
137	613	0.005123182036237268
137	1620	0.002364455396642401
137	1905	1.473373947485121e-27
138	138	0.991750089405419
138	307	0.0006767551423581182
138	551	0.00201851734003341
138	555	4.914312292812105e-07
138	1251	6.8484398836995e-05
138	1389	0.004147599223554415
138	1571	0.001125918265395309
138	1914	0.0002121447931733973
139	139	0.9951800152748557
139	386	4.871654726752959e-07
139	459	7.875179595820303e-08
139	835	0.0002506683919569287
139	1296	0.0004126129102331363
139	1590	7.799936244744889e-05
139	1666	0.002055974838633428
139	1676	0.002022163304604765
140	140	0.9918709731585901
140	592	0.001355163763676593
140	727	7.372911567498118e-05
140	976	0.00315282021193163
140	1105	0.001751461572668767
140	1283	0.00179585217745791
141	141	0.9947037112175547
141	593	0.002849568889658427
141	834	0.0003148237356078928
141	914	0.0002938802820589765
141	951	0.000741791184675159
141	1429	0.001096224690444675
142	142	0.9922596592125017
142	436	0.0002265196868558162
142	564	0.001429451544802594
142	816	0.002162751307666434
142	1044	0.0001253793288920454
142	1087	0.002255933812646276
142	1170	0.0006228146917545731
142	1464	0.000346872399828546
142	1972	0.0005706180150520273
143	143	0.9969531312559887
143	371	0.0003160606915461966
143	1192	2.801270804458558e-07
143	1562	0.000154055817434895
143	1581	0.001016681951451202
143	1637	0.001559790156498503
144	144	0.9952836379609862
144	569	0.0005792251553953177
144	597	2.418024429329956e-05
144	621	0.001374003114326515
144	930	1.14195053726314e-08
144	1169	0.001889565759492804
144	1215	0.0008493763460005168
145	145	0.9877039569868651
145	499	0.00310839797966556
145	528	0.001907425435191614
145	1653	0.001235466464262198
145	1831	0.006044753134015582
146	146	0.9944381701180341
146	558	0.00345605300839321
146	1011	0.001640042087578383
146	1512	0.0004657347859942513
147	147	0.9964256186275113
147	504	0.0003388873700719487
147	585	7.738720549622856e-05
147	634	0.0004742968058792094
147	1160	1.216715393252201e-10
147	1298	0.0008728576353779637
147	1600	0.0005464128001251891
147	1603	0.001264539433866641
148	148	0.9887800653480868
148	523	0.000558583381194998
148	538	0.0003230718439921841
148	910	0.0006816257916275119
148	1246	0.005411691887144254
148	1538	0.003121903141192329
148	1670	0.001123058606761827
149	149	0.9909272827465921
149	622	0.0001295940682749212
149	721	0.002842970511716201
149	863	0.000387520847814659
149	1067	0.001961782664857986
149	1656	0.003518259082280889
149	1713	0.0002325900784630686
150	150	0.9847844559490567
150	643	0.004506035747282512
150	1427	0.00144140824698278
150	1428	6.158158906381073e-07
150	1774	0.009267484240787383
151	151	0.9940718970709885
151	589	0.002675481537000234
151	602	0.001060732156063108
151	1935	0.002180622952219846
151	1939	1.126628372823476e-05
152	152	0.9966494647553614
152	562	0.0006115508299321526
152	579	0.001300675783451931
152	833	0.0005138234583077586
152	999	0.0002098631966328688
152	1467	0.0006745665266797899
152	1594	4.005544963416558e-05
153	153	0.9936339304120868
153	576	2.416412888503367e-09
153	640	9.803733112293994e-05
153	651	0.001632982702883337
153	928	0.001465119796399487
153	970	0.0002801906465426341
153	1216	0.0006914354456268426
153	1257	0.001275633810460188
153	1582	0.000922667438464934
154	154	0.9953985326444696
154	453	0.0002289196877568464
154	543	0.001015745916476382
154	1425	0.001565806754572249
154	1484	0.001355227784389477
154	1568	5.907880571738166e-05
154	1720	0.0003766884066179383
155	155	0.9927167251187906
155	575	0.003836289377766005
155	803	0.001101295156528312
155	1504	0.002345690346915042
156	156	0.9947654903720036
156	529	0.0001287707545695471
156	588	0.0005962575963521341
156	625	0.0001446599302135613
156	691	0.0008605310123518379
156	890	0.001088523471056596
156	1100	0.0008395933509026642
156	1475	0.001576173512550129
157	157	0.9964252469475469
157	1098	0.0009938199930279003
157	1615	0.0008989352733086254
157	1680	0.001358345115500757
157	1728	0.0003236526706158022
158	158	0.99517203768507
158	341	7.407664979164318e-08
158	530	0.00111619061007687
158	615	0.001468125586948129
158	1470	0.001303833462385286
158	1817	0.0009397385788699797
159	159	0.9943321367840744
159	614	0.001679436216940657
159	1749	0.002094991699474922
159	1761	0.001893435299510046
160	160	0.9949166190416748
160	666	0.001192458455256224
160	883	0.0008148485840838887
160	1328	0.0001399401763934695
160	1726	0.001325535718626881
160	1884	0.001610598023964645
161	161	0.9966483145896976
161	486	0.0001943432929366888
161	654	4.628843069888427e-05
161	812	0.0005670924650299694
161	1583	0.001454199282382493
161	1608	0.001069713723671081
161	1684	2.00482155833899e-05
162	162	0.9951669013761864
162	580	0.001107434804023252
162	616	9.704547121288598e-08
162	628	0.001705701374190657
162	1323	0.001307277740976802
162	1508	0.0007125876591517424
163	163	0.9958182144962595
163	535	0.0004424310415338977
163	668	5.662666213242165e-06
163	672	0.002087976113282624
163	1032	0.001645715682710749
164	164	0.996819976395795
164	507	0.0001011353902067262
164	771	0.001202253839029324
164	1174	2.167821208943225e-08
164	1456	0.000601226906617146
164	1501	0.0008809178344829632
164	1532	0.0002647161894602634
164	1613	0.0001297517661966047
165	165	0.9965467434794688
165	591	0.001129801380178653
165	876	2.680525570459046e-05
165	931	0.0008568440767757237
165	1312	0.0003096577594158373
165	1605	0.0004715246411739893
165	1940	0.0006586234072822705
166	166	0.9976274176060713
166	638	8.066096024832875e-09
166	745	0.0003113832014590868
166	986	0.0008201648959394379
166	1086	0.0004011442250316307
166	1146	0.0001049325504564296
166	1788	0.0007349494549461574
167	167	0.9939427039605054
167	441	9.88988364333335e-05
167	662	0.0006606834545444626
167	695	0.0005007906817993302
167	1279	0.002743030559394058
167	1367	0.000165593081273335
167	1921	0.001888299426050075
168	168	0.981436172866893
168	464	0.002276241133044908
168	669	0.001902089016669493
168	979	0.01135425650475987
168	1303	0.002269649750374379
168	1533	0.0007615907282583933
169	169	0.982863741593284
169	1270	0.005482966632367674
169	1437	0.0037003224141848
169	1497	0.002090484953570426
169	1742	6.2194779314251e-28
169	1769	0.003948877850103363
169	1786	0.001913606556489692
170	170	0.9960757923773857
170	671	0.001216789804176025
170	733	0.001480829817910558
170	1007	0.0008431994974274832
170	1289	6.829391899901207e-05
170	1757	0.0003150945841011567
171	171	0.9958214030495707
171	626	0.0005347238932296663
171	665	0.0003561925890578285
171	681	0.0003290325880696125
171	1321	0.001068596433873522
171	1614	0.001224906748034862
171	1642	0.0006651446018945464
171	1666	9.626936987027646e-11
172	172	0.997201912427078
172	595	0.0004997790924219773
172	686	0.0005774354632460245
172	1086	2.070188394963723e-08
172	1537	0.001720852315369996
173	173	0.9950785231243778
173	356	4.492942018733413e-08
173	665	0.00156689889952331
173	992	0.00103362597252891
173	995	4.50472258873267e-08
173	1175	0.0005674715893162252
173	1471	0.0008969925488300724
173	1565	0.0008563978887776477
174	174	0.9936991723509232
174	594	0.001283210738085862
174	701	0.002985816475444323
174	795	4.056605121599881e-05
174	1001	0.0008866096821859029
174	1336	0.0008152068343160609
174	1365	1.417486366498499e-08
174	1687	0.0002894036929650449
175	175	0.995771886772241
175	636	0.0005303694975861649
175	1035	0.0005768211498940433
175	1376	0.001605085929455846
175	1780	0.001515836650823016
176	176	0.9950424491104923
176	525	0.001620388758364092
176	723	0.0007867927789454272
176	886	0.001100733569306242
176	1422	0.0009396345677669016
176	1519	0.0005100012151248626
177	177	0.9921909771939814
177	713	4.232874941684175e-05
177	734	0.002497130069787528
177	739	0.002991775658870952
177	1014	0.002277788327943187
178	178	0.9937813891260765
178	729	0.0004160769597819254
178	1633	0.0005907094252098298
178	1669	0.002884285627950466
178	1715	0.002327538860981207
179	179	0.9950098437993494
179	394	0.0004030414455172997
179	660	0.00132314509333916
179	1178	2.471236687265238e-07
179	1810	0.0003515357357526415
179	1863	0.0006636855765445411
179	1870	0.000664042096381269
179	1919	0.001584459129446892
180	180	0.9959155011813264
180	833	0.0004556878242433836
180	905	8.521607174631244e-05
180	999	0.0005872417893709204
180	1147	0.0005290882238455062
180	1268	0.000535894256556216
180	1295	0.0005370170054362281
180	1338	0.001354353647475015
181	12	0.007230711767007904
181	181	0.9909231125825432
181	587	0.001846175650448871
182	182	0.9947241151262284
182	207	1.254840136019766e-07
182	549	0.0001220079109448761
182	557	0.0001421027160288956
182	590	0.0009229636082317649
182	810	0.001249961322267685
182	1091	0.000487938484728253
182	1188	0.001518466947297364
182	1240	4.3850337003227e-08
182	1654	0.000832274549922046
183	183	0.9939870009697991
183	470	1.923479136608259e-07
183	502	0.0002630206449701797
183	693	0.001165447087065799
183	710	0.0006976764795966443
183	862	0.0001773365767974743
183	1435	0.001888982907653357
183	1507	0.001044282987724391
183	1840	0.0007760599984793445
184	184	0.9961174848829837
184	770	0.0003072768960605772
184	814	0.0004257393490238507
184	1173	0.0006718550180954277
184	1420	1.83094680480857e-09
184	1729	0.001351816214025101
184	1736	0.001125825808864411
185	185	0.9936288141163828
185	639	0.0002864468121745546
185	706	0.0004400657502724276
185	846	0.0007761398170046538
185	884	8.122635471553464e-05
185	964	0.001741332505845709
185	971	0.001226210925969006
185	1639	1.183749738108128e-06
185	1696	0.001818579967897116
186	186	0.9965772535128242
186	512	0.0007122158522665002
186	835	0.001129252902884467
186	1374	0.0004015485392975529
186	1958	0.001179729192727272
187	187	0.991578442335319
187	730	0.002913623444291559
187	939	0.004563296156483774
187	1214	0.0005217354004635576
187	1286	0.0004229026634421167
188	188	0.9874290586642908
188	436	0.0001764866611849106
188	655	0.00462178749153789
188	707	8.880911266350676e-05
188	1010	0.003033473421709347
188	1369	0.00203966609525323
188	1515	0.002610718553360475
189	123	1.277414623170429e-08
189	189	0.9934820376229911
189	584	0.001460257044621211
189	1698	2.694054830568291e-07
189	1910	0.001971676944662123
189	1932	0.0003269055351654657
189	1966	0.001245240201296307
189	1971	0.001513600471634472
190	190	0.9949054438138307
190	1794	0.0005982337206341747
190	1802	0.0009525394001932115
190	1952	0.0008796118799065219
190	1954	0.0006107629319935484
190	1969	0.002053408253441749
191	191	0.9896784133853406
191	748	0.0001525924027888021
191	908	0.007276754950445681
191	1104	0.002892239261425055
192	192	0.9861775009321919
192	472	0.0008458546411387167
192	848	0.0002256528396912175
192	1390	0.001429837288731435
192	1461	0.0002680838352840641
192	1592	0.001096317523854821
192	1731	0.009956752939107701
193	193	0.9944733696652751
193	796	0.0001691814799898926
193	893	0.0005615510131057828
193	1571	0.0003350028763541746
193	1679	0.004460894965275132
194	194	0.9953250147784799
194	465	0.001513718233437316
194	533	3.438766826097617e-05
194	609	0.0005258771161223325
194	683	0.0001990789344300863
194	799	0.001033584485241098
194	985	0.0006831029074264666
194	1540	0.0006852358766019759
195	35	0.0001859441206353558
195	195	0.9984997362416275
195	649	0.0003538598234212665
195	1858	0.0009604598143159318
196	196	0.9947664365260555
196	687	3.330680912794593e-05
196	719	0.001993817190570171
196	1151	0.003206439474246461
197	197	0.9960127137808232
197	977	0.000149802070088837
197	1027	0.0008033330804544057
197	1057	0.0008218783199750463
197	1223	0.0006427775886480549
197	1529	0.0009324676432408361
197	1778	0.0004834204142530818
197	1922	0.0001536071025164873
198	198	0.9968510405795192
198	677	0.0004972379562153202
198	813	0.0001548084996820387
198	950	0.0008088752216277114
198	963	0.0004171300924087064
198	1500	0.0009376291469997887
198	1706	0.0003332785035471345
199	199	0.9966095037978947
199	694	3.403525107943105e-08
199	746	0.000350133562646974
199	749	0.0003925232117890976
199	849	0.000222257779376745
199	1686	0.0009887975073918111
199	1714	0.00143675010564959
200	200	0.9959950377291756
200	503	0.000317499632958284
200	509	0.001040796725795979
200	520	0.0006589940814249685
200	938	0.0004326562269023887
200	1650	0.0006333207721924294
200	1885	3.386431818478447e-09
200	1965	0.0009216914451185259
201	201	0.994327656438846
201	685	5.301549525990934e-07
201	709	0.0008880300752837281
201	747	6.335255225849109e-05
201	1046	0.001907737043688987
201	1505	0.002812693734970195
202	202	0.994738140498992
202	722	0.0007490277222590097
202	791	0.002885608923616634
202	1405	0.001627222855132377
203	203	0.9909152115836972
203	559	0.0005535510833639767
203	587	0.000181325925570205
203	735	0.001551668565100652
203	779	0.001696887113971182
203	1117	0.001162119583955506
203	1135	0.003888128163417149
203	1787	5.11079809241678e-05
204	204	0.9919296287635002
204	764	0.001431236035837639
204	1141	0.005691639501254596
204	1846	0.0009474956994075467
205	205	0.9964750660563066
205	679	0.0001777677647058699
205	811	0.0005397172971403976
205	824	0.0006043670569256363
205	896	0.0005361956506457186
205	929	0.0001090951253517389
205	1359	0.001557735595860285
205	1657	5.545306370304276e-08
206	206	0.992340063398697
206	613	0.001006235661348173
206	776	0.001179095304504733
206	1195	3.440280052229335e-05
206	1897	0.004811590349984454
206	1905	0.0006286124849433674
207	207	0.9957566741577153
207	549	0.002475905317158244
207	557	0.001519178941919055
207	1063	2.433855570123894e-08
207	1188	4.647646017292638e-07
207	1702	0.0002333914127643695
207	1809	1.436106728562496e-05
208	208	0.9956117447024594
208	339	1.508725128691808e-07
208	437	0.002237055484255903
208	616	0.001917143442112617
208	851	0.0002339054986593696
209	209	0.9937458182740153
209	773	0.001646225953032958
209	855	0.001007511535644444
209	1441	0.001993023643964327
209	1524	0.001607420593342881
210	210	0.9888055977310944
210	444	0.001940491890961359
210	882	0.004742559386905443
210	1040	0.0009093916396369407
210	1514	0.00360195935140169
211	211	0.9965680771126352
211	598	0.001124778382218057
211	705	0.0001893327938074623
211	861	0.0005939450891306688
211	947	0.0003891212163519536
211	1366	0.0003659638760390931
211	1609	0.0007687815298175934
212	212	0.993564124148146
212	445	0.0011910349454616
212	476	0.001455870741358364
212	868	0.002697408753302153
212	1180	0.001091561411731981
213	213	0.9943002398068905
213	373	0.0006207763425428454
213	401	0.0005109502736687509
213	774	0.001428906226635805
213	1036	0.001537241829231063
213	1753	1.029958757959313e-07
213	1946	0.001601782525155038
214	214	0.9946313762577045
214	642	0.0007613357971552211
214	807	0.0006857518612176148
214	808	0.0001533630749297137
214	865	0.002599416496197174
214	1928	0.0004525880959951011
214	1950	0.0007161684168005987
215	215	0.9964924313495203
215	624	9.19967740757061e-08
215	657	0.0002575440482086648
215	771	0.0001312036310959288
215	918	0.0007241731218703746
215	1456	0.0007270370301832101
215	1828	0.000841282826683509
215	1838	0.0008262359956640095
216	216	0.9948575513203233
216	639	1.786738076991456e-07
216	671	1.922512875692217e-05
216	706	8.176766016652671e-06
216	892	0.001349724606423131
216	971	0.001649086020786345
216	1082	0.001317391256078234
216	1340	7.582571360434693e-05
216	1775	0.0007228405142033421
217	217	0.9953018877370331
217	801	0.001065121184755603
217	1002	8.770912113204031e-05
217	1401	0.00218025768845455
217	1416	0.00136502426862453
218	218	0.9944717014740773
218	286	4.761497903202368e-08
218	780	0.001399717433657172
218	1013	0.003015313260140131
218	1480	0.0005041900148945066
218	1785	0.0006090302022517882
219	219	0.997244677474316
219	524	0.0009119408826621103
219	697	0.0004153442378493466
219	847	0.0007163364829422228
219	1008	0.0002191638696649882
219	1606	0.0001014257870656179
219	1609	0.0003419017261711647
219	1730	4.920953932837139e-05
220	220	0.9952325520999913
220	309	0.0002383553204810562
220	744	0.001040530330591373
220	840	0.0001280638381817703
220	1092	0.001464695097377681
220	1183	0.001895802667413666
220	1866	6.459631589382582e-10
221	221	0.9959334868939645
221	788	0.000474560940028776
221	834	0.001086991704052198
221	906	0.002084746316352091
221	1045	0.0004202141456023766
222	222	0.9925848009270181
222	583	0.003368636921193365
222	818	6.201799720225004e-05
222	837	0.001633787927859479
222	1877	0.0002143043301154434
222	1881	0.0008487640517693334
222	1913	0.001287687844841949
223	223	0.989382422591069
223	751	0.007042878290200946
223	806	0.00184985570788037
223	1074	2.33885465300748e-05
223	1182	0.001700987473027833
223	1210	3.739874349173268e-08
223	1814	4.299925483433033e-07
224	224	0.992599049319942
224	838	1.103851279761765e-05
224	1055	0.0003112776655655005
224	1072	8.712544360039769e-08
224	1107	0.005210845272329605
224	1206	0.001867702103921614
225	225	0.9942840356417533
225	762	0.002909279386656955
225	830	0.0006238040942660314
225	1187	0.001943404978088884
225	1211	9.484002933374672e-05
225	1673	1.729110262248336e-07
225	1803	0.0001444486863474045
225	1959	1.427252734094219e-08
226	226	0.9957501996712751
226	703	0.002049025372714292
226	768	0.001006812107358965
226	805	3.746492841459616e-05
226	1725	0.00115649792023698
227	227	0.9845730347999193
227	707	8.029267314543978e-05
227	1436	0.01534667252693526
228	228	0.9941423267841125
228	699	0.0001527786421017874
228	731	0.00115636523018833
228	843	0.0004468827402205152
228	1348	4.898388575638472e-06
228	1451	0.001134094673508205
228	1486	0.0004894973521324769
228	1488	0.002473156189160399
229	229	0.9890765683511232
229	592	0.0004017396691962917
229	819	0.003014553952977336
229	936	0.001634746440137064
229	1819	0.005216815486640966
229	1877	0.0006555760999250854
230	230	0.9946147632838171
230	491	0.0007634452737674399
230	1108	0.0005774784710359882
230	1331	0.003049268542281366
230	1459	0.0009950444290981026
231	231	0.9874277137380342
231	700	0.004134758104150649
231	713	0.002335057538869784
231	1065	0.0007458258168711276
231	1635	0.001802264052807012
231	1695	0.003554380749267234
232	232	0.9887155383868199
232	873	0.002356831158916433
232	891	0.004135752581311431
232	1053	0.002232266534634507
232	1119	0.0006965040562045607
232	1196	0.001033019885060306
232	1214	0.0008300873970529419
233	233	0.9952801310599902
233	732	0.0007391151854303335
233	1021	0.003148498290534194
233	1664	0.0008322554640451669
233	1750	1.334567438671073e-26
234	234	0.9974633915368387
234	451	0.0002294027063271634
234	673	0.0002210900360567536
234	714	0.0006385113565033841
234	842	0.0004893239706856553
234	853	0.0006037976756171798
234	972	0.0003544827179711647
235	235	0.9935394998493264
235	300	2.76676253802641e-09
235	450	4.758975513025093e-05
235	607	0.004026345025602333
235	726	0.0006068428821264208
235	878	0.001608598015650411
235	984	0.0001711217054016442
236	236	0.9967808722347249
236	812	8.724300704493303e-05
236	849	0.001083426021245431
236	1000	0.0004066502406568022
236	1871	0.001641808496327963
237	237	0.9944077895949107
237	827	0.0008351237636622775
237	870	4.422309580326137e-05
237	924	0.001749159479720281
237	1005	0.002100559771673173
237	1024	0.0008631442942303224
238	238	0.9863343787024871
238	440	0.001797833024056274
238	563	0.006430958891287631
238	658	2.128892638161489e-06
238	933	0.00397901552851194
238	1527	0.001354635380790652
238	1543	0.0001010495802283134
239	239	0.9957329343782859
239	493	0.0004367148944670076
239	680	0.0006031766700795179
239	741	0.0007158897653462161
239	1520	0.0004584250194639977
239	1596	0.0009257895095850039
239	1611	0.001127069762772304
240	240	0.9944375345701694
240	493	0.0002836423741699829
240	680	0.001432824135545311
240	800	0.0004588322386658123
240	860	0.001216684096630164
240	909	0.0007828953406832933
240	946	0.001053199772224046
240	1306	0.0001331552056519259
240	1942	0.0002012322662600238
241	241	0.9965725719851194
241	433	0.0005623782067774728
241	1768	0.002865049808103125
242	242	0.9956652993965294
242	814	3.500568874683094e-05
242	844	0.00166475871364359
242	960	0.0006308981936152279
242	1173	0.001474369389766271
242	1357	0.0005296686176986164
243	243	0.9964562835076427
243	491	0.000267815001342321
243	942	0.0004309818102720008
243	953	0.0004840237481106071
243	966	0.001353556704092134
243	1081	0.0004076123850435386
243	1478	0.0002229508417863781
243	1625	0.000376776001710359
244	244	0.9966872496064301
244	611	0.0002271417254585466
244	740	6.568668404699106e-05
244	916	0.0009529477466045726
244	1149	0.0004789936076050919
244	1166	0.000602317403757538
244	1266	0.0005536230689607493
244	1710	0.0004320401571364504
245	245	0.9914123890790638
245	610	0.0006047047359182501
245	869	0.001463983426671667
245	886	0.002269136692259859
245	940	0.0008693750391104403
245	1790	0.001758978321159986
245	1865	0.001621432705816094
246	246	0.9957183194051292
246	829	0.000269820216959199
246	1106	0.0007988730395541896
246	1123	0.001277003787892407
246	1155	0.001340225924088738
246	1165	0.00059575762637619
247	247	0.9962115538422287
247	872	4.452894439608654e-05
247	885	0.001914732395669413
247	1002	0.001723877294859554
247	1807	4.529530082538782e-05
247	1820	6.001222202076688e-05
248	248	0.9947844039943226
248	538	1.212917117968138e-08
248	737	1.503038427290476e-05
248	792	5.339731004864694e-05
248	817	0.001142559740794034
248	1102	0.0005621667407904447
248	1553	0.001674162045329945
248	1557	0.001768267655270276
249	249	0.9945332911119406
249	588	4.531593103491217e-05
249	691	0.0004564712160207429
249	802	0.0001906259985668412
249	949	0.001306352377101897
249	957	0.001133830286618662
249	974	0.002334113078716429
250	250	0.9939409347990672
250	469	0.0003797268280440521
250	750	0.001731110841406345
250	777	0.001890181150651997
250	1069	0.0007448251971775613
250	1816	0.001313221183652883
251	251	0.9922707508590176
251	1111	0.00116152917292642
251	1547	0.002240178476702809
251	1690	0.004327541491353137
252	252	0.9924898448742242
252	476	0.0004953414902117315
252	880	0.003149137499094224
252	948	0.002382929906841167
252	1193	0.001482746229628701
253	253	0.9949968148615027
253	742	0.0004358064179344796
253	1242	0.001550680857962244
253	1558	0.0005676273384353281
253	1570	0.002394200389313733
253	1637	5.487013485151446e-05
254	254	0.994961047239573
254	674	0.0002749346603628717
254	727	0.0005610324973221797
254	769	0.0013730611279427
254	923	0.0001104108872136807
254	1105	0.0008108293902634994
254	1644	0.0006794450453539368
254	1654	0.001229239151968278
255	255	0.9953300437214224
255	728	0.001032767595088228
255	740	1.0843602472312e-05
255	1093	0.0004246969723661465
255	1113	0.002464800753384888
255	1225	0.0006757273412835197
255	1558	6.112001398259116e-05
256	256	0.9933492698555703
256	372	0.000156614605526116
256	678	0.0001773512650815275
256	789	0.003475581982446057
256	1121	4.186698865596374e-06
256	1859	0.0003918770359109953
256	1879	0.002445118556599475
257	257	0.9936273134474582
257	553	5.666561482327167e-05
257	922	0.001414104906066066
257	1713	0.002336924963787534
257	1716	0.002564991067864788
258	258	0.9915739222796788
258	831	8.484378884804272e-05
258	1071	0.003842024431893536
258	1117	0.002475566818622646
258	1830	0.002023642680957117
259	259	0.9965433662850368
259	565	1.895931908836062e-05
259	696	0.0005911325594660501
259	894	4.328292596272712e-05
259	945	0.001769630945900862
259	1019	0.0002606153834498922
259	1668	0.0006281369116465735
259	1815	0.0001448756694487179
260	260	0.9948392469413663
260	539	0.0001284596411098063
260	583	7.299112311459653e-07
260	1101	0.002541299214929377
260	1230	0.0006267848616034618
260	1685	0.001863479429759806
261	53	3.989024293357633e-07
261	261	0.9912879400378786
261	756	0.002184340641580141
261	785	7.801622762306657e-06
261	828	0.00244597852929904
261	1090	0.004073540266050708
262	262	0.9962507900982418
262	635	0.0008511328924781994
262	775	6.079281022542874e-05
262	922	2.388845087140453e-27
262	1062	0.002155099848759127
262	1762	0.0006821843502954697
263	263	0.9867831810496006
263	816	0.0003531491255435957
263	908	0.001837098233152631
263	919	0.0005739262732601415
263	920	0.0009927695474986524
263	978	0.004263638827833285
263	1464	0.005196236943111162
264	264	0.9932141674154004
264	739	0.001915880361909764
264	782	0.0008161502487487987
264	1094	6.736539361974523e-06
264	1139	0.003549345960695323
264	1607	0.0004977194738836265
265	265	0.9950699972699507
265	356	4.539628196819427e-08
265	541	0.001621629030819806
265	877	0.0002691059282750776
265	926	0.0009213583773245853
265	1311	0.001035485251923757
265	1379	0.001082378745423997
266	266	0.9962855058502935
266	459	0.0003066791429712445
266	678	8.359864174085744e-05
266	1051	0.0002288396445934699
266	1121	0.001810673475347327
266	1194	0.001284703245053592
267	267	0.9945894756203111
267	737	0.0009466497769671201
267	1144	0.003278141004071748
267	1895	3.490745444835497e-05
267	1934	0.001150826144201723
268	268	0.993834636344513
268	656	6.24765272380112e-07
268	870	0.001142865206391717
268	967	0.0003903678133603399
268	990	0.001861939283657955
268	1485	0.00276956658680475
269	269	0.9941283490363773
269	778	0.000871027461851273
269	884	0.001240276232771506
269	964	0.00103776414270143
269	1057	0.0004403585824487254
269	1281	0.001581071422303501
269	1529	0.0007011531215464149
270	270	0.9955859978382846
270	527	0.0003752178420277374
270	895	0.0006865742406738545
270	907	0.0009817634837986768
270	1037	0.0003137487252554087
270	1048	0.0008130742385236121
270	1398	0.001243623631436155
271	271	0.9894253288840327
271	625	0.000201409765253318
271	802	0.0007587233269721133
271	803	0.001205297223286203
271	890	0.002587521295941317
271	899	0.004680781537209248
271	1415	0.001140937967305104
272	272	0.996039007114117
272	481	0.0005655174121052426
272	495	0.0008522105722371744
272	633	8.498289451450132e-05
272	1177	0.001185842381063798
272	1872	0.0009206951060543916
272	1911	1.336474115572328e-09
272	1916	0.0003517431834337672
273	273	0.9948336675592043
273	556	0.0003884254182691805
273	622	0.0020490615456128
273	863	2.345516071543865e-08
273	1075	0.000692166669700819
273	1158	0.001206211890342996
273	1159	0.0008300629021413872
273	1554	3.80559567784032e-07
274	274	0.9927018027434543
274	438	1.663054851598337e-07
274	854	0.003144039693243646
274	1127	0.00376425438358035
274	1544	0.0001138069104290531
274	1782	0.0002759299638075426
275	275	0.9924407154155108
275	721	0.0002623671303460042
275	962	0.0009957871364849945
275	1018	0.003841552723446028
275	1683	0.002459577594212276
276	276	0.9957128683041847
276	956	5.410521384057185e-05
276	983	0.003017152325898755
276	1417	1.913747409036862e-07
276	1759	0.0005350952580679474
276	1779	0.0006805875232671404
277	277	0.9932686572091117
277	501	0.001130019853164552
277	637	1.212515086750329e-08
277	1231	0.005435725468449821
277	1308	1.300068770128088e-26
277	1846	0.0001655853441230307
278	278	0.9975783149298794
278	546	1.860883633900011e-07
278	900	0.0003206533679686029
278	973	0.0004239240716237824
278	1317	0.001070119466786994
278	1361	0.0006068020753778676
279	279	0.9939839743024054
279	881	0.000192187041967907
279	915	0.0008892670289083374
279	917	0.001153999368513665
279	996	0.00103555982858618
279	1305	0.0001046333452554283
279	1306	0.0002871885150188518
279	1358	0.002327859167304719
279	1410	2.533140203949061e-05
280	280	0.9907332229284166
280	629	0.00261720699948622
280	852	0.000116752531198454
280	889	0.001220975539968679
280	993	0.005311842000930036
281	281	0.9955197051931088
281	534	0.002687106207828219
281	925	0.0006368889040813072
281	1280	0.0009557142390602309
281	1340	0.0002005598753721081
281	1775	2.558054924843509e-08
282	282	0.9942285222429202
282	480	1.740013914056864e-08
282	659	0.001280464632828605
282	1001	0.000865810651205351
282	1132	0.0002848959788321578
282	1244	0.003340289094074468
283	283	0.9972851532210942
283	959	0.0009687406043169895
283	1007	0.0004285562045370076
283	1200	0.0008963267244292591
283	1259	9.965378001295249e-05
283	1448	0.0003215694656095694
283	1766	2.809238685634966e-27
284	284	0.9963262781077152
284	766	0.001586699841952311
284	784	1.513528788504308e-05
284	1118	0.00105508169301397
284	1157	4.622435966916666e-08
284	1719	1.988725605325307e-05
284	1763	0.0007271676013861586
284	1770	0.00026970398763442
285	285	0.9849069282184959
285	780	0.0002854653525767937
285	898	0.0006957088990565642
285	1013	0.002078683204440474
285	1163	0.00361705215497514
285	1480	0.006097712759063546
285	1514	0.002318449411391593
286	218	2.613488641847504e-08
286	286	0.9861480653697443
286	758	0.001956825949934673
286	980	0.001697499409892292
286	1030	0.002663236689028813
286	1446	0.00547339521643505
286	1480	0.0002673165912670028
286	1785	0.001793634638811501
287	287	0.9959461877113052
287	772	0.0003323412134364242
287	864	0.001861636014156959
287	1016	7.158953543082856e-05
287	1032	0.0005863572745879634
287	1392	0.001201888251082693
288	288	0.9875533596813829
288	554	0.002289632476149731
288	1020	0.0007929542549472036
288	1252	3.83780529787011e-06
288	1641	0.006283058130924273
288	1665	0.001063144326823571
288	1811	0.002014013324474464
289	289	0.9965357757647217
289	1744	0.001148435635132674
289	1868	0.002292190833498339
289	1909	2.359776664728119e-05
290	290	0.9938924455292208
290	621	0.0008440268819947705
290	875	0.0004469707349089414
290	930	0.0003229423868209555
290	997	9.104208906198056e-05
290	1215	0.001440761425506604
290	1304	0.0009806920636046463
290	1322	0.001981118888881141
291	291	0.9965884356538227
291	596	1.328515030805174e-07
291	1164	0.001614540691746211
291	1269	0.0007953074563308954
291	1314	0.0009750933870791164
291	1844	2.648995951796876e-05
292	292	0.994015528488942
292	642	0.001001998474264706
292	926	0.000559744424872166
292	942	0.0008305162995532701
292	966	0.000986873553496178
292	994	0.001635166060073464
292	1689	0.0008581219057973487
292	1855	0.0001120507930008962
293	293	0.9950954843938477
293	618	0.0006803792001884127
293	661	0.000161485653302248
293	987	0.0007216816206470759
293	1494	0.001123246303440788
293	1860	0.00023234571921858
293	1901	0.001985377109355342
294	294	0.9966660754560417
294	532	0.0003848019756532533
294	676	9.611530738865369e-06
294	894	0.0001911872613954762
294	1098	0.0003849171006929185
294	1199	0.002159528429920068
294	1668	0.0002038782455577807
295	295	0.9879965587840168
295	787	0.002154259189624127
295	1056	0.001655483187957511
295	1142	0.002042061604552029
295	1819	0.003910702939076338
295	1837	0.002240934294773222
296	296	0.9949569259977262
296	676	0.0004664816427118944
296	1078	0.0009685780317133419
296	1651	0.003608014327848542
297	297	0.9871780885155087
297	910	0.001601392493876016
297	975	0.0001970298110344093
297	1017	0.004487592565384471
297	1115	0.000500963928134573
297	1246	0.001863899425389805
297	1301	0.001713894179822312
297	1307	0.002457139080849793
298	298	0.9970436408536762
298	527	0.0002187952067602842
298	895	0.001054991781006115
298	911	0.001682572158557414
299	299	0.9731371385868237
299	328	1.435753107235042e-07
299	921	0.0009113664648323348
299	1242	3.570322933317467e-06
299	1251	0.003749157504348716
299	1260	0.01524604830524949
299	1426	0.006952575240501766
300	235	8.583736088512597e-09
300	300	0.9952483582633853
300	984	0.002045282942697889
300	988	0.001709051446595152
300	1197	0.0003212659122475097
300	1288	0.0006760328513382588
301	301	0.9975413317156617
301	1088	0.000770543301061595
301	1743	0.001031901401387865
301	1783	0.0006562235818887803
302	302	0.9943986749715892
302	558	0.0007282755506772124
302	682	0.0008261981806646642
302	989	0.000841907057345707
302	1011	0.001710401779442364
302	1046	0.0009384292076027291
302	1134	0.0005561132526782895
303	303	0.9963458665059357
303	937	0.0007276347532768496
303	1109	0.001295303269674157
303	1122	0.0006089143556945464
303	1258	0.0004233664966975893
303	1397	0.0005989146187210995
304	304	0.9978143007363353
304	408	0.0002185739757814111
304	952	7.146611086563766e-05
304	982	0.000289517267041659
304	1224	0.0001573133963244231
304	1419	0.0006878743712498311
304	1646	0.000760954142401851
305	305	0.9948257621460482
305	744	0.0001026213929037284
305	790	3.683658786382138e-07
305	1055	0.001492000841285862
305	1092	7.339305095239681e-05
305	1103	0.001214523857206744
305	1154	0.0004944439987473382
305	1371	0.001796886346976998
306	306	0.9967657428649705
306	961	0.0002541033631188739
306	1124	0.001982320808760758
306	1264	3.077979038938337e-05
306	1293	0.0005612142772965076
306	1728	0.0004058388954639874
307	138	0.0008188131659382626
307	307	0.9911647294065349
307	492	0.0009236214323946438
307	1389	0.0001618959623004235
307	1571	0.004597182396183391
307	1902	0.001898653877549975
307	1914	0.0004340504026558444
307	1931	1.053356442587545e-06
308	308	0.997850229961514
308	638	0.0001095813174416285
308	982	0.0006719116838481456
308	1099	0.0003882132366384245
308	1387	0.00064126003749138
308	1788	0.0003388037630663958
309	220	0.001120857823223988
309	309	0.9941876408791906
309	599	0.000542057075622333
309	744	0.001101621461683964
309	763	0.0003725612072070515
309	1212	0.002675223699490244
309	1391	3.785358169805107e-08
310	76	5.371693673589388e-07
310	310	0.9950766771958064
310	748	3.91572631173998e-05
310	781	0.001240586227869164
310	920	0.0001184976907188851
310	1104	0.000905999109080683
310	1106	0.0009406081082398725
310	1623	0.001677937235800073
311	311	0.9967730769314624
311	746	9.452441507429054e-09
311	1000	0.0003214900095034046
311	1128	0.000862789163697824
311	1152	0.0002479917906024908
311	1247	0.001794642652292199
312	312	0.993887573811352
312	473	0.001367637425924477
312	576	0.0001247205876235221
312	1096	0.001114814781566733
312	1138	0.00137253289963062
312	1216	0.002132720493902807
313	313	0.9960881868957666
313	644	2.231045063736623e-09
313	745	0.0004553884650080395
313	850	0.001388423944995762
313	1209	0.0005536212559720781
313	1320	4.080864331565681e-05
313	1647	0.001174375071988007
313	1723	0.0002991934919088675
314	83	0.000363086305430508
314	314	0.9941304119621946
314	652	0.0004372193145888351
314	960	0.0009271133606208563
314	985	0.0003235235767230578
314	1043	0.001925865684064319
314	1263	0.000441162148023861
314	1330	0.0002334705549547227
314	1357	0.001218147093399255
315	315	0.9950426743756752
315	594	0.0009382616768515085
315	1022	0.003033996817560261
315	1131	0.0009850671299131213
316	316	0.9956849018346168
316	570	9.986786382537855e-05
316	636	0.0006274098852588625
316	1031	0.0009834820494141298
316	1179	0.001433855445110389
316	1376	5.349408877167205e-05
316	1820	0.0011169888330027
317	317	0.9955427593853824
317	1026	0.001108168647594535
317	1108	0.0001782631139109769
317	1175	0.001424348497526615
317	1273	0.001746460355585469
318	318	0.9958390650258721
318	515	0.0001357396749026389
318	618	0.001079291377785069
318	1202	0.001080973058928424
318	1457	0.001771925591122837
318	1458	9.300527138900081e-05
319	319	0.9958833946014711
319	763	6.86906864041574e-05
319	840	0.00214765477634517
319	850	9.714359889098499e-08
319	1723	0.0001691073605378253
319	1806	0.0007634557923459158
319	1866	0.0009675996392968208
320	320	0.9920492415339727
320	678	1.818449997718115e-06
320	707	0.0007446413321438205
320	1051	0.001505798265630405
320	1213	0.003263195508737332
320	1436	0.0003060487619857112
320	1746	1.198549395249014e-06
320	1773	0.00011908467945845
320	1776	0.002008972918678735
321	321	0.9963080486287108
321	611	8.275125008772654e-05
321	684	0.000554413481497295
321	742	0.0002139674243818454
321	809	0.001212332080061073
321	1192	0.0003167695997334484
321	1229	0.001007804930820434
321	1622	0.0003039126047072575
322	322	0.994480945477754
322	1038	0.00156766898286505
322	1129	0.0002723249296443443
322	1151	0.0004315753964792354
322	1233	0.001761518554188432
322	1414	0.001485966659068991
323	323	0.9947718706240641
323	414	0.0009844378576910951
323	1198	0.004142720073681983
323	1482	6.389340151792557e-06
323	1704	9.458210441090251e-05
324	324	0.9891638333836272
324	599	0.001058191514852584
324	1052	0.002056530435143495
324	1245	0.002307499556401465
324	1391	0.001174069319423736
324	1440	0.0004136384125408031
324	1461	0.003826237378010706
325	325	0.9954970082962338
325	661	0.000698243953428028
325	1222	0.00201484935913751
325	1288	0.000635136759052072
325	1290	5.449860761070449e-05
325	1494	0.001100263024537956
326	326	0.9957405501660068
326	679	0.0005686048854936059
326	1058	0.0004343583810471979
326	1359	0.0004866435952698892
326	1377	0.0013183385051736
326	1465	0.0008999391024928141
326	1847	0.0003313155227829369
326	1886	0.0002202498417331197
327	327	0.9959116875290801
327	858	0.0003875779894812456
327	905	0.000624839656950152
327	1110	0.0004369183607548938
327	1147	0.001458108559719129
327	1275	0.0009718729301982755
327	1492	0.0002089949738162064
328	299	1.655503632959433e-10
328	328	0.990662879542051
328	832	0.005033083505231392
328	921	0.0004847994293242083
328	1226	0.002986757294957506
328	1558	0.0008324800628855807
329	329	0.9954959907663484
329	646	0.0006893873627913748
329	1188	0.00043901055114273
329	1203	0.001127764165786041
329	1240	0.0004744952065319969
329	1602	0.0002640368806113196
329	1717	0.001509315066788252
330	330	0.9960121030494141
330	417	3.921475221994695e-05
330	977	0.0003337851618008315
330	1181	0.00083975059572772
330	1223	0.001020624333289354
330	1235	0.0009772135165331299
330	1316	0.0003668809768129944
330	1784	0.0004104276142019785
331	331	0.9901339911448542
331	555	0.004869189803276593
331	1153	0.001250574796156458
331	1285	0.001607236457414037
331	1389	0.001549874592270787
331	1914	0.0005891332060280669
332	93	8.593012105236321e-10
332	332	0.9962050934356061
332	786	0.0002745126663196539
332	1089	0.0004262062246766926
332	1123	0.0009339264406973444
332	1168	0.0006205951797250981
332	1186	0.001499446989840834
332	1265	4.021820383306529e-05
333	333	0.9958460671669462
333	900	0.0002495294126168811
333	955	0.0001214825185443398
333	1060	0.002197063080801768
333	1317	0.001585857821090631
334	334	0.9952278643099449
334	398	2.369507284559379e-08
334	1041	0.0009523280309210789
334	1278	0.00240585388802903
334	1339	0.00103453732618356
334	1463	0.0003793927498486324
335	335	0.994804139114579
335	1764	6.122234102370327e-05
335	1853	0.005134638544397318
336	336	0.9946286912004046
336	590	0.0001374891727749232
336	810	0.0004610167686133894
336	884	0.001352545609023485
336	1228	0.0004353134762166466
336	1277	0.002066849625709861
336	1281	0.0005864980381900919
336	1639	0.0003315961090668534
337	337	0.995779795138931
337	646	0.0007124623089837203
337	679	2.456326323463425e-05
337	867	0.0003354522574016746
337	929	0.001177745351208656
337	1028	0.00103195400903314
337	1050	0.0002905588769834414
337	1363	0.0006474687942237601
338	338	0.9945361299357874
338	724	0.0004129808062224205
338	928	0.0006360880176472189
338	970	0.00139520593285296
338	1172	0.0001114042081224193
338	1402	0.001645584622341537
338	1502	0.001244349662718136
338	1518	1.82568143078645e-05
339	339	0.9922273090313177
339	616	0.001109606861724463
339	851	0.002783816947000631
339	968	0.0009146608544005521
339	1003	0.0004740637293112461
339	1207	0.001612809706085772
339	1323	0.0008777328701596496
340	340	0.9901155033320722
340	625	0.0001265271314374649
340	688	0.001413871899687001
340	1100	0.003018720450779563
340	1171	0.002386996957129828
340	1205	0.00124183548185299
340	1344	0.001696544747040918
341	158	1.921143078609198e-08
341	341	0.9957600975273164
341	973	0.0004546954137457629
341	1049	0.0003864790498381029
341	1361	0.0008584211413051621
341	1817	0.002540287656363709
342	85	3.575213634829384e-10
342	342	0.9961783101790611
342	790	0.00014724568768803
342	840	2.488656690701224e-08
342	952	0.0001808894589974998
342	1161	0.00176650115967094
342	1224	0.001641529343048641
342	1267	8.549892744554585e-05
343	343	0.9951224905724543
343	663	0.0006983977325902387
343	905	0.0004948338522683844
343	1250	0.0003847027854809259
343	1338	0.001046062230288268
343	1346	0.001763039940116548
343	1407	0.0004904728868013871
344	344	0.9931682259231456
344	1280	0.002551820308104
344	1799	0.00403719339639422
344	1818	0.0001445920188336077
344	1835	9.816835352265918e-05
345	345	0.9969141913417855
345	411	0.0004124363351148352
345	513	0.0001379114029546619
345	1234	0.0008702557378213667
345	1289	0.0009345348862530677
345	1400	2.320610097174357e-05
345	1789	0.0007074641950988229
346	346	0.9945148944401514
346	1184	0.001273774956100324
346	1237	0.003886289039785793
346	1248	0.0003250415639624857
347	347	0.9955180386049736
347	426	0.0001008747131634579
347	1145	0.0007180191325402245
347	1201	0.0006568638177809092
347	1394	0.0009318379983557179
347	1447	0.0008396723336054177
347	1509	0.0006924882221485172
347	1869	0.0005254794830882861
347	1930	1.672569434393758e-05
348	335	0.0009119200376975022
348	348	0.9961399138804254
348	497	0.00027487251341659
348	857	0.0001470224128792293
348	914	3.242027942453904e-27
348	951	0.00166688956095105
348	1853	0.0008593815946301764
349	349	0.9969311613438596
349	500	0.0004359514275562463
349	1294	0.0010534366110556
349	1353	0.000181466476149071
349	1761	0.001397984141379498
350	350	0.9966286764881345
350	649	0.001056665755388875
350	663	0.0003920203972407076
350	720	0.0001656354049358557
350	950	0.0003273478947672759
350	1034	0.0003502313348074827
350	1500	0.0007130389633353195
350	1858	0.0003663837613899285
351	351	0.9953631636140445
351	474	7.069028429842986e-08
351	1006	0.002165164002804887
351	1012	0.002087209575637848
351	1152	0.000384392117228525
352	352	0.9927240451657174
352	1220	0.001358858318173261
352	1279	0.0005216633696191414
352	1672	0.003691499997865454
352	1854	0.001703933148624751
353	353	0.9954507051540882
353	365	3.085628171153883e-09
353	1305	0.0006598347266494364
353	1326	0.001064820757522978
353	1358	0.00101385721257943
353	1460	0.000412585353713803
353	1462	0.001398193709817997
354	354	0.9934854341006268
354	1327	0.000840561438263474
354	1739	0.003043665336171205
354	1765	0.002630339124938478
355	355	0.9941468459269308
355	786	0.0007608028582261551
355	1123	4.694263606506088e-07
355	1155	0.001180048112644577
355	1495	0.00391183367583781
356	265	1.080412656812355e-10
356	356	0.9959865561893965
356	541	0.0009412798454478848
356	665	0.0004748156325859338
356	992	0.0008344080089356393
356	1311	0.001026393564207383
356	1321	0.0007365466513854451
357	357	0.9939598110175838
357	997	0.0007036757265521371
357	1322	0.0006371793064291768
357	1378	0.001849516974836256
357	1411	0.000730468987518311
357	1457	0.001265449373114488
357	1458	0.0008538986139658906
358	358	0.9965059116451247
358	1342	0.0004502692266961696
358	1468	0.001481375407801674
358	1894	0.0008070462950079663
358	1903	0.0007553974253694722
359	359	0.9948623241467847
359	997	0.0008529925471286116
359	1304	0.001053386451049087
359	1335	0.0006083567728444219
359	1411	0.001645607233755629
359	1435	0.0005935919194036723
359	1840	0.0003837409290339361
360	360	0.9934117713147788
360	1313	0.00265318578540556
360	1347	0.0003232418493899325
360	1437	0.002599316983403475
360	1472	0.00101248406702241
361	361	0.9941049533218952
361	855	0.001413690965843495
361	1248	0.002886581927585437
361	1254	0.0001740381268914712
361	1262	0.0008729482590329195
361	1499	0.0005477873987514493
362	105	6.830946414330665e-05
362	362	0.9961950344188836
362	561	0.001014134831539914
362	1145	0.001109268258085333
362	1201	5.828828616978683e-05
362	1356	2.071880762427401e-06
362	1466	0.001552749003811185
362	1677	1.438566044865593e-07
363	15	0.0001407865530209041
363	363	0.9954212322593406
363	1185	0.002667134878024806
363	1243	0.0007740106694456774
363	1278	1.918331136006966e-05
363	1433	0.0004113291605563144
363	1520	0.0005663231682515966
364	364	0.994826511217909
364	521	0.0001013401490870413
364	858	0.0002640931478249496
364	1268	0.0009498433680154974
364	1295	0.001218015907002607
364	1455	0.001055471948083411
364	1471	0.001405219446228908
364	1565	0.0001795048158484742
365	353	3.08115442958779e-08
365	365	0.9945884351040265
365	1230	0.0005015085349495139
365	1292	0.001286211130562527
365	1297	0.0006397854477416882
365	1305	0.0006481220846800331
365	1326	0.001928748790929441
365	1439	0.0004071580955660116
366	366	0.9935236540868206
366	386	0.001036548022987769
366	572	0.002416317998389919
366	761	0.0006970324990517072
366	1044	0.001414879820337732
366	1087	0.000218754576959803
366	1369	0.000172611141510008
366	1676	0.0005202018539423432
367	367	0.9922067301315532
367	708	0.002970095847864538
367	872	0.00100122333261742
367	988	0.0003014232378106399
367	1452	0.003520527450154155
368	167	2.352290112957724e-07
368	368	0.9940481731875744
368	641	0.001707149970713692
368	1217	0.0008427824194844653
368	1220	0.0009119117933734481
368	1279	0.000880950574752929
368	1929	0.001608796825089884
369	369	0.991980438520358
369	975	0.0003265092563680058
369	1074	0.002024301289821482
369	1301	0.0005305111871475971
369	1545	0.000390778498839748
369	1549	0.004747461247465178
370	370	0.9947062397624813
370	843	0.000794303690902001
370	1029	0.0003538348418120572
370	1047	0.001209023890172254
370	1348	0.001884010981646763
370	1392	0.0007144162052768807
370	1504	0.0003381706277085682
371	143	0.0004655833154034762
371	371	0.9947934777030605
371	432	5.751408502677725e-07
371	736	0.0003077765211569089
371	1373	0.001013139261981217
371	1562	0.003419448057547713
372	13	0.0003777135814842376
372	256	0.00107621744236193
372	372	0.9942007478930254
372	808	1.432737601295794e-05
372	1859	0.003185109635872289
372	1899	8.24600463072894e-05
372	1928	0.001063424024936028
373	213	7.725251177629434e-05
373	373	0.9972698380356235
373	1036	0.0001201419579640617
373	1064	4.689788654128349e-07
373	1116	0.0001723055199320452
373	1753	0.002359992995838637
374	374	0.9963717506870547
374	1097	0.001223523121779739
374	1352	0.001004620121655301
374	1434	0.0007799695073141598
374	1445	6.294363101246511e-05
374	1503	0.0002762146106682912
374	1567	2.06244556195083e-05
374	1573	0.0002603538648958135
375	375	0.9900299945655349
375	531	0.0004527363500939541
375	552	0.002303664255909319
375	1372	0.001780642288568746
375	1443	0.004940710853453975
375	1533	0.0004922516864391302
376	376	0.9964484910221774
376	732	0.0008184245034496549
376	1021	0.0003256889712064557
376	1130	0.0003993438469473787
376	1385	0.0004473491107812607
376	1423	0.0009106196643373739
376	1721	0.0005190913063233387
376	1808	0.0001309915747772058
377	377	0.9950122296950217
377	471	0.001364852989781047
377	792	0.0004618896117792787
377	859	0.0002915584310532446
377	1095	0.0006923247854132146
377	1150	0.0005247890330577101
377	1557	0.001652354833325822
377	1618	6.205679703656214e-10
378	378	0.9932639184910441
378	529	3.319463004306724e-07
378	1272	0.004482101759430659
378	1282	0.00155092835870719
378	1405	0.0004481606978475172
378	1475	0.0002545587466701489
379	379	0.9906975574160517
379	1120	0.00655513844588834
379	1542	0.002747140907735816
379	1555	1.632303241930241e-07
380	380	0.9915634893094714
380	547	0.001080238342737182
380	1129	0.0007728370440048968
380	1227	0.001083134084616974
380	1299	0.002500571935341179
380	1404	0.0009597392395882313
380	1569	0.002039990044240143
381	381	0.9928174795803868
381	688	0.0006616546132962347
381	1162	0.0007420973517330474
381	1333	0.001449786442211572
381	1414	0.0008469044354196295
381	1511	0.001739982340130999
381	1564	0.00174209523682169
382	382	0.9970618708614801
382	608	0.000247867338455459
382	705	0.0009827518860355679
382	823	7.254538397401864e-05
382	1366	0.001615974221708143
382	1469	1.899030834667195e-05
383	383	0.9915107843878448
383	605	9.158398115419305e-07
383	1551	0.0009730350182855699
383	1556	0.005338439302357049
383	1655	0.0008369719520436987
383	1675	0.001339853499657359
384	384	0.9936496984156956
384	813	0.0002118875034502589
384	1054	0.0002065629958580872
384	1236	0.002618678942816243
384	1362	0.0008283866104974089
384	1381	0.0007710045253326544
384	1386	0.001713781006349775
385	385	0.9930740931626176
385	1025	0.001271255469789208
385	1422	0.0004131073563537802
385	1491	0.00358444295109904
385	1523	0.001657101060140257
386	366	0.001002487838405618
386	386	0.9942568690133653
386	572	1.854638623674026e-05
386	620	1.431638286474163e-06
386	1087	0.0002869485116753242
386	1590	0.002670146722173799
386	1676	0.001763569889856678
387	31	0.003200333957821136
387	387	0.9919721340382376
387	551	0.003381465892906458
387	1251	5.280185513032519e-05
387	1426	0.001376127244239385
387	1661	1.713701166500604e-05
388	196	0.0008532018602483579
388	388	0.993312300604611
388	1309	0.001216961750338057
388	1517	0.004617535784802688
389	389	0.9900754924671009
389	574	0.004228490999606215
389	935	0.003443631412367089
389	1310	0.001086746308691217
389	1822	0.0005358296735795403
389	1831	0.0006298091386549177
390	101	3.689590986069815e-09
390	390	0.9975214890350422
390	982	0.0005063512323804594
390	1099	0.0005517736138407283
390	1419	0.0008559219210320552
390	1444	0.0001476723974546487
390	1474	0.0004167881106590157
391	98	0.0002591721779371745
391	143	6.9504267404237e-08
391	391	0.9958874883116278
391	736	0.001760921173860893
391	821	0.0007202073545898715
391	1160	3.345812031430911e-05
391	1581	0.0007562747798589299
391	1600	0.0005824085775437028
392	102	2.346004155112458e-07
392	392	0.9928377636165914
392	559	0.001597344077691049
392	1409	0.0006449453438082553
392	1895	0.004919712361493751
393	393	0.9951271692786113
393	576	0.0003371528129966183
393	640	0.0007311115416033505
393	1230	0.0007625712138385211
393	1257	0.001591943114960591
393	1297	0.0006951389690891733
393	1685	0.0007549130689005749
394	179	0.0004349380793183836
394	394	0.9982674183079056
394	660	0.0003282013717923514
394	1870	0.0009694422409836712
395	395	0.994952866997266
395	627	0.0005389848115478854
395	914	0.002292824791314761
395	1291	0.002215323399871253
396	396	0.9971429586390327
396	657	0.000620141409454483
396	1174	2.907614764879471e-05
396	1345	0.0005300766574393032
396	1380	0.0006224963527852964
396	1412	0.0005481339990053022
396	1501	0.0005071167946341507
397	103	7.573079104774769e-07
397	397	0.9928039140474773
397	621	0.000156179034995905
397	875	0.0008288776166623724
397	1545	5.047948788079538e-05
397	1598	0.00389147327369424
397	1814	0.002268319231378893
398	334	9.309528441224107e-07
398	398	0.9936500166134307
398	1041	0.003970029601367331
398	1253	0.0008594616714534952
398	1410	0.001519561160904513
399	399	0.9906928890674734
399	755	0.0009613866450386067
399	910	0.00261990693283743
399	1513	0.002545219473094014
399	1525	0.0008304359954873979
399	1670	0.001783559333639976
399	1771	0.000566602552429122
400	400	0.9859409706487676
400	559	0.0004637199741392802
400	831	0.001864244800113945
400	1406	0.002948656035687905
400	1496	0.008100716510759449
400	1624	0.0006816920305316981
401	213	0.003389794121040333
401	401	0.9955745248221634
401	1735	0.0004736304059254586
401	1804	1.442951879179781e-26
401	1946	0.000562050650870934
402	402	0.9940037650033866
402	1037	0.0003932171781605983
402	1286	0.0009064263611689916
402	1398	0.0003673169183278627
402	1750	0.001258381811685584
402	1839	0.003070892727270453
403	403	0.9948809967153919
403	973	0.000452945731650935
403	1337	0.0005999623205413607
403	1368	0.001224778031959877
403	1470	0.001212896339553844
403	1617	0.001628420860902226
404	404	0.991793601953712
404	871	0.001643674412633949
404	1348	0.001441901804576011
404	1451	0.00219496235649749
404	1504	0.00292585947258045
405	405	0.9960535254069114
405	449	0.0004152699317476456
405	1186	0.0004560755857825092
405	1265	0.0003449441469856986
405	1325	0.0005978753284386484
405	1334	0.0009888059512702346
405	1395	0.0009478587486976735
405	1963	0.0001956449001661257
406	103	1.478189823963689e-07
406	406	0.9897471155665186
406	550	2.794410914796527e-07
406	689	0.002058616953163817
406	1017	0.0005242694814184704
406	1115	3.537377448682798e-05
406	1189	0.0008008115995610084
406	1307	0.001742837124945943
406	1541	0.002735236465020152
406	1546	0.002355311774811349
407	407	0.9964660294404586
407	823	0.0005594482248168438
407	842	0.0009055105312364429
407	853	5.528571807012848e-08
407	1413	3.578713370620912e-05
407	1424	0.0003665370244973901
407	1575	0.001503142289590413
407	1849	0.0001634900699760463
408	20	3.116386120185472e-05
408	304	0.0003953335654983409
408	408	0.9967847642237936
408	1577	0.001527717405770304
408	1627	0.0007709945059814312
408	1646	0.0004900264377545354
409	409	0.9970581876546198
409	1438	0.0006185563322467521
409	1550	0.0009443066550118536
409	1763	0.0009036700641817627
409	1770	0.0004752792939397982
410	119	0.00165495335817321
410	410	0.9921084184619378
410	1020	6.617135353850298e-07
410	1252	0.0004327047204816519
410	1302	0.005260185724614727
410	1544	0.0005430760212572228
411	345	0.001223801621800175
411	411	0.9973266959384431
411	913	0.0001866396559009556
411	1234	0.00118591007415962
411	1400	7.695270969616362e-05
412	93	0.0004940262501583552
412	412	0.9965990797355189
412	429	6.265482911500681e-05
412	1239	0.0005857776374012435
412	1255	0.0003599857190149089
412	1329	0.0009086483113349138
412	1352	3.24752225198864e-05
412	1388	0.0009573522949368367
413	413	0.9901432548279901
413	648	0.006971260905687203
413	963	0.0003139350368399798
413	1236	0.001346176065854513
413	1362	0.0003425626833953338
413	1706	0.0008828104802327236
414	414	0.995055053068526
414	489	2.898074731884904e-06
414	1198	0.0003205333484702561
414	1383	0.001492176021333811
414	1482	0.003129339486938146
415	415	0.9975247619514395
415	1130	8.469125082948974e-05
415	1174	0.0003452107760413787
415	1345	0.001057423532031797
415	1423	0.0003872046110601458
415	1566	0.0003998264569765963
415	1721	0.0002008814216213227
416	99	2.129686091037907e-08
416	416	0.9957394119010416
416	719	0.0003060646195933832
416	1276	0.001457553021369113
416	1309	1.825079931486982e-05
416	1399	0.000687803560609205
416	1400	0.001790894801210938
417	330	2.765539345956993e-05
417	417	0.9965227237942061
417	1235	0.0004986459193268664
417	1241	0.00092208423284396
417	1300	0.001055187569501551
417	1521	0.0002116147509596182
417	1784	0.0007620883397021846
418	27	7.755831820463348e-05
418	306	0.001152202069656795
418	418	0.9956851415546886
418	1293	0.001536209804316926
418	1332	0.0006221545252070158
418	1530	0.0009267337279262195
419	110	5.950901759552158e-05
419	419	0.9973639559029913
419	652	0.0004577004608183164
419	683	0.0001464201057766847
419	1330	0.0005923049337132639
419	1380	0.0001882777421028903
419	1412	0.0001538518496096283
419	1540	0.00103797998739241
420	420	0.9914945632347094
420	460	4.07532807297169e-08
420	530	0.001358858554272193
420	615	0.001468579197446104
420	1421	6.242632875070445e-05
420	1502	0.0003583438281035666
420	1510	0.005257188103437249
421	90	9.618157390813469e-05
421	421	0.9958019052319285
421	690	0.0001483256840041751
421	1027	0.0005684625057451421
421	1050	0.001218668494353041
421	1181	0.0006096337859222062
421	1223	2.615874673187508e-09
421	1363	0.001556820108264252
422	112	0.0002681087196608535
422	422	0.9907671956816654
422	509	0.0006063634758205198
422	939	0.0004379503104129422
422	1119	0.003418973880855908
422	1214	0.002916227816446589
422	1536	0.0015851801151377
423	16	0.000944491100813961
423	423	0.9973336484001487
423	725	0.001157283356955308
423	783	0.0005645771420820356
424	32	0.0005025005829040601
424	424	0.9972630263267334
424	508	0.0004064080196419222
424	634	0.0003144451134128711
424	1298	0.0005448576833359468
424	1364	0.0005821861669149463
424	1432	0.0003865603478848594
424	1621	1.575917223506173e-08
425	111	0.0008421072987420501
425	425	0.9941726218135041
425	1792	0.001602643856541639
425	1794	0.0006952643355326885
425	1821	0.0005196348956021218
425	1908	0.002167458741013756
425	1969	2.690590636881492e-07
426	347	1.684799200119289e-05
426	426	0.9949400839687447
426	1325	0.0009191027449479805
426	1394	0.00147395286988128
426	1395	6.564961523838221e-05
426	1447	0.0003730684017918268
426	1852	0.002211294407394701
427	115	0.0006359608908956793
427	427	0.9946411204188429
427	635	0.002685676155101513
427	1062	0.0001368614416082099
427	1762	9.228013645192688e-07
427	1890	0.00189945829218719
428	428	0.987317489364243
428	522	0.0009097836279104265
428	689	0.0008501461975643262
428	962	5.996169788665811e-08
428	1067	0.003883595993020206
428	1189	0.001028915037215479
428	1636	0.006010009818348609
429	412	0.000613418318010023
429	429	0.9969948780241996
429	1164	5.492216621502618e-08
429	1255	0.0005226400967424719
429	1350	0.0007394757811851315
429	1388	0.0008117957025311998
429	1832	0.000317737155165297
430	296	0.002454188193208275
430	430	0.9937989408970149
430	685	5.580957406800526e-05
430	1059	0.002810655097045174
430	1382	0.0008804062386635769
431	431	0.99438036172651
431	463	0.0011400626665648
431	659	9.824207777365202e-05
431	1318	0.00199491704407271
431	1375	0.002314915562037372
431	1425	7.150092304162148e-05
432	432	0.9875831113873449
432	1373	0.001763988762647351
432	1516	0.006463227693935168
432	1531	0.004189672156072632
433	25	2.491727438317928e-27
433	241	0.001007008062832747
433	433	0.9981308888717898
433	1355	3.847647068240959e-27
433	1737	7.664626573980756e-05
433	1768	0.0006158330418159964
433	1793	9.247865940083163e-28
433	1887	0.0001696237578216772
434	121	2.324035608358426e-07
434	212	0.0003710978921114039
434	434	0.9973962150288612
434	1180	0.002232454675466491
435	51	0.0006324232001089951
435	435	0.994047740254106
435	942	0.0005364443191452601
435	1308	0.0002708609118586729
435	1625	0.001512331395967333
435	1626	0.00162912903029351
435	1689	0.001370542657711928
435	1855	5.282308082087984e-07
436	142	0.0002706354790981976
436	188	1.39498770658397e-05
436	436	0.9914710840317367
436	716	0.001317679663717487
436	1044	0.001019590884655323
436	1369	0.002967662491036879
436	1464	6.814990904186022e-05
436	1972	0.00287124766364771
437	208	4.929767189784736e-05
437	437	0.9943223363786706
437	616	0.001084882730843742
437	631	0.002208977194468953
437	1508	0.002334506024118803
438	438	0.9930592435571914
438	1127	0.001068507261827924
438	1271	2.130382429255884e-27
438	1302	0.0005913420373511889
438	1544	0.000297928505613704
438	1754	0.002895396178813533
438	1835	0.002087582459202199
439	77	0.0009383884331452
439	439	0.9959419282474424
439	564	0.0008409357188727886
439	816	0.001299685997545431
439	919	0.0009790616029941128
440	238	0.001008848631492262
440	440	0.9936322160460928
440	548	0.0006922915881409609
440	623	0.0009539411752821262
440	750	0.0008348342130125626
440	933	3.62256624223318e-05
440	1543	0.001758814609652221
440	1816	0.001082828073904743
441	167	0.0008621704591863186
441	441	0.9969427429859651
441	662	0.002034345597351993
441	1367	0.0001607409574966022
442	104	4.743491500746799e-05
442	442	0.9969203453688186
442	619	0.0001689651943368276
442	1269	0.0004156059265722257
442	1314	0.0003977220866181866
442	1350	0.0009635384020561304
442	1587	3.375974220237298e-05
442	1800	5.08872340745216e-05
442	1805	0.001001741130313849
443	443	0.9944171885497407
443	709	0.000678954008103585
443	1293	0.0007612786076262914
443	1341	0.0007301259307729107
443	1711	0.003412452903756439
444	210	0.0008108509937286562
444	444	0.9883743569899136
444	882	0.001767833479473768
444	1079	0.009046958536883967
445	212	0.0001898758795304585
445	445	0.991855371553803
445	868	0.002044015740153677
445	1769	0.003963451900417692
445	1786	0.001365859676283853
445	1893	0.0005814252498113416
446	36	0.004385055734548626
446	446	0.9862191803961875
446	600	0.005116565357474899
446	1004	9.435103773618132e-05
446	1225	0.003710786790652705
446	1226	0.0004740606834001139
447	447	0.9901871011325863
447	815	0.0006032868430906307
447	1111	0.004531636267770237
447	1112	0.0005315688242264285
447	1547	0.003094264032109256
447	1842	2.959424543172858e-06
447	1955	4.277193058789143e-27
447	1956	2.851462038996437e-27
447	1960	0.001049183475673949
448	448	0.9951417862675656
448	703	0.000218853310532634
448	1061	0.0004067870354965508
448	1707	0.0003674401904122626
448	1715	0.001518270542263881
448	1829	0.002346862653729161
449	105	0.0001217726612355654
449	405	0.0002580683560669579
449	449	0.9957344568244558
449	1329	0.0001983913529611055
449	1334	0.001351057818650591
449	1395	0.001194783336405898
449	1434	0.0006435923447561654
449	1445	0.0004978773054679173
450	19	5.836751348845423e-07
450	235	1.271461385940709e-05
450	450	0.9947589815384746
450	607	0.0009927026444938713
450	878	0.0005287901370370955
450	1023	0.001357389594659929
450	1597	0.0005109097454655404
450	1638	0.001837928050874544
451	234	0.0003300880578594181
451	451	0.9969820253831848
451	842	0.000776762481799294
451	972	0.000769692627567281
451	1465	0.0007304469345911656
451	1847	0.0001931913047762138
451	1849	0.0002177932102218154
452	62	0.0003299547781887101
452	452	0.99717489489707
452	1174	2.48319579822776e-07
452	1454	0.0001987994888797555
452	1532	0.0007495653788361955
452	1566	0.001546537137445442
453	154	0.000860158523393146
453	453	0.9932696508708947
453	566	0.0005439433183748695
453	1512	0.001497901344077959
453	1568	0.0009975860139432432
453	1703	0.001143076333683946
453	1720	0.001687683595632128
454	454	0.9930731915497181
454	724	0.0001708104136896252
454	943	8.460614592477752e-05
454	1793	0.005720648780593226
454	1827	0.0009507431100743989
454	1887	8.022242226540851e-28
455	455	0.9936502596919095
455	753	0.001143032224169428
455	777	0.0001767867232205916
455	1178	0.0009676355717046665
455	1926	0.004062285788995777
456	221	0.00246339874715917
456	456	0.9915135462319903
456	902	0.0008361508024285998
456	906	0.004547862634484093
456	1045	0.0005882994486511941
456	1678	5.074213528650093e-05
457	457	0.9945646606047474
457	630	0.0008082103026146948
457	1547	1.098420894357668e-09
457	1643	0.003043157412267592
457	1690	4.128155399454464e-05
457	1967	0.001542689027954966
458	277	0.003773363444765596
458	458	0.9920086292584963
458	1084	9.942192967051529e-05
458	1231	0.004118585367067527
459	139	1.645405409396875e-07
459	266	0.0007040661398612752
459	459	0.9953679301291162
459	1076	0.001254876373482501
459	1194	0.001423578647044686
459	1614	0.0001786537233990935
459	1666	0.001070730446555232
460	109	0.002304165958324584
460	420	1.972942501165134e-09
460	460	0.9938395659457665
460	1439	0.0009825117449500185
460	1460	0.002732097607972331
460	1502	2.701981910106224e-08
460	1510	0.0001416297502250723
461	461	0.9912519829368645
461	788	3.318177300626297e-05
461	903	0.001353613278827859
461	1045	0.003390784296021858
461	1534	0.003970437715279451
462	54	0.001387386957835826
462	462	0.9944072497863651
462	496	0.002141397504214369
462	941	0.000511032396165157
462	1459	0.0005843834970525247
462	1473	0.0009685498583671697
463	129	0.001425605420864822
463	463	0.9937875317484697
463	1133	0.0005586227635270453
463	1734	0.004228240067138555
464	464	0.9870512695470767
464	1063	0.0008392271244168395
464	1548	0.002418207968666053
464	1688	0.009691291158682114
464	1702	4.201158319958124e-09
465	194	0.0005837562495565296
465	465	0.9961170175684393
465	609	0.001935872678889721
465	985	0.0008700111406556724
465	1841	0.0004933423624587935
466	466	0.9967934626536125
466	562	0.000565774426846728
466	704	0.0005153182794120476
466	712	5.55838798403363e-05
466	1467	0.000551981848077373
466	1712	4.729534421937621e-05
466	1889	0.001029754748227782
466	1933	0.000440828819764071
467	116	0.0001907616441078125
467	467	0.9964112398951361
467	1241	0.0003967158772090809
467	1300	0.0002630487798696065
467	1682	0.0006372373097799709
467	1847	0.0008482336683245433
467	1886	0.001252762825572825
468	468	0.9952183515973378
468	543	0.0004481720932503524
468	631	0.001074968958969427
468	1156	0.001290401705945821
468	1318	0.00064901717876067
468	1425	0.000764931886710419
468	1498	0.0005541565790254946
469	250	0.0002793135628965989
469	469	0.9940947643407061
469	567	3.885512995675375e-08
469	623	0.001089491035093691
469	1069	0.001635717897266682
469	1579	0.0009492837976508193
469	1592	0.001398394227636815
469	1816	0.0005529962836193299
470	34	1.927116400615984e-05
470	183	4.82090619839481e-08
470	470	0.9950116007244256
470	542	9.120171920011634e-08
470	710	0.001203778191626824
470	1403	0.00133919995536282
470	1507	0.001099970760938641
470	1528	0.0007851236965200564
470	1610	0.0005409160963387373
471	377	0.001033821040613362
471	471	0.9952917935166598
471	859	0.00069478688942032
471	1095	4.897575127242512e-09
471	1150	0.0005273182418626066
471	1591	0.0004584780930928997
471	1618	0.001891593979116173
471	1864	0.0001022033416597831
472	192	0.002049698190943268
472	472	0.9926281429458015
472	717	0.0001680616146649176
472	1052	0.00145617479862592
472	1390	0.0004938116190190434
472	1461	0.0007123817990289206
472	1701	0.00249172903191653
473	44	4.777906757079057e-05
473	312	0.0003713645405860457
473	473	0.9938282828557284
473	651	0.001759371180599226
473	667	0.001870072311342299
473	1138	0.0001251529450884856
473	1216	0.0003230270717750805
473	1582	6.857848906866582e-06
473	1630	0.001668092178402637
474	107	8.842289336707381e-05
474	474	0.9906346294384427
474	897	0.007416601455213461
474	1367	0.00186034621297665
475	475	0.9963543510878543
475	479	0.0007404157090462032
475	820	0.0004063254324013707
475	841	0.0005857316622703126
475	1143	0.0004889355037067187
475	1347	0.0001626725300918147
475	1709	0.0001032668548017985
475	1825	0.001158301219827504
476	212	0.00139773325791581
476	252	0.0006609179909835187
476	476	0.9788262814820562
476	868	0.004790801193863093
476	948	0.007561739275281987
476	1180	0.002836890797462244
476	1193	0.003925636002437145
477	477	0.9925311908482973
477	570	0.002051615617828468
477	1003	0.0005918330769600629
477	1033	0.0007111192357180434
477	1524	0.00115313744027223
477	1760	0.002129892721981415
477	1780	0.0008312110589424042
478	101	4.641844754106137e-08
478	424	4.192399485316562e-08
478	478	0.9969609554310487
478	1364	0.0008214629431361794
478	1432	0.0003118944200627472
478	1489	0.001397663883947946
478	1588	0.000507934979362114
479	57	0.001106131035656336
479	475	0.0009263088280605793
479	479	0.9940670708807271
479	891	0.0001468107029399103
479	1631	0.001922035450531054
479	1709	0.0009767529096336167
479	1825	0.0008548901924514628
480	75	0.0008185924808570677
480	282	2.632978983354204e-10
480	480	0.9949362953358184
480	1244	0.0009391833271216671
480	1365	6.12630162710847e-05
480	1449	0.0009740707250550888
480	1678	0.002270594851578831
481	128	9.558020527981714e-09
481	272	0.0006191787172796906
481	481	0.9953154928897884
481	495	0.0006177352205885839
481	1177	0.001120092143177192
481	1315	0.001251137799009654
481	1351	0.001076353672136027
482	119	0.001317522240687683
482	482	0.9924544200409172
482	760	0.00302314844821152
482	1211	0.001363195756459241
482	1673	0.001841713513724259
483	334	0.001859844776048026
483	483	0.9961624756698515
483	1253	0.000390732645417455
483	1463	0.0009405682694629588
483	1617	0.0002868275112423649
483	1694	0.0003595511279777162
484	30	0.00178113782743062
484	122	0.0001237688701693993
484	484	0.9802074020804666
484	581	0.004093058930277777
484	605	6.590163738385483e-07
484	935	0.001233361591992692
484	1310	0.01256061168328903
485	117	0.000783867732150235
485	485	0.9958574280966263
485	715	6.13274346584869e-28
485	969	0.001653050662538987
485	1270	0.0005518746535927768
485	1756	0.001153778855091803
486	161	6.176861829891204e-05
486	486	0.9973182169953467
486	577	0.0004044594246758983
486	1444	0.0003613589115976283
486	1474	0.0007277228807401045
486	1489	0.0001986150831687326
486	1583	0.0004034468485956125
486	1588	0.000190921244372691
486	1608	0.0003334899932037111
487	487	0.9953742034154638
487	517	2.292503618704996e-05
487	862	0.001837463791260763
487	1507	0.001290945700830208
487	1528	0.0001193531252786907
487	1724	0.00135510893097941
488	116	3.100251150886361e-08
488	488	0.9967894362249171
488	1413	0.0004851468562866193
488	1424	0.001283350108550072
488	1535	0.0009151319259628391
488	1843	0.0005269038817718189
489	414	8.252380236462755e-05
489	489	0.9950599667937067
489	1254	0.00258603770883107
489	1418	8.467441786783007e-05
489	1732	0.002186797277229818
490	490	0.9969096861344084
490	1759	0.003090313865591607
491	230	0.001325339537069641
491	243	0.0002999632537317842
491	491	0.9962384799196988
491	966	3.841740558950412e-05
491	1081	6.430565858953308e-05
491	1108	0.0005775377095645077
491	1331	1.647261470686231e-08
491	1478	0.001455940043141684
492	48	1.649296053938074e-05
492	307	0.0003308774531238714
492	492	0.9945306674054658
492	893	0.0004770009638599348
492	1559	0.0001469815039338018
492	1649	0.0001173604953119759
492	1902	0.004380619217765188
493	81	6.010538546722818e-08
493	239	0.0003502992678257945
493	240	0.0001333727943952925
493	493	0.9953208310899788
493	680	0.0004693093496818301
493	909	0.001108021322380902
493	1315	0.0008042914532949679
493	1351	3.406487153770074e-05
493	1611	0.001779749745519303
494	123	0.0001000583535267687
494	494	0.9903645944867759
494	932	1.100578173221928e-06
494	1004	0.004207511765876217
494	1372	0.0007164650055093031
494	1943	0.004610269810138593
495	128	0.0005263715338085096
495	272	0.0005683165329954465
495	481	0.0009810155019795027
495	495	0.9958918040806958
495	633	0.0002634396916412768
495	1351	0.0002199252644487177
495	1576	0.001549127394430683
495	1916	6.298983463616573e-27
496	54	0.001469143537460155
496	462	0.0003068586330772812
496	496	0.9955586580798934
496	927	0.002034826062985264
496	1493	0.000474573826766973
496	1660	0.0001559398598169736
497	21	0.005039526884045594
497	348	0.0002040887667554208
497	497	0.9931132457678011
497	788	0.0002439183036835286
497	1429	0.001399220277714281
498	498	0.9929532621964844
498	538	7.918005039395127e-05
498	817	0.0002603200806473042
498	1406	0.001287737411946075
498	1538	0.001327168143743443
498	1553	0.001525900597477608
498	1601	0.002566431519307093
499	499	0.9903245193802341
499	528	0.001629497542497143
499	944	0.003616140646971334
499	1070	0.002278318867367889
499	1665	0.001494228822449768
499	1831	0.0006572947404797473
500	126	7.640930910494999e-06
500	349	4.32082087373094e-05
500	500	0.9957299939365981
500	1294	0.004107060249359374
500	1761	0.0001120966743946919
501	277	0.0002476449776738098
501	501	0.9948766752870077
501	637	0.0008536927327704769
501	958	0.003874271078949837
501	1231	0.0001477159235981023
501	1308	2.34394235420051e-27
501	1909	2.599154161200725e-27
502	183	0.000188106895260545
502	502	0.9958767712819102
502	693	0.001782166911207338
502	710	0.0008833188632082723
502	1604	0.0009950162866455129
502	1663	0.0002746197617681209
503	200	0.0005854639306332299
503	503	0.9968328754783028
503	820	0.001053431043773691
503	1650	0.001166190822107501
503	1825	0.0003414592700375273
503	1885	2.057945514546472e-05
504	101	0.0003385934004171932
504	147	0.0002461984379424189
504	504	0.997357690507476
504	1298	0.001075181184703202
504	1364	0.0005808621920818559
504	1577	6.382458384340292e-10
504	1627	0.0003421184757252376
504	1646	5.935516340842635e-05
505	186	0.0004198870343238838
505	505	0.9966064211143312
505	887	0.001427505343773886
505	1467	0.0001491858995097316
505	1594	0.00139700060806131
506	131	8.41389134244235e-05
506	363	2.257114888997544e-07
506	506	0.9969087405054352
506	1185	0.0003139145234500407
506	1243	5.886735717799483e-05
506	1572	0.002061689306630358
506	1797	0.0005003106255328505
506	1808	7.211305686022793e-05
507	164	1.829178253902831e-05
507	507	0.9961798983148823
507	771	0.001495225724647001
507	918	7.247688064174983e-06
507	1576	0.0003155827266002498
507	1613	0.0006057324409681333
507	1632	0.001378021322299143
508	32	0.001122592300219855
508	424	0.0006217064978541015
508	508	0.9964832779234977
508	1008	0.0005293469422752951
508	1432	0.001243076336153119
509	200	0.002553729890164109
509	422	0.0003348545651487493
509	509	0.9919840939384849
509	938	0.000901178113176165
509	1119	0.001378235889373586
509	1536	0.000998035683730442
509	1650	0.001849871919922091
510	16	0.002162616138565376
510	510	0.995414673988062
510	953	2.545517615696964e-05
510	1081	0.002397254697215727
511	401	0.001727979722048118
511	511	0.9935961448866119
511	1735	0.004557714363534695
511	1947	3.049423348611511e-27
511	1955	0.0001181610278053666
512	7	0.0007926014359312124
512	186	5.236433748330076e-06
512	512	0.9958772138274825
512	835	0.0007204747338002724
512	1296	0.001677012792929432
512	1374	0.0001734493546101918
512	1642	0.0007540114214980134
513	345	7.90925936754917e-05
513	513	0.9974844682348559
513	1259	0.0007760323666899573
513	1276	0.0003131180138251323
513	1448	0.0004644216158471671
513	1789	0.0008828671751063516
514	118	3.136569428979386e-07
514	418	0.001320884349742185
514	514	0.9944728332266888
514	1530	0.003803447271612719
514	1669	0.000402521495013407
515	318	0.00174846743450871
515	515	0.9958624878658452
515	765	0.001099566855647613
515	1458	0.0006524642134261979
515	1692	0.000637013630572192
516	488	0.0007351752144462374
516	516	0.9965492031194513
516	1535	0.0008444981085405121
516	1667	0.0003566141796302341
516	1722	0.0001568984883520608
516	1834	0.0007091385478384935
516	1843	0.0006484723417411391
517	96	0.0009341351050227028
517	487	0.0001737149343965408
517	517	0.996076631920265
517	826	0.0008549332655126843
517	862	0.0006784701838468849
517	1692	0.001282114590956154
518	275	4.053291405533898e-07
518	518	0.9929231326324196
518	866	0.002690914680522192
518	1018	8.029358906771138e-05
518	1080	0.003485802180875382
518	1683	0.0008181917440807301
518	1690	1.259843893895789e-06
519	50	0.0002153411308659055
519	519	0.9819760571656526
519	674	0.00293500642617289
519	923	0.0006355948696778865
519	1142	0.003746259577710907
519	1837	0.01049174082991991
520	200	0.001287039454404003
520	520	0.9953729547230066
520	1885	0.003340005822589448
521	54	1.56353256513934e-09
521	364	0.0002513525509516634
521	521	0.9953559930980086
521	858	0.002473223607295842
521	1175	1.021454758084041e-07
521	1492	0.0002652803334912279
521	1565	0.001439451706138595
521	1660	0.0002145949951056376
522	113	0.003069886854238764
522	428	0.001258470548955225
522	522	0.9884616453331808
522	1067	0.001899661190898084
522	1513	0.0002326190324606142
522	1525	0.002866546485158027
522	1656	0.002211170555108373
523	49	0.0004691327222871286
523	148	0.001541743246375992
523	523	0.986281931123049
523	975	0.00396592325960381
523	1246	0.005505842443822025
523	1301	6.740003093209579e-08
523	1406	5.587675452489412e-07
523	1538	0.002234801037285972
524	219	0.0003385219322003094
524	524	0.997264301816021
524	697	0.0001155461639952674
524	861	0.0007842655773467359
524	1008	0.0007657592572006109
524	1609	0.0007316052532361186
525	176	0.0004506707531271387
525	525	0.9954283349987162
525	610	0.0007762194854801132
525	886	0.0001745904108870259
525	1025	0.0005415846983529955
525	1671	0.001297709823023675
525	1836	0.001330889830412883
526	43	0.0003528850977285499
526	131	0.0002431288091894619
526	526	0.996252718538671
526	632	0.001334668371457881
526	1368	0.000217839034302384
526	1463	0.0005679449819772844
526	1616	0.0005729718732912627
526	1694	0.0004578432933820699
527	106	0.0008560124870481986
527	270	0.0003755180712726632
527	298	0.00159602906520652
527	527	0.9953288958527029
527	895	0.0007397104852699084
527	1398	0.001084533992122973
527	1839	1.930004637689501e-05
528	9	0.0005468380653424664
528	145	0.000282636757621533
528	499	0.001101524704463815
528	528	0.9917096217990341
528	1125	0.001099490601792843
528	1653	0.005259888071745282
529	156	0.0003948953535014887
529	529	0.9935803372656289
529	1100	0.0007807708417631839
529	1205	0.0005147710527797839
529	1475	0.002699592527711708
529	1526	0.002029632958615025
530	25	9.310216935797711e-05
530	158	0.001009790383970481
530	420	0.002098115234770295
530	530	0.9941876451691082
530	615	0.0009050306310049649
530	1355	0.000441792952637455
530	1518	0.0009096629353416144
530	1817	0.0003548605238091143
531	375	0.002009550528949145
531	531	0.9929683451649632
531	552	0.002108701106573367
531	669	6.224404511988592e-09
531	1140	6.15704953530607e-06
531	1619	0.0005740375178906506
531	1878	0.002333202407683776
532	67	0.0003380372116434583
532	294	0.0001485057794768568
532	532	0.995810531384588
532	1078	0.001434530014848502
532	1199	0.001163352553448263
532	1336	0.0009957942962356726
532	1343	0.000109248759759324
533	194	0.0002166217078118484
533	533	0.9955441610804748
533	683	0.001223422602019504
533	799	0.001650735471068223
533	901	0.0004583278681753566
533	1664	0.000906731270450213
534	281	8.04667919724902e-07
534	534	0.9965424596969485
534	670	0.001806663333262543
534	1340	0.0004543522087723439
534	1757	4.404499510633257e-05
534	1775	0.001151675097990525
535	163	0.0005842734528794548
535	535	0.9953422229856527
535	672	0.0006877340907012764
535	702	0.0001147883493317897
535	1384	0.001381136523408665
535	1469	0.0002813644717575358
535	1629	0.001608480126268655
536	150	0.006585410989641865
536	383	3.301350799615255e-06
536	536	0.9865044621416372
536	1427	0.004280035825069232
536	1539	0.002056517766368293
536	1774	0.0005702719264838068
537	537	0.9965317759849953
537	870	0.0003823818999826297
537	924	0.002137665866852886
537	1259	0.0009451309852096072
537	1766	3.045262959432011e-06
538	148	0.0005144231968195448
538	248	3.424929499631335e-08
538	498	0.0005996809699066306
538	538	0.9942572368438228
538	755	0.0002520638582036624
538	1095	0.00126679992622892
538	1538	0.0009414543308165048
538	1553	0.001548061693175296
538	1557	0.0005439804050567078
538	1670	7.626452667502492e-05
539	9	1.421377866186484e-06
539	260	0.0008785676765074419
539	539	0.9904249563252597
539	1070	0.003034357319163592
539	1101	0.004842811743433517
539	1665	0.0008178855577695729
540	540	0.9919623351546154
540	567	0.003707153880705637
540	753	0.001696743536553134
540	1390	0.002398629940555852
540	1592	9.975616728538285e-10
540	1701	0.0002351305208591941
540	1926	5.969149008590362e-09
541	78	8.034743463822356e-08
541	265	0.0002846804700633369
541	356	0.001111133116941578
541	541	0.9960760218880065
541	992	0.0009412795479972768
541	1026	0.0006154255818291775
541	1311	0.0003716323827426701
541	1379	0.0005997466649849841
542	130	0.0005427954035358352
542	542	0.9953119290480652
542	593	0.0005109801665360492
542	914	5.023580741707069e-05
542	1291	0.0008717411564915702
542	1403	0.002462872755214727
542	1610	0.0002494456627395791
543	42	0.001062605390336709
543	154	0.0006338733383433974
543	468	0.001711755091133868
543	543	0.9939505016152007
543	631	0.0005271504961769789
543	1425	0.0008694904803699775
543	1720	0.001244623588438314
544	201	0.002786608606532152
544	544	0.9944395512050267
544	747	0.0006883702650348099
544	805	1.007826724534057e-07
544	1232	0.002085369140734033
545	26	0.002174954936151222
545	545	0.9907882838869846
545	798	0.0005103100713310292
545	962	2.668686089328371e-05
545	1882	0.00649976424463979
546	43	0.0001478116941333513
546	403	0.001630558345525196
546	546	0.9961123206375803
546	911	5.086890248006681e-05
546	973	0.001352422826515275
546	1368	0.0007060175937658453
547	5	0.0004838662315848101
547	380	0.0004845192270134037
547	547	0.994579600456962
547	1035	0.002485450677033248
547	1404	0.00196656340740656
548	64	4.361459890789366e-05
548	134	0.0005704563099988654
548	440	0.0005107433912409223
548	548	0.9917059066307009
548	750	0.0002766109807431943
548	1543	0.002135106006998775
548	1585	0.00374280417702776
548	1810	0.001014757904381801
549	50	2.074155488758232e-05
549	182	0.00037606295460681
549	207	0.0003470611068406147
549	549	0.9957352311395491
549	557	1.93590719915352e-07
549	923	0.0007081751415046047
549	1091	0.001507005958435761
549	1188	0.0004281792015122224
549	1644	0.0008416795900882014
549	1809	3.566976185535213e-05
550	406	8.796294443292136e-07
550	550	0.9908782441707747
550	569	1.710937765870496e-07
550	962	1.434475759962193e-08
550	1126	0.0005067234244624966
550	1189	0.0002407231042509537
550	1541	0.005162502480937165
550	1662	0.003210741751596194
551	31	0.0009767222202669299
551	138	0.002060691800474256
551	551	0.9914106515984805
551	796	0.002747298626389716
551	1251	0.001550935125929182
551	1571	0.001253700628459472
552	123	0.002911014890223626
552	531	0.0008917805086820613
552	552	0.9930321930996177
552	1619	0.001743130870789754
552	1966	0.001421880630686913
553	6	0.001280443852642456
553	257	0.001380929420336961
553	553	0.9951391927789938
553	556	3.376532701364485e-05
553	1159	5.283881714359699e-05
553	1716	0.002112829803869586
554	288	0.0005110707468365044
554	554	0.9869385477314153
554	760	0.001617368740532147
554	1020	0.0002171436807914157
554	1252	0.002717593029310385
554	1641	0.002407272456227843
554	1681	0.004161089086795218
554	1824	0.00142991452809109
555	138	4.324924380648197e-07
555	299	0.006041283126549796
555	555	0.9849566115550518
555	1251	0.003959560194999884
555	1261	0.001849007916564581
555	1389	0.003193104714395957
556	6	0.0002487097101221147
556	273	0.002456890410410643
556	553	0.0001667978100014809
556	556	0.9924624037249826
556	622	0.001465555161385524
556	863	0.001289506402585043
556	1159	0.0010634412885452
556	1716	0.0008466954919672068
557	59	0.0001184528153980088
557	182	0.0001143492671130829
557	207	0.0005267492327156035
557	557	0.9950678263680233
557	1063	0.0001358684711889639
557	1188	0.003157984560871784
557	1203	0.0007114610680083328
557	1702	0.0001673082166810327
558	302	0.000806409773564836
558	558	0.9947665468148831
558	1011	0.0006548371160311681
558	1134	0.0009436430920357411
558	1408	0.00282856320348512
559	203	0.0005754618263693849
559	392	0.001715189825065085
559	400	0.0001600502946085172
559	559	0.9867221363967588
559	779	0.0009154388099682669
559	1135	0.00276118594844249
559	1409	0.0009394476218719726
559	1624	0.006211089276915598
560	136	0.000179960953173585
560	560	0.9968550347420458
560	814	0.0003720004802999581
560	991	0.000765816230134703
560	1420	0.0006708199555860521
560	1674	0.001143435325884169
560	1936	1.293231287567806e-05
561	362	0.0007805458807414649
561	561	0.9950228163211898
561	729	3.61686206120646e-05
561	1466	0.0002319994532559969
561	1633	0.001533088957286733
561	1833	0.002395380766913783
562	152	0.0006374674999542049
562	466	0.0005763142217697442
562	562	0.9969050230671396
562	999	0.0004550652442685216
562	1346	2.658597679539914e-05
562	1467	0.000652212170392413
562	1712	0.0007320838658084048
562	1933	1.524795387176005e-05
563	331	0.008104970714069078
563	563	0.9768911664257752
563	933	0.001893361456586163
563	1153	0.008393843185365967
563	1516	0.004716658218203508
564	33	0.00100603640696534
564	142	0.001010837354686112
564	439	0.0001896033062901818
564	564	0.9937603865503519
564	816	0.0002878997286963112
564	1087	7.363127964836408e-05
564	1170	0.003671605373361757
565	259	5.382522754049225e-05
565	565	0.9963547198869845
565	945	0.0005733495333772069
565	1587	0.001002803029621501
565	1615	0.0004298627580931471
565	1668	0.0002185993076528301
565	1680	0.0006948090138672051
565	1805	0.0006720312428631334
566	42	0.0002209495205125721
566	453	0.0003939080288737732
566	566	0.9941336432771329
566	1512	0.003743296994998924
566	1720	0.001508202178481695
567	469	3.955411313667185e-08
567	540	0.0003237207369067326
567	567	0.9937518104454222
567	753	0.0002369258466222079
567	1069	0.003305348442130923
567	1390	0.000560473536764168
567	1592	0.001719342355912803
567	1926	0.0001023390821279293
568	71	0.0002442027163289914
568	568	0.9948377146512286
568	596	0.002203406960280668
568	752	2.705916329342554e-09
568	825	4.587226359830829e-05
568	1066	0.002668219614116494
568	1883	5.810885306544212e-07
569	103	6.847274244846178e-06
569	144	0.001388337687968096
569	550	5.915755758798152e-10
569	569	0.9923835804255204
569	597	3.959914490220558e-09
569	1169	0.003160529034987971
569	1546	0.003060701025788595
570	316	0.002198978314252462
570	477	0.0007719650059727032
570	570	0.9936883956429379
570	1033	0.0008055179235150637
570	1376	0.00180662073225943
570	1780	0.000728522381062511
571	135	0.0005837231760314309
571	487	0.001949386081729099
571	571	0.994223726718755
571	1198	0.0008986121372860629
571	1528	0.0002605910860828045
571	1724	0.002083960800115649
572	47	0.0005764382671981997
572	366	0.0001162168473825431
572	386	0.0001487120875295006
572	459	0.001131322051014118
572	572	0.9951758770388205
572	761	0.0001318018284030726
572	1076	0.001309498987297128
572	1676	0.001410132892354965
573	98	8.642920510017429e-08
573	573	0.9966415431387804
573	1160	0.001644768849608948
573	1542	0.001164886459985843
573	1555	7.559803619098251e-05
573	1563	1.632039363142629e-07
573	1603	0.0004729538822924189
574	108	0.003596829963424107
574	389	0.0008608065141301602
574	574	0.9873492731376023
574	944	0.001549051518785525
574	1271	0.0015676956745782
574	1310	0.0002410869084570734
574	1822	0.001523851912390802
574	1831	0.003311404370631952
575	74	0.001292442706803755
575	155	0.002453190672067158
575	575	0.9909200081991224
575	803	0.002111796658834308
575	1029	0.001778896345739108
575	1415	0.001005009801202619
575	1504	0.0004386556162306304
576	153	3.511006875431773e-08
576	312	1.732227895669736e-05
576	393	0.0006434256983907211
576	576	0.9945673958580634
576	1125	0.001722062459362071
576	1216	0.001606666628573084
576	1257	0.0007341540942409283
576	1685	0.0007089378723444278
577	37	0.0009784035853280296
577	577	0.9973987978796264
577	694	0.0005370775063907385
577	1444	3.513545526570269e-09
577	1474	0.0007797428929766394
577	1583	0.0002552007724214464
577	1871	5.077384971112253e-05
578	39	0.0008828142539042257
578	516	0.0001273131404641951
578	578	0.9941608659030479
578	1667	0.004334304416058608
578	1700	0.000494702286524953
579	152	0.0005352702348133338
579	579	0.9966123790567619
579	653	0.0009629134695749347
579	833	0.0005031755028847899
579	1374	0.000873040051969307
579	1467	1.701035906192994e-05
579	1594	0.0004962113249338162
580	162	0.0001145548305469173
580	414	0.001284810357277088
580	580	0.9955903900466685
580	628	0.0008426372432438795
580	1218	0.001232625339377817
580	1383	0.0009349821828858091
581	122	0.0006584190417625786
581	145	0.004499179732170793
581	484	0.0006298435016194128
581	581	0.9891313259853153
581	605	0.000189244353176199
581	1310	0.0009740917165745632
581	1653	0.0009379729558937396
581	1961	0.002979922713487399
582	6	0.0008194814574222438
582	582	0.9970592316408202
582	1158	0.00095941623482906
582	1159	0.001161870666928434
583	583	0.9919509799416411
583	837	3.05060349806426e-07
583	845	0.0005068483588595234
583	1073	0.006030575312193641
583	1811	1.415230704521936e-08
583	1876	0.0001533661649267483
583	1877	7.001545111356798e-07
583	1913	0.001357210855211133
584	584	0.9939211916017976
584	836	0.0005642335940217731
584	1140	2.187033069120216e-06
584	1578	0.001220320266671111
584	1619	0.002372416239843833
584	1966	0.001918986973652414
584	1971	6.642909441810629e-07
585	147	1.002248149526238e-06
585	573	0.0007668166965315529
585	585	0.9955215827224367
585	1072	7.947186887200566e-12
585	1555	0.001307575685832171
585	1584	0.0001196264519229635
585	1603	0.001743781687613519
585	1627	0.0005396144995663726
586	28	0.0004579890533354318
586	586	0.9984109992292548
586	1280	1.093268955611077e-07
586	1740	4.126130160498529e-27
586	1799	0.001024339637305895
586	1835	0.0001065627532084528
587	12	0.001811359288926718
587	181	0.001181704142063173
587	203	0.0001977076271531816
587	587	0.9935332568848919
587	735	3.610231772110218e-08
587	779	0.002028504525687762
587	1085	0.0007294898046164239
587	1787	0.0005179416243431491
588	39	0.0002767534345146695
588	156	0.0003034069584267813
588	249	0.0004211495844154119
588	588	0.994594034657144
588	691	0.001456029378144987
588	957	0.00213117814908177
588	1272	0.0005672083597815123
588	1475	0.0002502394784908182
589	589	0.994487658303231
589	1191	0.002261749733331491
589	1939	0.003250591963437504
590	3	0.0003015555969400097
590	182	2.4013591538404e-05
590	336	0.0004011936304588583
590	590	0.9954513173206991
590	769	0.0001256178990374092
590	810	0.001433894739382022
590	1228	0.001834638540341427
590	1277	3.147863001163618e-08
590	1654	0.000427737202972744
591	165	0.0007146432258864639
591	591	0.9963719579778308
591	759	0.0002150692912099016
591	1580	0.0006610370689606945
591	1605	0.0003315458756384519
591	1932	0.001277946907759269
591	1940	0.0004277996527144325
592	140	0.0008671920648041048
592	229	0.0005673089830844879
592	592	0.9873497090992508
592	936	0.003348032299742248
592	976	0.004289281681544881
592	1819	0.000555123848836527
592	1824	0.003023352022737034
593	141	0.001128468275793482
593	542	0.001378611946770799
593	593	0.9943057005112712
593	834	0.0002934864447008232
593	852	0.0001629377929848997
593	914	0.001760094995435094
593	1610	0.0009707000330436814
594	67	9.486579908144962e-06
594	315	0.001275682700040938
594	594	0.9960842344220507
594	701	0.001588022322922146
594	1131	0.0006719124195240004
594	1274	0.0003706615555541234
595	172	0.001060787918419877
595	595	0.9966465196632949
595	1086	0.001393867866580121
595	1146	0.0006723837553800901
595	1537	0.0002264407963250632
596	568	0.0002664232559154467
596	596	0.9959335250724788
596	1066	0.000656270337687929
596	1083	0.001225030359466827
596	1249	0.0003669290124712482
596	1844	0.001551821961979829
597	144	0.001332433911655856
597	569	4.717802040384295e-10
597	597	0.9952043171005377
597	930	0.001187790186278055
597	1215	0.0006094102286772424
597	1662	0.001419908705084742
597	1888	0.0002461393959861807
598	211	0.0003599475871516693
598	598	0.9967305477846647
598	861	0.000610359213731938
598	947	5.64475028475408e-05
598	1574	0.001147595971323304
598	1684	0.001095101940280799
599	309	2.072313765684404e-05
599	324	0.001907061099210835
599	599	0.989201595461224
599	1077	9.995766793669824e-05
599	1212	0.001105467131213348
599	1245	0.0008598439593631272
599	1391	0.006805351543395071
600	36	0.002332010688962357
600	375	0.004658905644297062
600	600	0.9800098852188917
600	675	0.005454201783655491
600	1372	0.001844684928104411
600	1443	0.005700311736088934
601	44	0.0006252690323742129
601	137	0.001038880764702396
601	601	0.9947957080286921
601	1256	0.001701530322221399
601	1324	1.423821580280366e-05
601	1620	0.001293360182023032
601	1655	6.096821291110123e-05
601	1675	0.0004700452412728497
602	151	0.0005729246323247153
602	602	0.9961384873632384
602	696	0.002421615269654674
602	1019	0.0003675595896878116
602	1935	0.0004994131450943992
603	8	0.0002133569661103092
603	603	0.9960928905157008
603	682	8.650014105024186e-05
603	1009	0.0005051317111376473
603	1132	0.001765969980969403
603	1568	0.001336150685031468
604	604	0.9966286407737349
604	1521	0.001385939799681434
604	1593	0.0005253710022236848
604	1700	0.0002680799287037571
604	1784	0.0007628902926538522
604	1880	0.0004290782030025862
605	122	0.001925596996430703
605	581	3.89991010157575e-05
605	605	0.9908713097421423
605	1114	0.001001077669732615
605	1428	0.00155105168052182
605	1551	0.004032169415186156
605	1774	0.0004686360353282205
605	1961	0.0001111593596424828
606	58	0.000312281695608859
606	606	0.9975818379235143
606	714	0.0001758640449177943
606	847	0.0006179083012660852
606	853	0.0006888300319740568
606	1730	0.0006232780027190092
607	450	0.001676931222145451
607	607	0.9955494098094987
607	726	0.001027008810270287
607	878	0.0002196223749895284
607	1597	0.001527027783096071
608	382	2.708462790323943e-05
608	608	0.9961497847734618
608	947	0.00204773931919829
608	1366	0.001298661334101755
608	1384	4.511637183267455e-05
608	1798	0.0004316135735022254
609	38	0.002185994492922493
609	194	0.0001801535216436527
609	465	0.0009672859372235899
609	609	0.9958024287825615
609	799	0.0008641372656487582
610	245	0.0003126717823183234
610	525	0.001101614880039514
610	610	0.9937842198396541
610	805	0.0006423218931785998
610	869	0.001344289320524778
610	886	0.001566156181688128
610	1836	0.001248726102596502
611	65	0.000221942998480048
611	244	0.0004262001965032579
611	321	3.291427344427881e-05
611	611	0.9969846702983143
611	809	0.0004217216772848852
611	916	0.0006831939948307644
611	1149	0.0005580712474371398
611	1229	0.0006712853137052851
612	612	0.9951528593533903
612	798	0.001929206064311242
612	883	0.0008558616681291815
612	1561	0.001231046415419841
612	1648	0.0003135126231330474
612	1884	0.000517513875616386
613	206	0.0005986697621510698
613	613	0.988751288745519
613	856	0.003258049307527093
613	956	3.196784453976278e-05
613	1620	0.005715845240803707
613	1897	0.001644179099459486
614	72	0.001441683161893591
614	159	0.0004176241924656108
614	500	0.001017641236961111
614	614	0.9967664298944043
614	1761	0.0003566215142753741
615	109	0.00145281184643237
615	158	0.0004696009075340917
615	420	0.0002770855027009381
615	530	0.0002247771989060019
615	615	0.9943231712926142
615	1337	0.002129833019519232
615	1470	0.0001963606377722946
615	1510	0.000926359594520899
616	208	0.001587680276893817
616	339	0.00246073151855571
616	437	0.001491229527925281
616	616	0.9915930555535337
616	851	0.0001464971217786151
616	1323	0.001779513360849345
616	1508	0.0009412926404634806
617	128	0.0007190541778203976
617	617	0.9966236341181658
617	1454	0.0007036667348472175
617	1532	0.0002934148196979985
617	1613	0.001660230149468542
618	293	0.001490466860996792
618	318	0.0002587863191950173
618	618	0.9951997358719002
618	661	0.001043095479437208
618	1202	1.662046942083934e-05
618	1378	1.61219437238836e-09
618	1457	0.0003964481250942431
618	1860	0.001594845261761222
619	104	0.001001737730234984
619	442	0.0002125949639807562
619	619	0.9956528797794127
619	961	1.78528400128411e-05
619	1097	0.0001113247716273279
619	1350	0.0002232830725041518
619	1483	0.0003656444190550488
619	1615	0.001466154006459941
619	1805	0.0009485284167119872
620	386	0.0001090228197391733
620	620	0.9965333497130983
620	835	0.0006511935755680803
620	1170	0.0003957739887085516
620	1590	0.001993124344626253
620	1958	0.000317535558259615
621	144	0.0002850319454288743
621	290	0.0008772667577645964
621	397	0.001772318739891176
621	621	0.9956747466477758
621	875	0.000867811875078287
621	1169	0.000345530562342466
621	1215	0.0001772934717188229
622	149	0.0006719288789460092
622	273	0.001637815535270217
622	556	0.0002772546867618559
622	622	0.9924804466244636
622	863	0.0001573722004338621
622	1075	9.976255117774402e-07
622	1554	0.002176292624569124
622	1656	0.002597891824043703
623	238	0.001663703477104231
623	440	0.0008719328937282649
623	469	4.337896223414459e-05
623	623	0.9899673513253003
623	1015	0.004588288338144751
623	1816	0.002865345003488386
624	4	0.0005317100785487809
624	624	0.9970524195966065
624	657	0.0004176582145584965
624	770	0.0003999682074215911
624	1736	0.0007147036450579914
624	1828	0.0008835402578066108
625	156	0.000376636572332805
625	271	0.0001203444777725563
625	340	0.0002032919189448242
625	625	0.9909279333813256
625	890	0.001772631368104543
625	899	0.001993205116283215
625	1100	0.001844476886406809
625	1344	0.002761480278829709
626	68	0.0004240841222640017
626	171	0.0006390293526962106
626	626	0.9946395297495424
626	1121	0.0001603727246170547
626	1194	0.001009735023324638
626	1238	0.001770614272929392
626	1321	0.0007211796676161558
626	1614	0.0006354550870100656
627	60	0.0009959487263282911
627	395	0.001041430908995591
627	627	0.9958900060077271
627	1182	1.194202118966209e-27
627	1208	3.642509564862268e-07
627	1291	0.0007275375534956062
627	1663	0.001344712552496811
628	24	0.001798378410853543
628	628	0.9943392991498732
628	968	0.001408831896458968
628	1323	0.0004056207955272702
628	1383	0.002047869747287044
629	34	0.0003976048765418725
629	629	0.9941472040173295
629	1659	0.003373760836355935
629	1704	0.002081430269772852
630	457	0.001327430164319612
630	630	0.9957177276066751
630	1111	0.0001540063997939716
630	1821	0.001179925041394601
630	1842	0.0003846008999285716
630	1884	0.0004301335423773815
630	1908	4.913202847815277e-07
630	1967	0.0008056850252258819
631	42	0.003621750730544849
631	468	0.001239216581601589
631	543	0.0005014633033615184
631	631	0.9923486674227243
631	1498	0.001384051883449511
631	1508	0.0009048500783181855
632	43	0.000333170868224643
632	526	0.001018263161868273
632	632	0.9955127597341255
632	907	0.0002052802346217087
632	1048	0.001481389269058158
632	1616	0.001449136732101683
633	45	0.0003965617677310024
633	272	3.656016266818304e-05
633	495	0.001102248463560322
633	633	0.9963460758952767
633	1576	0.0001614440655122405
633	1578	5.47732081555404e-05
633	1632	0.0009266900015840666
633	1916	0.0009756464355120465
634	32	0.0002409931540074705
634	424	0.0004844348261171703
634	634	0.9963477797226434
634	821	4.092444410874855e-10
634	1298	0.0002381709414760315
634	1600	0.001112901652070996
634	1603	8.003337391231578e-05
634	1621	0.001495685920528124
635	115	2.5418421067769e-07
635	262	0.00185521078065243
635	427	0.0009412855113847373
635	635	0.9957614009162497
635	1062	0.00128162172328667
635	1762	0.0001602268842158041
636	5	0.001219182167347416
636	175	0.0002832766406917456
636	316	3.220956616396662e-05
636	636	0.9928125908696898
636	1035	0.001403658296134852
636	1376	0.0002788159874909136
636	1807	0.001193008092678833
636	1820	0.002777258379802525
637	124	0.0006154873811826173
637	277	3.65383781193007e-27
637	501	0.0001626071823984078
637	637	0.9922851654455214
637	711	0.006432367709515263
637	1308	0.0005043722813823617
638	37	9.401473648672351e-05
638	166	1.021667127213848e-08
638	308	0.0002923045433348039
638	638	0.9976403346231948
638	749	7.172161559461361e-05
638	1099	0.000307757112286136
638	1146	0.0007737649775421424
638	1686	4.338212039653993e-05
638	1788	0.0007767100544930186
639	88	0.00153940046570665
639	185	0.0001937928366085045
639	216	4.488044953373774e-09
639	639	0.9944480708864664
639	892	0.002035893739226404
639	971	0.001069214676416532
639	1187	2.223741961220493e-09
639	1696	0.0007136206837886189
639	1959	4.946387466629323e-27
640	97	0.0007926230906662347
640	153	0.0001319144272461323
640	393	0.0003607894650822423
640	640	0.99439721735499
640	928	0.001917326003517114
640	1257	0.001094785091257458
640	1297	0.001296136880104201
640	1402	9.207687136547428e-06
641	178	0.002762121584409003
641	641	0.9947520854142606
641	729	0.00114523850382363
641	1061	0.001292079941285447
641	1929	4.847455622127201e-05
642	214	0.000126437990470809
642	292	0.002108876163424781
642	642	0.9942863835323056
642	807	0.000397631617933402
642	865	0.0003024475713870059
642	926	0.002043524351630393
642	1855	0.0007346987728481805
643	30	0.003065446882224217
643	484	0.004053883004828633
643	643	0.9881381325318834
643	1428	0.003349982209135773
643	1481	0.001091972490861743
643	1774	0.0003005828810661964
644	313	8.030987420056265e-09
644	644	0.9955866541861732
644	822	6.301167125586439e-06
644	1209	0.003367467443005659
644	1320	0.001039569172708051
645	5	9.208849432307242e-08
645	388	0.00409896283467555
645	645	0.9944836464452964
645	687	0.0005564419496181922
645	1002	1.559595952124945e-07
645	1401	0.0008607007223202236
646	329	0.0002225855360746201
646	337	0.000965563118022987
646	646	0.995856938161758
646	824	2.566081127531982e-05
646	867	0.0008029406261212206
646	929	0.001095714871043921
646	1203	1.195556665388252e-07
646	1363	6.106697212109591e-09
646	1602	0.0009364240652207857
646	1717	9.40471481194446e-05
647	14	0.0004426850851195117
647	647	0.9961665502407703
647	811	0.0007832427113031188
647	896	0.000684353894754014
647	1166	0.0005821423790361634
647	1266	0.0009251995407514453
647	1640	0.0001015204231221408
647	1691	0.0003143057251433381
648	413	0.003945459656250145
648	648	0.9901383009331081
648	880	0.0008804606219325403
648	1362	0.00503577878870919
649	35	0.0007622522410398799
649	195	0.0003280902524167233
649	350	0.000230184551092974
649	649	0.99601404264153
649	663	0.0001997839919884725
649	1407	0.00138696578335416
649	1858	0.001078680538577717
650	11	0.00180249465632578
650	650	0.9959602973282898
650	745	0.001244285308466237
650	1086	0.0007709748872445966
650	1537	0.0002219478196735794
651	153	0.001100600420154897
651	473	0.001423755516474791
651	651	0.9940037347116354
651	667	0.0003523096164114568
651	970	3.341860603371336e-08
651	1216	0.0005452290306771487
651	1582	0.002574337286040362
652	314	0.001575598803131413
652	419	5.880788382112389e-05
652	652	0.9961505848133011
652	985	0.001331017849647761
652	1330	0.0006379100127463157
652	1540	0.0002460806373523232
653	7	0.0009580621603832307
653	579	0.0007220498362023669
653	653	0.9963543119764702
653	833	0.0008223748151047678
653	1268	0.0005330631898173056
653	1374	0.0001268395573997791
653	1455	0.0004832984646224442
654	161	0.001774970759574472
654	654	0.9963824265236466
654	812	0.0009441674373374156
654	1397	0.0001008294647861308
654	1684	0.0006434441573105584
654	1727	0.0001541616573448519
655	227	0.008863338693269929
655	655	0.985205325352419
655	707	0.004277134449882986
655	1010	0.0007749160022048158
655	1436	3.17694465804493e-05
655	1495	0.0008475160556428592
656	80	1.999836673945575e-05
656	237	3.122284338505725e-08
656	268	0.0001546176453923004
656	656	0.9954896340686039
656	767	0.002439160957185619
656	1024	0.001730479390142983
656	1485	0.0001660783490922661
657	4	0.0007585474819839796
657	215	0.0004022039608829136
657	396	0.0003458289961612239
657	624	0.00113483995895455
657	657	0.9965591107013211
657	1380	0.0002333140515109817
657	1456	0.0005111196705610435
657	1501	5.497963021911486e-05
657	1828	5.554840505133303e-08
658	379	0.0009247067166862095
658	432	0.001090244230213627
658	658	0.9821463534189071
658	1015	0.001849094652896164
658	1120	0.005411601968784771
658	1490	0.0009621469898336286
658	1527	0.00761585202267848
659	431	0.001278396114442061
659	659	0.9944655063556227
659	1244	0.001785420088350866
659	1375	0.002470677441584382
660	179	0.0006847802955794924
660	394	0.0001198876309868486
660	660	0.9972823749847741
660	991	0.0001435511018645452
660	1863	0.001336514094046826
660	1870	9.734578439802138e-10
660	1936	0.0004328909192903292
661	293	0.001390643702976629
661	325	0.0005226235241185081
661	618	0.0008932763523151999
661	661	0.9957230478533177
661	1202	0.0001204700699306663
661	1494	0.001349938497341332
662	167	0.0001899166868831656
662	662	0.9958376749826858
662	1891	0.001936886327632632
662	1921	0.002035522002798352
663	343	0.001049421330538692
663	350	0.0005753669765143825
663	649	0.0006167873725316655
663	663	0.9958357683159541
663	720	0.0004419102455961918
663	1250	0.0003468619870488542
663	1407	0.001133883771816229
664	664	0.9960304190091636
664	907	0.00113740007654172
664	1385	0.001465537013519466
664	1616	0.0001200122670538066
664	1797	0.000925164880185357
664	1808	1.355244277664775e-08
664	1861	0.0003214532010933473
665	171	0.0004169249749336981
665	173	0.001244979379620282
665	356	0.0008393356436854889
665	665	0.9951158300520404
665	681	0.0004480121265156332
665	992	0.0002881325057976911
665	995	0.0006993669496302039
665	1321	0.0009472844121298998
665	1471	1.339556465489508e-07
666	160	0.001801219415217439
666	666	0.9945295456943239
666	1042	0.0007310622895076659
666	1328	0.0002804776691996157
666	1726	0.0006301998635500117
666	1823	0.0006909714404031645
666	1901	0.001336523627798042
667	44	0.001376252573938442
667	473	0.0007757029987934532
667	651	0.0001138246891175635
667	667	0.9935498332369025
667	943	0.001767512474322614
667	1582	0.0007362334360559186
667	1630	0.0001717224688763105
667	1705	0.00112599782672236
667	1827	0.0003829202952708728
668	163	0.0003824540818578721
668	287	0.0008416638366828072
668	668	0.9958409815719613
668	949	8.545242137338841e-05
668	974	3.161865726214469e-05
668	1016	0.0008652245249285986
668	1032	0.001952604905933784
669	531	6.475925640288784e-08
669	669	0.9921945705259545
669	979	0.000577379585233609
669	1443	0.0002250004872477715
669	1533	0.001270570766764149
669	1695	0.002981463214862882
669	1917	0.002750950660680684
670	534	0.0003294580490769484
670	670	0.9954730226882403
670	1234	0.0009778784037934702
670	1757	0.003219584310057033
670	1775	5.654883226333463e-08
671	82	1.174255711064266e-05
671	170	4.632637810802903e-05
671	216	5.122668603447227e-05
671	671	0.9954198644561379
671	733	0.0002709251465123343
671	1082	0.002643813449627167
671	1200	0.001556101326469486
672	672	0.9962081837949439
672	772	0.001440683525446239
672	1032	9.978855182611323e-05
672	1629	0.0009220381826001647
672	1798	0.001329305945183706
673	14	0.0001636645093933809
673	234	0.0003223958906331244
673	673	0.996047213294906
673	714	0.0008601861023769377
673	916	8.017089453137462e-05
673	972	0.0006580795263849591
673	1266	0.0001632169291128709
673	1710	0.0008366287349585592
673	1718	0.0008684441177027082
674	140	0.000957261922111872
674	254	0.0009221663767160098
674	674	0.9930550590113125
674	923	0.0001554624857174176
674	1056	0.002057628794350608
674	1105	0.002674413037825491
674	1644	4.09950414969214e-08
674	1837	0.0001779673769247086
675	168	0.005588189893271925
675	675	0.9847977510423196
675	738	0.0001100505510810744
675	794	1.378058831958563e-06
675	1303	0.009454706346201316
675	1443	4.792410829426271e-05
676	84	0.0001164930531230963
676	294	0.0001942874773026575
676	296	0.0004787790777852089
676	532	0.003169194093468959
676	676	0.9945214918917251
676	1078	0.001519630191462028
676	1199	2.14763606624613e-08
676	1651	1.027387720937223e-07
677	198	0.0001900809444069813
677	301	0.000556671857672656
677	677	0.9967630029435331
677	950	0.0002569553843579828
677	963	0.0005832978344842996
677	1219	0.0004830910847144762
677	1783	0.00116689995083066
678	256	0.001660818388242729
678	266	0.0004556814722673093
678	320	4.991225462784357e-07
678	678	0.9945936870294928
678	789	5.203075149616582e-06
678	1051	0.001293915634103979
678	1121	0.001095251885916445
678	1773	0.0007071817814920254
678	1879	0.0001877616107889712
679	205	0.0002070904884728098
679	326	0.0009653119284921757
679	337	7.092401041804552e-05
679	679	0.9959954736460744
679	929	0.0005939502056849919
679	1028	0.0005939538780016152
679	1058	0.0001103014308976205
679	1359	0.00146299441195825
680	239	0.001124543270917018
680	240	0.001011931776211003
680	493	0.001338705897940323
680	680	0.9956416455631848
680	909	0.0001010863660136092
680	946	0.0003293906072137604
680	1433	0.0002119429017896708
680	1520	0.0002407536167298533
681	7	5.355386940886224e-05
681	171	0.0007432493581689437
681	512	3.90940098663603e-08
681	665	0.0008714946029173591
681	681	0.9953777173749917
681	995	0.001536198525214262
681	1321	7.91363095428652e-10
681	1455	0.000475059206679374
681	1642	0.000942687177246525
682	8	0.0005580944131765863
682	302	9.77044474299191e-05
682	603	0.001559004392457783
682	682	0.9952982595384298
682	989	0.0002754000355780612
682	1011	0.0001997295998351195
682	1568	0.0004466188428399322
682	1703	0.001565188730252817
683	110	0.0006413754222912601
683	194	0.0008459452236120429
683	419	0.0001105819591031668
683	533	0.001080080898302538
683	683	0.9957856799962707
683	799	5.652069533304975e-09
683	1540	0.00146256278575992
683	1664	7.376806259089592e-05
684	321	0.0005892996649127906
684	684	0.9962530968013791
684	1229	0.0004339654236791859
684	1349	0.0007488238371829216
684	1360	0.001009668359601313
684	1606	0.0004039864640249415
684	1622	0.0005611594492196306
685	201	9.990934957721536e-08
685	430	0.001423221584419438
685	685	0.9936012759565518
685	989	0.002039051805508082
685	1059	0.002936350744171116
686	172	0.002099579213646302
686	595	0.001530289042766333
686	686	0.9938080357212496
686	746	7.619597942011384e-10
686	1628	0.002075038104562504
686	1714	0.0004870571558153272
687	196	0.001234090564324063
687	388	0.0008288347172434774
687	645	0.001337705967493572
687	687	0.995533808807436
687	1227	0.00106555994350286
688	340	0.002305742720055514
688	381	0.0008827907027093075
688	688	0.9900359922447445
688	1171	0.0008426691151930252
688	1205	0.001928184826512934
688	1511	0.00154189866764905
688	1564	0.002462721723135699
689	113	0.00227978302886678
689	406	0.00199183036717445
689	428	0.003400079280882235
689	689	0.9891020123988503
689	1189	0.003054614411863457
689	1307	0.0001716805123626939
690	90	0.00170174986543522
690	421	0.0002910189941263338
690	690	0.9952460071250696
690	867	2.445458663728816e-09
690	1027	0.001118248480445121
690	1057	0.0007935360138067057
690	1277	0.0001121405919540384
690	1281	0.0004552330935933413
690	1363	0.0002820633901109896
691	156	8.850672462207991e-05
691	249	0.001530475664906345
691	588	0.0008051497218004465
691	691	0.9952257743024078
691	802	0.001963920905082169
691	890	0.0003861726811812232
692	48	0.0003267867162414631
692	692	0.9957861296233633
692	893	0.0005417777586747084
692	1312	0.0009635979676983658
692	1420	0.0004289508234262779
692	1605	0.001682744824284065
692	1729	0.0002700122863117859
693	183	0.000259548710641541
693	502	5.310708905284933e-05
693	693	0.995612057391735
693	710	0.0001090271470137946
693	1335	1.095993724025131e-07
693	1435	1.626301271899785e-09
693	1604	0.0005185316295295484
693	1652	0.0007478522429010876
693	1840	0.002699764563452595
694	37	0.0006087490277594981
694	199	3.799579749591226e-09
694	577	0.0002486320805120243
694	694	0.9969694189564278
694	749	0.002055686897975928
694	1583	1.493361446127761e-05
694	1871	0.000102575623283805
695	167	0.001421518981222007
695	368	0.002034686282919038
695	695	0.9952142826084623
695	1217	0.0006638506158369313
695	1279	0.0006656615115596685
696	259	0.001203359466748996
696	696	0.9959951544774318
696	945	0.0004267100213030839
696	1019	0.0007281130132519857
696	1815	0.0007925610661009728
696	1935	0.0008541019551630657
697	32	0.0009759734069689612
697	219	0.0005320733309748355
697	508	0.0006808777369531681
697	524	3.773879750594083e-05
697	697	0.9962665758505004
697	1008	0.0006506052050733758
697	1349	0.0008561556720232276
698	27	0.001440063067393087
698	178	1.671314911811922e-07
698	418	0.001146269950813815
698	698	0.9965452080092365
698	1332	1.49680928982206e-08
698	1669	0.0005555770446672985
698	1833	0.0003126998283053542
699	228	1.39500845806912e-05
699	351	0.0008342864402731261
699	699	0.9959004566240923
699	1152	0.001504267924278008
699	1287	0.0003130142614124159
699	1488	0.001434024665363442
700	50	0.00299925257639502
700	231	0.0004036925915792376
700	700	0.9841863176191132
700	713	0.001449344062320437
700	1014	0.002796840131432681
700	1809	0.001450960740716492
700	1845	0.00671359227844294
701	120	0.001561534263416809
701	594	0.0009617426483487535
701	701	0.9921403632875181
701	1274	0.001136499917992316
701	1365	0.004199859882723938
702	163	0.00199101324710502
702	535	0.0005875759026524117
702	702	0.9966718292806608
702	974	0.0007495815695819852
703	118	0.0005168096911516999
703	448	0.0003518734151751623
703	544	0.0005051233149390663
703	703	0.9945661774303411
703	768	0.0001434133939016594
703	1232	0.002247583590949107
703	1725	0.0001239853395152561
703	1829	0.001545033824026776
704	466	6.66506943512864e-05
704	505	0.002305044403969539
704	704	0.9962373165919446
704	887	0.0007554639652524867
704	1467	0.0006355243444820806
705	58	0.00059130363365583
705	211	0.0003999969439696127
705	382	0.0001788117744791451
705	705	0.9967060634904131
705	823	8.56237065631982e-05
705	847	0.0004054560103930107
705	1366	0.0003672550112612708
705	1609	0.00126548942926482
706	185	0.0006991543613722751
706	216	8.362191120092556e-05
706	706	0.995526179709787
706	778	0.001449100373263014
706	964	0.0005637707178405227
706	971	0.001391228447833845
706	1082	0.0002869444787024433
707	188	0.0003366571917532198
707	227	0.000828691058305963
707	320	0.0009047992260850656
707	655	0.0006965122529653886
707	707	0.9889271255636256
707	1010	0.001946871174240457
707	1213	0.002262753400485156
707	1436	0.004096590132539145
708	247	0.001441875568640718
708	708	0.9936485917387454
708	888	0.002325408611088723
708	1002	0.001343798762025412
708	1031	0.0002621378415106052
708	1452	0.0009781874779889661
709	201	0.0001146521676140631
709	443	0.001273783161129914
709	709	0.9947179433605533
709	1232	3.599866698057004e-05
709	1341	0.002378002170245328
709	1505	0.001479620473476883
710	130	0.0002765388955104544
710	183	0.002299615514360005
710	470	0.0005279014224193964
710	502	0.001749512587600829
710	693	8.369889382632666e-06
710	710	0.9950560683829932
710	1403	6.731664487328791e-05
710	1507	1.450224996167336e-05
710	1663	1.744128986020207e-07
711	73	3.637598467688356e-27
711	124	0.00188311462833885
711	711	0.9919633311716286
711	1477	0.006153554200032524
712	466	0.0002269037940031866
712	712	0.9975606116076989
712	1801	0.0004275074855728879
712	1889	0.001047045019598109
712	1933	0.0007379320931270148
713	177	0.0004198328258286151
713	231	0.002417837081485192
713	700	4.181886373075719e-05
713	713	0.9921961134011351
713	739	0.0005252178874098266
713	1014	0.0004680886509585826
713	1065	1.138355565115928e-06
713	1607	0.00386722062870959
713	1695	6.273230517717914e-05
714	234	0.00041596230727848
714	606	0.0006244447107858404
714	673	0.0003763136986458031
714	714	0.9974545876282347
714	853	0.0003367751447954935
714	1360	2.92186928805875e-09
714	1718	0.0003271268920066066
714	1730	0.0004647866963836793
715	117	0.0002479247551582777
715	485	6.237943762908217e-28
715	715	0.9982050021560537
715	1476	0.0006527750117499928
715	1739	0.0007304553349678355
715	1765	0.0001638427420702578
716	17	0.001987680548392856
716	188	0.006387737827737913
716	436	0.001176235940925266
716	716	0.98534236936199
716	1369	0.0007569815739980255
716	1370	0.001939903581227365
716	1515	0.002409091165728383
717	87	0.001596555309499001
717	192	0.009360861838777769
717	472	0.0008637348216520212
717	717	0.9756970216111264
717	839	0.005202858854168693
717	848	0.007278967564776096
718	22	0.0009669388164202431
718	718	0.9958608276807641
718	827	0.0003794959454094621
718	977	0.001422578785686912
718	1450	0.0001710439612020326
718	1778	0.001199114810517429
719	416	4.549986397950231e-05
719	719	0.9941938754780485
719	1038	0.003750296954063564
719	1399	0.002010327703908473
720	94	0.0002678720954755058
720	350	0.0005364943176231967
720	663	0.0004307277576736789
720	720	0.9965171046540456
720	813	0.0006789763079782245
720	1250	0.0002465524662978305
720	1500	0.001322272400905955
721	149	0.0004977855783866175
721	275	0.003462077403677614
721	721	0.9907892754999778
721	1018	0.001611335849663988
721	1067	0.001186187869560868
721	1599	0.0009696839608163705
721	1636	0.001483653837916849
722	22	8.410153359811741e-08
722	604	0.0007641773407302934
722	722	0.995548903862661
722	791	0.001692465596459087
722	1005	0.0006040899475316502
722	1593	0.001390279151084141
723	176	0.001001982350520247
723	723	0.9969041877077899
723	1393	2.813700696616748e-28
723	1422	0.002065788728116805
723	1431	7.155071262716714e-27
723	1519	2.80412135730494e-05
724	338	0.0009664509501144566
724	454	0.0001455962681787949
724	724	0.9956284286052739
724	970	0.001475595943236416
724	1172	0.0004591228839467552
724	1793	2.189953683238471e-05
724	1827	0.001302905812417156
725	230	0.002182227824271602
725	491	0.001769107547726665
725	725	0.9944657456643422
725	783	0.001484772945953334
725	1081	9.814601770617139e-05
726	235	0.0008055841967958048
726	607	0.001585584810151935
726	726	0.9954088805385384
726	784	4.581120969335639e-09
726	1118	9.233536698855336e-08
726	1719	0.002199853538025997
727	140	9.81336715188513e-05
727	254	0.0005878287660329179
727	727	0.993820285218231
727	743	0.001973369251872477
727	769	0.001698432039518104
727	1105	0.0009826416040628167
727	1283	0.0008393094487637241
728	728	0.9958532158465063
728	738	9.108632081977774e-05
728	1113	0.0009049123130707683
728	1319	5.079197810166587e-10
728	1612	0.001573244306950798
728	1640	1.782230860404157e-05
728	1925	0.001559718396128405
729	178	0.0007493743201052181
729	561	0.0001801259770663827
729	729	0.9959440267201487
729	1633	0.002517946341001035
729	1677	0.0006085266416786861
730	29	0.002793242002843891
730	187	0.003045730423392603
730	730	0.9901515486920689
730	939	4.037606583503764e-09
730	1196	0.001504151799037797
730	1214	0.002505323045050181
731	107	0.001044732563685391
731	228	2.815205482875974e-05
731	731	0.9947804181016344
731	1006	0.001864997885618192
731	1393	0.001858327415602817
731	1486	0.0003810334369096959
731	1488	4.233854172078191e-05
732	233	0.0007295269351084436
732	376	0.0007430911186207675
732	732	0.9953697018799726
732	1021	0.0007389165358443465
732	1664	0.001501070274631289
732	1721	0.0009176932558224447
733	170	4.286258445980999e-05
733	216	0.0005019138882361656
733	671	0.001542682239581193
733	733	0.9962130916717022
733	1082	0.0003397424423016517
733	1775	0.001359707173718894
734	56	0.001685404413767381
734	177	0.0009956032768779534
734	734	0.9949472927129184
734	739	0.0005782639457750546
734	787	0.0003215229419572113
734	1094	0.0009837602248675245
734	1142	0.0001280721325256018
734	1796	0.0003600803513107661
735	203	0.0004084862648339311
735	735	0.9862915404968873
735	779	5.684960422899655e-07
735	1167	1.815312379823828e-05
735	1787	0.01328125161843834
736	143	0.001765000783623305
736	371	0.0008154057509862703
736	391	0.0005093389649151183
736	736	0.9966314595985705
736	1160	5.393184782910467e-05
736	1531	4.219539510736547e-07
736	1581	0.0002244411001246003
737	102	0.0003046883060888864
737	248	0.0005731060395535165
737	267	0.0007247719080348498
737	737	0.9940898270985619
737	817	0.001329395674359141
737	1102	0.001605944810389033
737	1144	0.001372266163012632
738	675	0.001251640971420931
738	728	8.756625870449477e-05
738	738	0.9941581560474296
738	754	2.832333515905315e-07
738	794	0.003232507089154982
738	1303	4.232345412840715e-06
738	1925	0.00126561405452568
739	264	0.0001395285015583112
739	713	0.001075913498022972
739	734	0.0004399343180565144
739	739	0.9939690662257312
739	1094	0.002738264377744291
739	1139	0.000173471835995304
739	1607	0.001463821242891419
740	65	2.892825391143305e-05
740	244	0.0003238783764742205
740	255	0.0002808156305335506
740	740	0.9956131025883157
740	1093	0.0001519015267939742
740	1113	0.0008939033080225592
740	1149	0.001093567702651239
740	1166	0.001386522435279342
740	1640	0.0002273801780178993
741	128	0.0009561652732004582
741	239	9.873885516927737e-06
741	617	0.0002401469765713366
741	741	0.9962830781438166
741	912	2.472760402898336e-05
741	1351	0.0001832879079499203
741	1454	0.001288255723959871
741	1596	0.0003331150624331742
741	1611	0.0006813494225227566
742	253	0.0006339679002166266
742	321	0.000167137312159675
742	742	0.9966741689974807
742	809	0.0008921788976349301
742	1192	0.0007578898267514484
742	1284	0.0001362056959258707
742	1570	0.0007384513698307033
743	3	0.0003938346383300997
743	727	0.0003671882508211693
743	743	0.9946282531175811
743	1283	0.0002612708526781342
743	1586	0.0008100949954597869
743	1803	0.0009313856921374815
743	1962	0.002607972452992284
744	87	0.0003814865869167339
744	220	0.000348178699445735
744	305	8.119604541028335e-06
744	744	0.9954070780553367
744	1092	0.001710075701555153
744	1154	0.001959505988125502
744	1212	0.0001855553640791881
745	166	0.0005668145355106678
745	313	0.0006023103880248517
745	650	0.0001541632351561782
745	745	0.9968392259783261
745	986	0.0005320862783473994
745	1086	4.435480934636191e-05
745	1320	4.351746271689738e-05
745	1647	0.001217527312571557
746	55	0.001507549270795588
746	199	0.0004635776909791882
746	311	7.083115605800197e-09
746	686	2.460811734882467e-08
746	746	0.9955528606381713
746	1128	9.911109124446291e-06
746	1247	0.0001438589185186764
746	1628	0.001207281430859465
746	1714	0.001114929250318498
747	66	0.000391013108734944
747	201	0.0007383655349533018
747	544	0.0008818850033067191
747	747	0.9968110440220296
747	805	8.03718842980053e-06
747	1046	0.00018390568147856
747	1134	0.0009857494610671551
748	76	0.0009347095614485738
748	191	0.0003604093788721446
748	310	0.0002777993460596661
748	748	0.9960547998395719
748	781	0.0003381978840814679
748	1068	0.0003059954570568384
748	1083	0.0001931535059722003
748	1104	0.001534880277381794
748	1844	5.474955543562049e-08
749	37	0.0003658373622223979
749	199	0.0004187504333712635
749	638	0.0003550106221452957
749	694	0.0001384171257529191
749	749	0.9967053674260513
749	1686	0.00201661703045681
750	134	0.001105780708742967
750	250	0.0004902205154529234
750	440	0.001389155068715256
750	548	0.002517694327385743
750	750	0.993075183346658
750	777	0.0003333744167051608
750	1816	0.001088591616339952
751	258	0.003829769353281989
751	751	0.9892798849908497
751	1182	0.002989713282396793
751	1549	0.000355531446727506
751	1830	0.003545100926743936
752	568	1.548597492703408e-09
752	752	0.994467265847385
752	1066	0.000760991534601258
752	1068	0.002580505941846243
752	1446	0.002191235127570049
753	455	0.0002663719555669245
753	540	0.000768480654417051
753	567	0.0004794292600241261
753	753	0.996452920145075
753	1926	0.002032797984916898
754	754	0.9965061764697163
754	794	0.0001040215249876911
754	811	0.0007655897387237305
754	1137	0.001232887346230057
754	1548	1.203107019083411e-07
754	1657	0.0009914782302048557
754	1691	0.0002306987803996841
754	1925	0.0001690275990356955
755	399	0.0007013435060851473
755	538	4.387673190776753e-05
755	755	0.9925631555815034
755	1095	0.002644892451634293
755	1150	0.0008292037926898296
755	1670	0.002230325471293596
755	1771	0.0003179839072695585
755	1864	0.0006692185576163214
756	71	1.565499500707538e-05
756	261	0.0009607409894211
756	756	0.9912737716320403
756	785	0.004753023023112133
756	1090	0.0003456750908851905
756	1163	0.002651134269534126
757	222	0.00507956673024086
757	757	0.9922071776415314
757	1796	6.20260638158209e-07
757	1877	0.002241547071422048
757	1881	0.0004710882961673749
758	77	0.0007249775714946165
758	191	0.009314624568422384
758	286	0.0002296249948906381
758	758	0.9820896629921401
758	908	7.505705009522344e-06
758	919	6.935464807404357e-09
758	1030	0.003003956489786653
758	1068	3.984720294609574e-07
758	1442	0.004629242270761902
759	189	0.002616941647455831
759	591	0.0001308909994332129
759	759	0.9941672339984339
759	1932	0.002979214890988965
759	1945	0.0001057184636880711
760	119	0.001113306985597148
760	410	0.003778876846654614
760	482	0.0003528286199028004
760	554	0.0005198901444668288
760	760	0.99056878442781
760	1252	0.003486364779514347
760	1824	0.0001799481960541421
761	47	0.001346990383729045
761	366	0.002001345860547905
761	572	0.001080178322517784
761	761	0.9921480627973608
761	1010	0.0007601975558911198
761	1044	0.0005797389246961167
761	1213	3.763460811218852e-07
761	1369	0.002083109809176275
762	119	0.0001796297123291301
762	225	0.0008236086180498326
762	762	0.9940114855867269
762	830	0.002108093110067445
762	1187	1.754370184592926e-07
762	1211	2.276844632121392e-07
762	1658	0.002148498611554648
762	1673	0.0004281515619387943
762	1803	0.0003001296778516482
763	220	0.002004651936106148
763	309	0.0009705959696513623
763	319	5.031076807451056e-06
763	763	0.9951734118805859
763	840	0.0009910427435660984
763	1077	0.0002572273771758955
763	1866	0.0005980390161071475
764	2	7.422526549033709e-27
764	204	0.0003140773443852214
764	458	0.001522223981446164
764	764	0.9963262010552727
764	1084	0.0005504564559004197
764	1141	0.001287041162995521
765	95	0.001472941283482544
765	318	0.001001938407434786
765	515	0.000237035469834755
765	765	0.9958251811820178
765	1202	0.001462903657230065
766	284	0.0004228584016765129
766	766	0.9979331474862777
766	1118	0.0003795033580884016
766	1157	0.001019626441850024
766	1763	0.0002448643121072309
767	202	0.002002361570678309
767	767	0.9949264983142975
767	1024	0.0003284507749448847
767	1405	0.001411952190390028
767	1526	0.001330737149689134
768	226	0.001294001698021738
768	448	0.002655514954361999
768	703	0.0004563842111032814
768	768	0.9948546956782084
768	1671	2.731975932775701e-05
768	1707	0.0007120716069905868
768	1829	1.20919861379791e-08
769	3	0.00215611681112472
769	254	0.0003212186429197188
769	590	0.0003393154667262823
769	727	0.0006911964162100923
769	743	0.001403013451622944
769	769	0.9950219682783222
769	1586	9.581112027579222e-08
769	1654	6.707512195372567e-05
770	4	0.0002884014088786259
770	184	0.0008613010347429097
770	624	0.0002055347101881313
770	770	0.996333224377843
770	960	0.0003578529494446155
770	1173	0.0007261924161576565
770	1263	0.0004964446391880739
770	1736	0.0007310484635570103
771	164	0.0006064096704457851
771	215	2.671816110231445e-05
771	507	0.0007230315009923073
771	771	0.9954705829054842
771	918	0.001765294226849001
771	1456	0.001004165528430207
771	1613	7.235459041562231e-05
771	1632	0.000331443416280556
772	303	0.0009900204979333862
772	772	0.9963855005872508
772	864	0.000832197676854632
772	1122	0.001464261068676483
772	1798	0.0003280201692847334
773	100	0.00289498869719799
773	773	0.9935587786551353
773	855	0.0009749903028677092
773	1033	0.0004796431659901259
773	1354	0.002091599178808817
774	401	1.485362891558075e-06
774	774	0.9927996402379168
774	1753	2.570966876006211e-05
774	1804	0.001450672607763222
774	1952	0.0003519699932547394
774	1953	0.001917956781963243
774	1954	0.003452565347450421
775	262	0.0007976804197507249
775	775	0.9980916646779945
775	922	1.498887463183648e-26
775	1762	0.001110654902254844
776	206	0.0009269867368462695
776	776	0.9918065711109776
776	1195	0.002336575694771098
776	1892	2.982459612272797e-06
776	1897	3.43934187379145e-05
776	1905	0.0009513630737693375
776	1968	0.003941127505285579
777	134	0.002277392936953523
777	250	0.0008099272066386875
777	455	0.0002359273420223361
777	750	0.001468220853055901
777	777	0.9935529934483965
777	1178	0.0007325724865359106
777	1926	0.0009229657263970113
778	82	0.0005699515844202919
778	269	0.001032186013244204
778	706	0.001462596973520931
778	778	0.9951988838955674
778	964	0.0006585237166078933
778	1082	9.994453360153747e-05
778	1529	0.0008239038808204132
778	1922	0.0001540094022173348
779	12	0.001602631868233528
779	203	0.004784172443224976
779	559	0.001964862267262136
779	587	0.002046367410296998
779	735	2.11058139859001e-07
779	779	0.9873460279927947
779	1135	0.000137452350491573
779	1409	0.001814091437119645
779	1787	0.0003041831724365997
780	285	0.0007229678277883093
780	780	0.9951145336565341
780	898	0.00230164112155019
780	1013	0.001860857394127351
781	76	0.0004625563920897237
781	246	9.519906144710401e-08
781	310	0.002118698713752247
781	748	5.016532049849733e-05
781	781	0.9948782562798466
781	1104	0.0001326372234873978
781	1106	0.00105359013504924
781	1165	0.0007535388372514786
781	1176	0.0005504618989633958
782	81	6.369115607324939e-06
782	264	0.0005494939443909969
782	782	0.9929029009698709
782	1139	0.004167186981775474
782	1177	0.0007440731460855719
782	1872	0.0001111517440759141
782	1924	0.001518824098193784
783	230	0.001293661100623833
783	423	0.0004596831578783173
783	783	0.9962529226396734
783	1459	0.001534543764254596
783	1473	0.0004591893375699576
784	284	0.00118461167375616
784	726	5.733471374389753e-09
784	784	0.9959866062472877
784	801	0.0001834879150641706
784	1118	0.0005885404253120033
784	1719	0.001631727197686669
784	1770	0.0004250208074219128
785	71	0.002370583590256913
785	261	0.0001992140502374306
785	568	0.003602888069381126
785	785	0.9930918017120396
785	1066	9.428938352848878e-06
785	1090	0.0005504340711081115
785	1163	0.0001756495686239517
786	332	1.374463745291522e-06
786	355	3.337090285297677e-05
786	786	0.9955650433711553
786	1089	0.002657699565148118
786	1123	0.001216059675270788
786	1495	0.0005264520218274145
787	56	6.287697189002781e-08
787	177	0.0009091844605062527
787	295	7.2699664212331e-05
787	734	0.001888082289314999
787	787	0.9923514201620759
787	1142	0.002117417693575587
787	1796	0.00266113285334318
788	21	0.0005112561170026945
788	221	0.0002355511313451614
788	461	0.0003477430404358322
788	497	0.0001998312946952381
788	788	0.9955383424615506
788	834	0.0009275289838829528
788	1045	0.0008316430491277139
788	1429	0.001408103921959818
789	68	0.001147609590826564
789	256	0.0004550892823228582
789	372	1.882779631735708e-07
789	678	0.0001972834437443408
789	789	0.9952849795775015
789	877	3.322661613615613e-08
789	1121	0.0004535306093461412
789	1859	0.002461285991679312
790	220	3.455198239227399e-07
790	305	0.0001076589337807828
790	342	0.0002370680595652862
790	790	0.9958735670258327
790	1092	0.0004995025483468274
790	1103	0.002463906938205035
790	1161	0.0008179509744454074
791	604	0.001119057923332916
791	722	7.774401967538462e-05
791	791	0.9957740581084242
791	1880	0.003029139948567603
792	248	0.0002438578695451696
792	377	0.001263702650268405
792	792	0.9955164540314293
792	859	0.0005885461512130003
792	1102	0.0005142950059022639
792	1557	0.001163851767764625
792	1781	0.0007092925238771461
793	63	0.0009114997638124311
793	235	0.002593248280706716
793	367	1.146940478308125e-07
793	726	0.001314107224466859
793	793	0.9950004517979953
793	988	0.0001542482392231158
793	1197	1.7903578070797e-09
793	1719	2.632820938973079e-05
794	36	5.027599847188428e-10
794	464	0.001110260445515911
794	675	1.037678563375617e-07
794	754	0.0008978921374875257
794	794	0.9955354218220747
794	1137	0.0004646781444897684
794	1548	0.00199145331938635
794	1925	1.898604294692824e-07
795	174	0.0001729323541003782
795	795	0.9908707955463297
795	1009	0.001409095868769352
795	1078	4.653849304002161e-08
795	1687	0.007547129692307403
796	31	0.000991527322551872
796	193	0.0005013679815995475
796	796	0.9920505830801373
796	1580	0.005903589665174928
796	1679	0.0005493404160613575
796	1945	3.59153447499415e-06
797	99	0.0005549333434896207
797	388	0.0006979941678852859
797	797	0.9958909143795885
797	1309	0.001285811715683522
797	1416	0.0001037310758957911
797	1438	0.001466615317457231
798	545	4.099639822924891e-05
798	612	0.0003817262904478138
798	798	0.9940050686581126
798	883	6.319108175795508e-07
798	1126	6.325487027153667e-06
798	1643	6.728943480122083e-07
798	1648	0.003075503452123618
798	1882	0.002489074908894093
799	38	0.0004773355361787093
799	194	0.000994969646104154
799	533	0.0004475681148584208
799	609	0.001414676646674046
799	683	2.734721451279244e-08
799	799	0.9961061614088449
799	901	0.0005592613001252903
800	81	0.0004506288340978406
800	240	0.0005840263459849375
800	800	0.9953953576833859
800	860	4.526388395904513e-05
800	909	0.001307815244766526
800	1204	0.00039831021820186
800	1924	7.270850550940184e-05
800	1942	0.001070923564384227
800	1944	0.0006749657197100885
801	63	5.34134781443881e-05
801	784	0.001288031790020679
801	801	0.9956377536786637
801	1416	0.0008958354498428513
801	1770	0.002124965603328442
802	249	0.000445433258131498
802	271	0.0006576343158533908
802	691	0.0007621097705969685
802	802	0.9939434334420669
802	890	0.0007877464724116262
802	949	0.001412804304999185
802	1415	0.001990838435940388
803	155	0.0003974093469718922
803	271	0.002966772702989155
803	575	0.00187803757906255
803	803	0.9913845692882984
803	1415	0.003373211082677921
804	24	0.0002373735467199645
804	209	0.001527685256537452
804	804	0.99300370112533
804	1207	7.249514363556788e-05
804	1441	0.002368399188361719
804	1506	0.002790345739415245
805	66	0.0009265558074868841
805	226	0.0002104633761910877
805	610	0.0003245133962255556
805	747	0.0003012150116651381
805	805	0.9967331261844251
805	869	0.0003079785161595333
805	1725	0.0007784313913543258
805	1836	0.0004177163164923863
806	223	0.001758685972015533
806	806	0.9931083824281465
806	1182	0.002598200979580006
806	1208	0.002378171583567973
806	1549	0.0001546661216218649
806	1604	1.526392899443225e-06
806	1652	3.665221686711371e-07
807	214	0.0004097246309373355
807	642	0.001224753836289851
807	807	0.9953995433888176
807	1708	0.00130807977212258
807	1855	0.001594714970952499
807	1912	3.490814299909292e-10
807	1950	6.318305179861738e-05
808	68	2.549800166517773e-05
808	214	0.0001699081728667278
808	372	0.000509072750217868
808	808	0.9948856349749032
808	865	0.002300527362893531
808	877	0.001723757430710794
808	1928	0.0003856013067426184
809	65	0.0007036484077090356
809	321	0.0008151941471070973
809	611	0.001163525768308297
809	742	0.0002906974705276299
809	809	0.9958320118016133
809	1192	2.370030475160381e-05
809	1229	0.000251618595241699
809	1570	0.0009196035047412961
810	182	0.0002837539232374129
810	336	0.0005379583558828171
810	590	0.001115154653821966
810	810	0.9954071601399836
810	1188	0.0001389672668242663
810	1228	0.0001262424454276738
810	1240	0.001595558006892141
810	1277	0.0007952052079300795
811	205	0.0005216901610426332
811	647	0.0005531725592110592
811	754	0.0001390509054269145
811	811	0.9962672607097155
811	824	0.0005165803726699741
811	896	0.0009265071004675774
811	1657	0.0005020937616869752
811	1691	0.0005736444297793895
812	161	0.0002835151327725338
812	236	0.0006834183490244779
812	812	0.9967771992724812
812	1583	0.0008536145594292183
812	1871	0.001402252686292541
813	94	0.0002525382430870634
813	198	0.0006047678076729555
813	384	0.0001059038403480037
813	720	0.00108676950491279
813	813	0.9953626692590269
813	1236	0.0005869780478971789
813	1386	0.001002113676215374
813	1500	0.0006106670134536351
813	1706	0.0003875926073860634
814	184	0.0004652005058851636
814	242	5.290635333021391e-05
814	560	0.0005789938874068307
814	814	0.9959221639998006
814	844	0.0004525173340325682
814	1173	0.000615768691087673
814	1420	0.001012065613052193
814	1729	0.0009003836154046888
815	447	8.888826016029319e-05
815	815	0.9931676059952517
815	1111	0.001087708994315033
815	1112	4.281012473592214e-06
815	1802	0.0006054534592706987
815	1842	0.003833868376237594
815	1908	0.0004921342594959664
815	1960	0.0002059809507227206
815	1969	0.000514078692072475
816	142	0.001210045352918477
816	263	0.000537800351033882
816	439	0.001484863802019471
816	564	0.001203898912271722
816	816	0.9930054148066049
816	919	0.001579950346179277
816	1464	0.0008151888462633793
816	1972	0.0001628375827088902
817	102	0.001374349906371601
817	248	0.0009301555520256438
817	498	0.0004292569583428629
817	737	0.0002014906091346465
817	817	0.9951819411394426
817	1102	6.355126058709292e-05
817	1553	0.0005599163238521177
817	1601	0.001259338250243516
818	222	0.0004207323073217647
818	583	0.00228537439002304
818	818	0.9940615355275026
818	1681	0.0001044092360144953
818	1875	0.001607729666887094
818	1876	0.00152021887225098
819	757	0.003527319716305006
819	787	0.001093570665696324
819	819	0.994305596975004
819	1791	1.217779909855703e-06
819	1796	0.0004570816007014049
819	1819	0.0001120545046004577
819	1875	3.66445697049518e-07
819	1877	0.000502792312085971
820	475	0.0001687394597266086
820	503	0.001438361442499976
820	820	0.9965334734150688
820	1143	0.0005629531132364203
820	1825	0.001296472569468147
821	391	0.0006591882570096305
821	634	4.789959783309371e-09
821	821	0.9955935161794689
821	1581	0.001645233998427298
821	1600	4.444332069683434e-05
821	1621	0.0005812674568117505
821	1848	0.001476345997625785
822	319	0.001353130822275907
822	644	0.0001450523311256754
822	822	0.9947412133839637
822	1148	0.0005846692744509601
822	1209	0.001041689463701868
822	1723	0.0002451993444648416
822	1866	0.001889045380017016
823	58	0.0004870856564093504
823	382	0.001208214922425895
823	407	9.092898135943043e-05
823	705	0.0005603256875879403
823	823	0.9964258705631938
823	1413	6.558454307210565e-05
823	1575	0.001161989645951443
824	59	4.35001123721924e-08
824	205	0.001487529913375565
824	646	7.545187145223169e-05
824	811	0.0004019612352178248
824	824	0.9954735284825043
824	929	0.001246106855070761
824	1602	0.000418653145030035
824	1657	0.0008967249972369173
825	568	0.000586896986121202
825	596	0.001509577658979236
825	825	0.9952992363191758
825	879	0.0004832695958872774
825	1090	3.021638338338427e-07
825	1249	0.002120717276002631
826	515	0.001149211574124403
826	517	0.0002547723942848561
826	826	0.9957384725459792
826	1692	0.001481810097683055
826	1813	0.001375733387928568
827	22	0.0009821188556204633
827	718	0.0008235551313764104
827	827	0.9965728978450606
827	924	6.781387709897904e-05
827	1005	0.001224537598612264
827	1450	8.888930418826047e-05
827	1766	0.0002401873880429835
828	261	0.0010443127163964
828	828	0.9954208407404274
828	1090	0.0007583697202015607
828	1191	4.710323236541704e-05
828	1697	6.223275279646056e-06
828	1915	0.002723150315329602
829	93	0.0007553133117533608
829	246	0.0006410925039810306
829	332	0.001349889614084538
829	829	0.9959876882340742
829	1123	0.0009735760759834925
829	1186	0.0002924402601232796
830	88	0.001049450713899101
830	274	0.0007138920661351131
830	762	0.0001907315945191673
830	830	0.9940117927388212
830	1187	0.0003060916664219141
830	1658	0.001123122473650645
830	1782	0.002604918746552759
831	49	0.0007592125046836632
831	258	0.0003170266563209639
831	400	0.001041692187034664
831	831	0.9914241526515809
831	1117	0.002739009242231786
831	1135	0.001682363841228002
831	1210	0.001355676385582843
831	1496	0.000680866531337143
832	255	0.002689150828848247
832	832	0.9933249016790594
832	1093	0.0002747927871731748
832	1319	0.003297329298596179
832	1558	0.0004138254063230999
833	152	0.001484239675713077
833	180	0.000237351336696431
833	579	0.0009353972190711085
833	653	0.0005251154785764929
833	833	0.9960886200247795
833	999	0.0003572158713533491
833	1268	0.0003720603938099912
834	141	0.001431238578900365
834	221	0.0004007748643316362
834	593	0.0005222053100299572
834	788	0.0005198772177689757
834	834	0.9955903080891121
834	852	0.0006454115244805118
834	906	0.000252838468666868
834	1429	0.0006373459467096121
835	139	0.00075595586297479
835	186	1.048841105629953e-06
835	512	0.0001148737157154108
835	620	0.000251869624207722
835	835	0.9968538705538569
835	1296	0.001450277749231496
835	1590	0.0005721036529081771
836	45	0.001451805410414586
836	584	0.0004157028618290813
836	836	0.9954691842499781
836	876	0.0002340790057371399
836	1578	0.001501088176361348
836	1862	0.0005018874623011629
836	1910	0.0004260554285734707
836	1932	1.974048051263112e-07
837	69	0.001271558097018819
837	837	0.9949323489271238
837	881	0.001535150306809077
837	915	4.060711646134999e-06
837	1913	0.002256881957402113
838	224	0.0006923057941866649
838	838	0.9900013906456538
838	1107	0.0001359665911449425
838	1490	0.006202303976495067
838	1563	0.002968032992519606
839	224	0.002871020867813479
839	839	0.9902473436592708
839	848	0.002939107869045296
839	1154	0.0007820084946073183
839	1371	0.003160519109263185
840	220	0.001042629119807992
840	342	2.309744695387592e-09
840	840	0.9948859373372524
840	1183	0.003015169088533506
840	1267	0.0009251859096000368
840	1806	0.0001310762350614157
841	360	0.0004104955915094161
841	475	0.0005588779348202471
841	841	0.9980498625523249
841	1347	0.0006196501264068087
841	1472	0.000284551011983056
841	1709	7.656278295549202e-05
842	234	0.0007389481619353844
842	407	0.0005868519466839072
842	451	0.0006569914500422593
842	842	0.99669847704028
842	853	0.0006659413569891799
842	1575	0.0002008985029131377
842	1849	0.0004518915411561224
843	89	0.0007587510096571936
843	228	0.001498953376327441
843	699	0.00131658888831148
843	843	0.9960533046423976
843	1047	0.0001451317779218056
843	1348	0.0002253153628161156
843	1488	1.954942568232618e-06
844	136	0.001242481880439523
844	242	0.000305186960466911
844	560	0.0008673278438406335
844	814	0.001283114122122176
844	844	0.996085916997687
844	1173	0.0002159721954437752
845	69	0.0004441024382617578
845	260	0.002286744187970595
845	583	9.462403461739071e-05
845	845	0.9957122883880284
845	1073	8.32624845672442e-05
845	1230	0.0003715607727898415
845	1292	0.001007417693764798
846	3	0.0002125068184451585
846	185	0.001536272031528188
846	846	0.9943617076341832
846	964	0.0001330380573050787
846	1586	0.001172097985229451
846	1639	0.000772392208181678
846	1696	0.000939666677270129
846	1959	0.0008723185878571928
847	58	0.0006691190581869363
847	219	0.0008655398279632469
847	606	0.0005089232578076834
847	705	0.0002528225936322446
847	847	0.9968708991621358
847	1609	0.0006281570566725108
847	1730	0.0002045390436016219
848	192	0.00195550886698839
848	224	0.002353483943065139
848	839	0.0008930907705088985
848	848	0.9809326821372187
848	1206	0.01033384893909369
848	1731	0.003531385343125169
849	199	0.001062070570382466
849	236	0.0001603969272750782
849	694	0.000961682201208806
849	749	0.0003142655005326723
849	849	0.9968504674428833
849	1247	0.0004928414185022851
849	1871	0.000158275939215475
850	85	1.049847236374038e-05
850	313	1.849830944665887e-07
850	850	0.9969061316596675
850	1209	8.124189736252293e-05
850	1647	0.0008655148212993807
850	1723	0.0008919379890680952
850	1806	0.00124449017714441
851	208	0.002346633466852576
851	339	0.002192196189250818
851	616	0.0002576859351365672
851	851	0.993991674684675
851	1003	0.001148530714349291
851	1760	6.32790097357816e-05
852	34	0.000249869649140766
852	280	7.861673256399465e-05
852	593	0.0008700502939272202
852	834	0.0009114838594335639
852	852	0.9962373363883921
852	906	0.0001063620659738284
852	993	0.0007662488268736846
852	1610	0.0007800321836948524
853	58	0.0003949441851995559
853	234	0.0004527634998279073
853	407	7.188738124688113e-09
853	606	0.0008181746482272678
853	714	0.0001246775713232667
853	842	0.0005362344653606808
853	853	0.9973779883461229
853	1575	0.0002952100952002822
854	274	7.225807997159762e-05
854	344	0.00241891678571648
854	830	4.375983257350198e-07
854	854	0.994248525573221
854	1127	0.001284731894553983
854	1280	1.47310259440704e-08
854	1782	0.0006520928615100036
854	1818	0.001323022475675124
855	346	0.001289652780160574
855	773	0.0005169398606799362
855	855	0.9923262031890926
855	1248	0.001695658694447722
855	1354	0.004171545475619132
856	613	0.001633615295152884
856	856	0.995459945368051
856	956	0.001663325071204703
856	1620	1.701299009519371e-06
856	1748	0.0002979768618916515
856	1897	0.0009434361046900973
857	335	0.004895327102127063
857	348	0.002095122270229325
857	857	0.9930095506276436
858	327	0.0002183043638219568
858	364	0.001002448510288986
858	521	0.0002856085249086963
858	858	0.9943606076541666
858	1147	0.001374115882317459
858	1295	0.002474239576273174
858	1492	0.0002845772799937657
858	1565	9.820822938759222e-08
859	377	0.0006619742004060434
859	471	0.001220768062849486
859	792	0.0008483568063965922
859	859	0.9953653033338522
859	1591	0.0006871937782515307
859	1781	0.0003530167034951032
859	1907	1.61749238779584e-07
859	1923	0.000863225365510364
860	240	0.001833558903957862
860	800	3.34174357265769e-05
860	860	0.9945249824264251
860	917	0.0005656339279087116
860	946	6.661018092252934e-06
860	1306	0.00160106260374711
860	1693	0.0004088215798201028
860	1942	0.001025862104322233
861	127	0.0006606792866444063
861	211	0.0003415812628162539
861	524	0.0006222258622686175
861	598	0.0002840988366517348
861	861	0.996713836377665
861	1008	0.0002095996342578164
861	1574	0.0008998555148121854
861	1609	0.0002681232248840551
862	96	0.001061123317829755
862	183	0.0002948036915374605
862	487	9.26257649075909e-05
862	517	0.0007805636345114083
862	862	0.9957565779903291
862	1435	0.001683830660701767
862	1507	0.0003304749401828758
863	149	0.005728182810262848
863	273	1.432209852535335e-07
863	556	6.891979733379564e-05
863	622	0.001936072184771652
863	863	0.991068760549905
863	1599	0.001035346899550439
863	1656	9.59667390140194e-05
863	1716	6.660779817703278e-05
864	303	0.0004905705937466584
864	772	0.0003680747276550392
864	864	0.9961535176198701
864	1047	0.000735666371772983
864	1258	0.002252170686955182
865	214	0.0004620507723566415
865	265	0.00269090254826557
865	642	0.001377249731146541
865	808	0.0001429024164868802
865	865	0.9927131785118403
865	877	0.001189485845707325
865	926	0.001424056006941984
865	1928	1.741672548155159e-07
866	251	0.003370676393942745
866	518	0.001037914948006941
866	866	0.9935505359535841
866	1080	2.268383158992597e-06
866	1690	0.002038604321307201
867	90	0.000890257499990387
867	337	0.000618298176208613
867	646	0.001108339913379105
867	690	2.638504846525827e-08
867	867	0.9950893290869405
867	1240	6.070406595210591e-08
867	1363	0.001193471757300141
867	1717	0.001100216477066832
868	41	0.006917358546157954
868	212	0.001290389946076127
868	445	0.003509033432531208
868	476	0.004332250974354749
868	868	0.9825258732079176
868	948	0.0004760817088398069
868	1786	0.0009490121841224965
869	66	0.00110258235272947
869	245	0.001251742172011367
869	610	0.001846201315469168
869	805	0.0005689903872475998
869	869	0.993548058136971
869	940	0.00142157570428453
869	1408	0.0002608499312868354
870	52	5.111038727578482e-08
870	237	0.0006397759559436209
870	537	0.001282404571570772
870	870	0.9955747815365573
870	924	0.0008975253092840833
870	1485	0.001605461516256922
871	404	0.001816911637861129
871	871	0.9953170044346924
871	1451	0.001596272256992468
871	1486	0.00126981167045405
872	247	5.951836287847874e-06
872	367	0.0001066798314714353
872	708	0.002988687829255299
872	872	0.995792463793209
872	1031	0.001106216709776551
873	232	0.001024117067121142
873	873	0.9909278941174635
873	1053	0.004865916150275135
873	1196	0.0009921807974867117
873	1327	0.001764536080699864
873	1765	0.0004253557869536743
874	23	1.819405937742986e-07
874	86	0.00141308933156489
874	874	0.9966798798650351
874	1741	0.001258506852605347
874	1857	4.377544828758135e-08
874	1920	0.0006482982347526707
875	290	0.0004379012150028658
875	397	0.0007411706287069287
875	621	0.0006256275500023821
875	875	0.9950673872931558
875	1304	0.0006841076540057309
875	1335	0.001489495869680896
875	1652	0.0007146980504702979
875	1814	0.0002396117389750528
876	165	3.198311939740292e-05
876	836	0.0002738394475548794
876	876	0.9958290353952006
876	918	9.525075610183609e-09
876	931	0.0005911751963991723
876	1838	0.0003541400153012478
876	1862	0.001444110825877747
876	1940	0.001475706475193309
877	68	0.0004990671012003291
877	265	0.001647537012024048
877	789	2.042324065141376e-10
877	808	0.0003872716608770524
877	865	0.0003276966714539576
877	877	0.994484036638249
877	1238	0.000400568974873344
877	1311	0.002249180089519066
877	1859	4.641647570784102e-06
878	19	0.001318856862847631
878	235	0.0004136900614417665
878	450	0.002365131569020276
878	607	0.0002653327014423703
878	878	0.9955565407424711
878	984	1.661696952612654e-05
878	1023	6.383109325064858e-05
879	825	0.0008118322713712087
879	879	0.996674099988369
879	1249	0.001151561264025937
879	1800	0.0006044677648823209
879	1883	0.0001490009119456998
879	1898	0.0006089403619773841
879	1915	9.743742852887233e-08
880	121	0.001071966610192937
880	252	0.001353227301297276
880	648	0.003572929380177576
880	880	0.9932755616697374
880	1193	0.0007263150385947642
881	69	0.0001522109769733703
881	279	0.0003138356310187714
881	837	0.0009996144248639398
881	881	0.9946730839824791
881	915	0.001601103469159995
881	917	0.00125134562408671
881	1693	0.0004580890366778012
881	1881	0.0005507168547403547
882	261	0.005683431503024513
882	444	0.001227409793090012
882	756	0.003223429441292553
882	882	0.9868023906424668
882	1079	0.001939540294346939
882	1514	0.001123798325779293
883	160	0.0002766042429155874
883	612	0.0005634148438015625
883	798	0.0001440739600185217
883	883	0.9946994320038942
883	1595	0.001323530205866426
883	1648	0.001480382963266461
883	1726	0.001319609599242858
883	1884	0.0001638671239128348
883	1888	2.908505708163041e-05
884	185	5.112244452479132e-05
884	269	0.001084695231508003
884	336	0.0008404525220374307
884	846	2.397790039787939e-07
884	884	0.9938313861935193
884	964	0.001858868932160662
884	1228	0.0001567962099974771
884	1281	0.0006527621682478428
884	1639	0.001523676519000533
885	645	0.00372112892142307
885	687	0.0003810791028558309
885	885	0.9945951784022753
885	1002	0.001103081812458777
885	1401	0.0001995317609871467
886	176	0.001724510548515534
886	245	0.001213594737527498
886	525	0.0005243577740695359
886	610	0.001578671177704525
886	886	0.9929260950008565
886	1519	0.0003675915553681907
886	1790	0.001665179205958336
887	186	0.001104539321082404
887	505	0.0005373400916736163
887	887	0.9960606571235884
887	1937	0.0007762841582749111
887	1958	0.0015211793053807
888	63	0.0008188958277129567
888	217	0.002139930775791056
888	801	0.001574910756996667
888	888	0.9947246931416796
888	1002	0.0007415694978196945
889	629	0.001618328869683639
889	889	0.9951922913683015
889	1133	0.0001083654821421417
889	1704	0.003081014279872892
890	156	0.001535517416610752
890	271	0.002271856128321077
890	625	0.001857504243770202
890	691	0.0009473395420311889
890	802	0.0009821978824014631
890	890	0.9924055794248017
890	899	5.362063670514216e-09
891	57	0.001963567445477579
891	479	0.0009860671951606292
891	891	0.9916734033528299
891	1053	0.002302557582385452
891	1119	0.0003354959924104397
891	1631	0.002738908431735914
892	88	0.0006647589336453001
892	216	0.0009893430798016125
892	639	0.001089322155580556
892	892	0.9950613822880231
892	925	0.0005486430273174788
892	971	0.0002230860110640144
892	1340	0.001324433337761299
892	1775	9.90311668065314e-05
893	48	0.0002084649517959163
893	193	0.001716777847395619
893	692	0.0006124262540004933
893	893	0.9961682119535977
893	1605	0.0002679569863147305
893	1649	0.0001099562765966005
893	1674	4.805417942636887e-10
893	1679	0.0003919125384684287
893	1902	0.0005242927112885746
894	67	0.0003654860099854655
894	259	0.0004780955504133568
894	294	3.466579319913231e-05
894	894	0.997240118469263
894	1019	0.0009488940521183706
894	1098	5.536163227523708e-05
894	1199	0.0004708693614525559
894	1668	0.0004065091312927942
895	43	0.000420268633587647
895	270	0.0005289368117554603
895	298	0.001605206878739619
895	527	0.0005697469796054296
895	895	0.995755911839151
895	911	0.0002528641950036409
895	1048	0.0008670646621571987
896	14	0.001268647780553469
896	205	0.0001321374141416672
896	647	0.001293211457990898
896	811	0.0004454704262265724
896	896	0.996172633417037
896	1359	0.0006571162375755514
896	1377	3.078326647475798e-05
897	107	5.264983945539824e-05
897	385	0.0006825739009132577
897	897	0.9932526773778948
897	1367	0.0009490784795997168
897	1431	0.0003641660266227262
897	1523	0.004698854375514191
898	285	0.002213982303095895
898	780	0.001541713408244388
898	898	0.9930970306120274
898	1013	0.0001164249825035572
898	1040	0.003030848694128873
899	18	0.002911243980376728
899	271	0.002330335358921536
899	625	0.002911510653163784
899	890	2.183130275166547e-07
899	899	0.9915172869976803
899	1344	0.0003294046968302237
900	278	0.0003831656336324646
900	333	0.0001121126154767194
900	900	0.9968345737034081
900	1049	6.226975302375258e-28
900	1060	0.0003921146619936011
900	1317	0.0008794275944891697
900	1361	0.001398605790999798
901	233	0.003005070927702024
901	533	0.0009602032917671032
901	799	0.0001645946123778757
901	901	0.9955240935610288
901	1664	0.0003460376071243075
902	280	0.002015186709029305
902	456	0.0002174041536573268
902	902	0.9962537634925493
902	906	0.0006395984789837391
902	1453	0.0008740471657802236
903	456	0.003373507840853773
903	461	0.0001385980390250853
903	903	0.9931701638008684
903	1045	0.002025647515154204
903	1449	0.0001674516294428457
903	1534	0.001124631174655688
904	904	0.9971408147827999
904	1157	0.001066052264825195
904	1550	0.001128364939997317
904	1763	0.0006647680123776042
905	180	0.0003418838375692773
905	327	0.0002257665387747137
905	343	0.001316715030302116
905	905	0.9937440421113189
905	1147	0.001470088037749721
905	1250	0.0006057977681837605
905	1275	0.0005171864146274957
905	1338	0.001778520261473798
906	280	0.0038715034016913
906	834	0.0003248984825646301
906	852	0.001573885310119794
906	902	6.384853017555937e-05
906	906	0.9941629440364812
906	993	2.920238967571998e-06
907	270	0.001100237118033553
907	632	0.0006734327554706924
907	664	0.0003322481113446744
907	907	0.9957061159578312
907	1037	0.0005897043761241603
907	1048	0.0003201939031855056
907	1616	0.001063822438524112
907	1861	0.0002142453394861045
908	263	0.0005243182010748226
908	758	0.0002476318283580673
908	908	0.9885887369180101
908	920	0.009236482228435051
908	978	3.983035197179649e-07
908	1104	0.001402285249251174
908	1623	1.472713511483641e-07
909	81	0.001145281296124688
909	240	0.0009737450436087924
909	493	0.00118941646490112
909	680	6.524113239657608e-06
909	800	0.001052959148613014
909	909	0.9955561442794013
909	1315	7.576713291502327e-05
909	1924	3.741616525448054e-08
909	1942	1.25105031155536e-07
910	148	0.0005594159015381783
910	297	0.0009716614541835112
910	399	0.0004583518699120051
910	910	0.9840328197049846
910	1017	0.006462971429154169
910	1246	0.0007829990350701725
910	1513	0.003773388556214417
910	1670	0.00295839204894284
911	43	0.0007543130972961715
911	298	0.0001346535338469504
911	546	0.002423903804744331
911	895	0.0001983799005666068
911	911	0.9964651614374567
911	1368	2.358822608932559e-05
912	62	0.0006249861047644392
912	452	0.001340288062920243
912	741	7.056853963084963e-05
912	912	0.9965408796525943
912	1454	0.000782485216059593
912	1572	0.0004361893244072297
912	1596	0.0002046030996233432
913	99	0.0001672510206684813
913	411	0.00103671810608436
913	913	0.998229547379712
913	1400	3.066500920745284e-07
913	1438	0.0001739637699266722
913	1550	0.0003922130735163937
914	141	0.0009217907272293063
914	348	1.314692920244776e-08
914	542	0.002231336444707837
914	593	0.0005804364797287729
914	914	0.9928926195380824
914	951	0.002255804516151093
914	1291	0.001117999147171468
915	69	0.000638679345281725
915	279	0.001582761034994126
915	837	0.0003970736627905023
915	881	0.001117849752139262
915	915	0.9951462728150139
915	917	4.184383857429472e-05
915	1292	0.000139306323297413
915	1305	0.000931581349592655
915	1358	4.631878316122447e-06
916	244	0.0006388029505447956
916	611	0.000342131660935122
916	673	1.099306211611064e-05
916	916	0.9959102041323723
916	1229	0.0006878280297260582
916	1710	0.0008271222115366992
916	1718	0.001582917952768923
917	279	0.001226514216547572
917	860	0.0008991661177115045
917	881	0.0007128962494739532
917	915	0.0001200236697945299
917	917	0.9949078089963929
917	996	1.068037937749647e-05
917	1306	0.0009875399352159244
917	1693	0.001135370435486218
918	215	0.0008086447322832709
918	507	7.908322930346603e-05
918	771	0.0007269926543043998
918	876	9.927869374901225e-10
918	918	0.9962216285871138
918	1456	0.0001205138114167071
918	1632	9.477364402369507e-05
918	1838	0.000868425976396831
918	1862	0.001079936372370896
919	77	0.002013711305202691
919	263	0.003298655892862642
919	439	0.0003172707779752146
919	758	4.216052972815304e-07
919	816	0.0002992197796273349
919	919	0.9918964960020844
919	1030	0.0002442502771406368
919	1442	0.001795235319740317
919	1464	0.0001347390400694493
920	17	0.003791499986352183
920	310	1.06384772466678e-05
920	920	0.9903407634057353
920	978	0.001518638608461116
920	1104	0.0001136534346800249
920	1623	0.004224806087524647
921	253	0.0008375757886656488
921	328	5.132319514280189e-06
921	921	0.9885528542093521
921	1242	0.01059825797270121
921	1260	6.179709766777392e-06
922	70	3.438398783268846e-27
922	257	0.0009393505696031688
922	262	2.869036787617228e-27
922	775	1.620701539887448e-26
922	922	0.9964427741475236
922	1599	2.041228736393546e-27
922	1713	0.00261787528287326
923	254	0.000464464092615139
923	519	0.0008918842255885932
923	674	0.002127849089250927
923	923	0.9939738253031072
923	1644	0.002386346883408427
923	1809	0.0001545750821757407
923	1845	1.055323853916832e-06
924	237	0.0003689741841283885
924	537	4.193281257891694e-05
924	827	0.000870999634443973
924	870	5.294355099403311e-05
924	924	0.9958057914766322
924	1766	0.002859358341222514
925	88	0.0003077564482402651
925	281	0.002350030311566962
925	892	8.146593091617071e-05
925	925	0.994699930508133
925	1280	0.0001735268719879325
925	1340	0.001193752445787103
925	1782	0.0004984117861228484
925	1818	0.0006951256972457169
926	265	0.001998243607145861
926	292	0.0004663342940624598
926	642	0.00100332232629203
926	926	0.9935191787200113
926	994	0.001437671238272596
926	1379	0.001575249814215915
927	54	1.064987504994736e-07
927	327	0.0005515447887047954
927	927	0.9948310325607308
927	1110	0.003323740617881504
927	1221	2.701409509627434e-08
927	1492	0.0002971464061447069
927	1493	0.0009964021136925889
928	97	0.0002565261289799993
928	153	0.001120961056487742
928	338	0.0006815726907264938
928	640	0.001403725450405577
928	928	0.9927714594816318
928	970	0.001541046735895989
928	1257	0.0002104799176945892
928	1402	0.002014041339285678
928	1582	1.871988920640472e-07
929	205	0.001049446836772573
929	337	0.0004109642552941966
929	646	0.0002105044935559195
929	679	0.001060853760818961
929	824	0.0009946672768012925
929	929	0.9959850381136516
929	1028	0.0001640517150060638
929	1359	2.033400585245391e-05
929	1602	0.0001041395422469199
930	79	0.001442409016067466
930	144	2.558900435100605e-10
930	290	0.0001535293239461255
930	597	0.0008913933882263066
930	930	0.995251541514489
930	1215	0.001353526683702173
930	1322	0.0006385533868060942
930	1378	4.721442197718028e-10
930	1888	0.000269045958728592
931	165	0.000786026435872212
931	876	0.0014041421149186
931	931	0.9960414090163112
931	1312	0.0002863738069980188
931	1795	0.0003849422730559893
931	1828	0.000272687703829814
931	1838	0.0005260859967962993
931	1940	0.0002983326522178731
932	114	0.009504872141117247
932	387	0.0008245201003560755
932	932	0.9791023997953849
932	1226	0.001960676867998481
932	1661	0.008607531095143268
933	238	0.0002039283863022223
933	331	0.002139929819116766
933	440	0.0003522141646531988
933	933	0.9946206291555695
933	1285	0.001038253327717247
933	1543	0.001645045146641054
934	13	0.0097815298689111
934	256	0.002308027965258175
934	372	0.002334411694104782
934	934	0.9844740668345847
934	1879	0.001101963637141178
935	30	0.001911916619370158
935	389	0.003238478302351771
935	484	0.001165965993763865
935	935	0.9910921270249314
935	1310	0.002591512059582741
936	229	0.003310830519086594
936	592	0.002158640188306013
936	936	0.9868525122444571
936	1681	0.001403019728623827
936	1819	0.0003918360330311391
936	1824	0.003501140812812121
936	1875	0.002382020473683197
937	236	0.0003070452263547491
937	937	0.9959423116895056
937	1000	0.001497198488633271
937	1109	0.001025016741257627
937	1287	0.00122842785424879
938	112	0.003478832328951581
938	200	0.0009512463935802742
938	509	0.000732351897635837
938	938	0.9856222160773741
938	1536	0.002432678941304067
938	1965	0.006782674361154134
939	112	0.001544980038668627
939	187	0.003821804841733372
939	422	0.002207194370629419
939	939	0.9900206678438211
939	1214	0.002088616331261194
939	1286	0.0003167362496008382
939	1536	3.242853278409393e-10
940	245	0.002717115467710187
940	869	0.002860924247581146
940	940	0.9927388334944294
940	1408	0.0001083084714344175
940	1865	0.001574818318844824
941	54	0.002064308580678261
941	317	0.0004818009123410291
941	462	0.0003307845143174554
941	941	0.9935029542528628
941	1273	0.003620151739800487
942	243	0.000416027872808939
942	292	0.0009818656628382005
942	435	8.20455852112654e-05
942	942	0.9961087687713617
942	953	1.152353805546972e-08
942	966	0.001383824194987636
942	1625	0.0004614281615405349
942	1689	0.0005660282277137904
943	454	0.000671081764335019
943	667	0.0008496395763956528
943	943	0.9936720583895656
943	1417	0.001054687366119016
943	1582	0.0002002447166820505
943	1705	0.001921649263324253
943	1827	0.001630638923578399
944	108	0.001124986220033429
944	288	0.003085410080595048
944	499	0.0002131437309565077
944	574	0.0003949436858024619
944	944	0.9864951674985107
944	1020	0.005938510019477043
944	1665	0.002747838764624698
945	259	0.000514148866396098
945	565	0.0008470497367712518
945	945	0.9962747849089665
945	1587	0.001149637377299286
945	1668	1.885748669511407e-05
945	1815	0.0003090018691237611
945	1898	0.0008865197547479676
946	15	0.0005877033134554359
946	240	0.001044635723199315
946	680	0.001092202156271244
946	860	0.0001099671257347712
946	946	0.9954007704501165
946	996	0.0002057094968722355
946	1306	0.001008249154259476
946	1433	0.0005507411112768398
946	1520	2.146881413770934e-08
947	211	0.0004744647081923388
947	598	0.001239623711255039
947	947	0.9967880500376913
947	1684	0.0007051724984466174
947	1727	0.0007926890444146649
948	41	0.006592585664488048
948	252	0.00807935190943134
948	476	0.008859235723053322
948	868	0.001104375624288494
948	948	0.9734139883152381
948	1193	1.831108911960319e-08
948	1772	0.00195044445241169
949	74	0.001177776245086702
949	249	0.0005978130517533667
949	668	0.001421718642691585
949	802	0.0004221826158984
949	949	0.9945591734171467
949	974	0.0008976655651526147
949	1016	0.0007166544795599839
949	1415	0.0002070159827106439
950	198	0.0003546454424925414
950	350	0.0002635928243816388
950	677	0.0009679415007528425
950	950	0.9979480484832359
950	1034	0.0001887918749202444
950	1500	0.000276979874216773
951	141	0.001010666380328766
951	348	0.0004162222662866726
951	497	0.001430806123363954
951	951	0.9958339604706054
951	1429	0.001308264615541846
951	1853	8.014387332150263e-08
952	304	0.0007716629751468167
952	342	4.796238670570894e-05
952	952	0.9977949347328974
952	982	0.000380382816469019
952	1224	0.0006476504829408718
952	1267	6.771019501234587e-05
952	1387	0.0002896964108277813
953	124	0.0004634073118712303
953	243	0.0005440967534739024
953	510	0.000962431893533163
953	942	3.280131484057475e-09
953	953	0.9968261515912151
953	1081	0.0002564792777484087
953	1477	0.0002442159093327845
953	1625	0.0006341193005058931
953	1626	6.909468218801713e-05
954	879	0.001968869448922799
954	954	0.9959942336592698
954	1815	0.0004392234908398127
954	1883	0.0001651141288064325
954	1898	0.00109877801494736
954	1915	0.0003336815755469123
954	1939	9.968166678959569e-08
955	333	0.0007863839150640594
955	955	0.998243838999441
955	1317	0.0009697770854948997
956	276	0.0004613968667613053
956	613	6.924977676576918e-27
956	956	0.9923576487214339
956	1324	0.002622657233823978
956	1779	0.004558297177980843
957	39	0.0001598461146213566
957	249	0.001123758921803464
957	588	8.217917257475366e-05
957	702	0.000326037173602712
957	957	0.9963342274560674
957	974	0.001561179891712153
957	1645	0.0004127712696183985
958	73	0.0007966643670592599
958	501	0.0001154717117003083
958	637	0.004907073173913053
958	958	0.9896961822325965
958	1812	0.001393728657197194
958	1909	0.003090879857533595
959	82	0.001058748148473688
959	283	0.0003939402319901552
959	959	0.9977124751697558
959	1200	0.0007447720482519567
959	1450	9.006440152836782e-05
959	1922	8.885170148832573e-27
960	242	0.0006741572720892085
960	314	0.0002664684379887144
960	770	0.0003928057959230185
960	960	0.9956546196153235
960	1173	0.001475965109860434
960	1263	0.0006004334651230898
960	1357	0.0009355503036919707
961	157	0.002178649932323147
961	306	0.0001949546708642638
961	619	0.0001924048744685936
961	961	0.9962269046156599
961	1615	0.0004094800691604719
961	1728	0.000797605837523697
962	26	0.002994699675391996
962	275	0.001676683077818062
962	428	2.455671578360757e-08
962	545	0.0004874082343765318
962	550	1.460520018251135e-07
962	962	0.9917879817969364
962	1189	0.0007003182060467591
962	1636	0.001635261786688907
962	1683	0.0007174766140237091
963	121	0.0004490850055625778
963	198	0.0001571033610758654
963	413	0.0003896310632657354
963	677	0.00127593147495723
963	963	0.9959438292282274
963	1219	0.001237909761340854
963	1706	0.0005465101055702772
964	185	0.002134534797462786
964	269	0.0005596570616522382
964	706	0.001038597764424345
964	778	0.0003416243282931491
964	846	0.0005377575368391925
964	884	0.0011379520974941
964	964	0.9937596513218987
964	1639	0.0004902250919355463
965	965	0.9951990203878944
965	1744	0.0003544673888059235
965	1745	0.001954756780187676
965	1812	0.002302167424149354
965	1909	0.0001895880189625868
966	243	0.0009723101740139201
966	292	0.0008752172903505036
966	491	1.892586282501401e-05
966	942	0.001064119321157923
966	966	0.9949302162904881
966	994	0.0006656529907722083
966	1478	0.001473558070392313
967	52	0.0001523168676010737
967	268	0.001323861414239366
967	537	0.0002225771274579983
967	870	0.001920687385545913
967	967	0.9957691054245159
967	1233	0.0006114517806397337
968	24	0.001517720614989318
968	339	7.230116807552912e-05
968	628	0.0003347594764988973
968	804	0.00445652105748263
968	968	0.992096918115509
968	1207	0.00125758099537717
968	1323	0.000264198572067337
969	117	0.0003524482005840339
969	360	1.023419616482838e-07
969	485	0.0007351880514505033
969	969	0.9935303979645543
969	1270	0.003055948504932831
969	1437	0.001643023274679064
969	1472	0.0006828916618376285
970	153	0.0002413167037346012
970	338	0.001157200315699718
970	724	0.0008237532371752114
970	928	0.001174214284924957
970	970	0.9940512076457869
970	1582	0.001823130421880278
970	1827	0.0007291773907983013
971	185	0.00144300712121865
971	216	0.0005132576631257953
971	639	0.001451030653442523
971	706	0.0009326186499124164
971	892	0.0003147393398556026
971	971	0.9951871402850533
971	1696	0.0001582062873917649
972	14	0.000348603862905425
972	234	0.0007849323367568851
972	451	0.0004789998060394455
972	673	0.0009650315592577069
972	972	0.9969820697337505
972	1377	0.000183975065208754
972	1465	0.0002563876360813606
973	158	0.001243088234829942
973	278	0.0004004095289421205
973	341	0.0002731900263103965
973	403	0.0001378006628227791
973	546	4.240168991371182e-06
973	973	0.9954899483132694
973	1361	0.0004877255481146136
973	1470	0.001963579357336047
973	1817	1.815938336789727e-08
974	163	0.0006656759183514782
974	668	0.00187056124553117
974	702	0.001152220338105726
974	974	0.9963114217152365
974	1645	1.207827750229473e-07
975	297	6.537674020120056e-05
975	369	0.001060993236628889
975	523	0.001551771049022815
975	975	0.9907812369109836
975	1074	0.00137615880483286
975	1246	0.001518038469814753
975	1301	0.003646400732025054
975	1496	2.405649066663631e-08
976	482	0.003285409867743149
976	976	0.9918034500056051
976	1211	0.001568801003352562
976	1283	0.0009688373904295076
976	1824	0.002373501732869623
977	22	4.350589507524537e-05
977	197	0.0005446259296072455
977	330	0.0003907853998780049
977	718	0.0001911548245719924
977	977	0.9960273427585082
977	1223	0.001547153912798041
977	1316	0.0006159619882418922
977	1778	0.000639469291319452
978	17	0.005662334691179497
978	716	0.004015254556306793
978	920	0.001119353257796488
978	978	0.9864111091169141
978	1464	0.001125646300183858
978	1972	0.001666302077619301
979	231	0.00243386334020451
979	464	0.0007890822194459462
979	669	0.001943945106538611
979	979	0.9822417474243952
979	1303	7.734013104700749e-09
979	1533	2.500515215826006e-08
979	1635	0.009828242825063614
979	1688	0.001548712270705979
979	1695	0.001214374074480992
980	71	0.001587416539254373
980	286	0.001174267402110665
980	752	0.002721336198137305
980	980	0.9893293245407165
980	1446	0.005187655319781213
981	94	0.0006526008117501395
981	981	0.9957141448747657
981	1110	0.00123761314027132
981	1275	0.0009664656158671562
981	1381	0.0003395808174242093
981	1386	0.0007879094398557386
981	1493	0.0003016853000658455
982	304	0.0005271876062312424
982	308	0.000363830660224397
982	390	0.0003484721627616518
982	952	0.0004824880691889646
982	982	0.9976324761053804
982	1099	0.0002431930266853919
982	1387	8.458633301176047e-05
982	1419	0.0003177660365161166
983	276	0.0009003221439393833
983	983	0.9945716655555222
983	1417	0.00194100158460671
983	1759	0.0004670731538917043
983	1887	0.002119937562039834
984	19	0.001429330950225939
984	235	0.0006295750044746557
984	878	0.001949347557832726
984	984	0.9953893607972191
984	988	0.0001405918406089213
984	1222	0.0003646295421404286
984	1288	9.71643074982464e-05
985	83	0.001011454576699239
985	194	0.0002479432081485777
985	314	0.0004616353847554269
985	465	0.0006604327767713231
985	652	0.001007224704339094
985	985	0.9953179576778661
985	1043	6.909248624186797e-08
985	1540	5.394415451073704e-05
985	1841	0.001239338424423157
986	85	0.0004107957267803996
986	166	0.0001471058017694128
986	986	0.9971873522815692
986	1387	0.0009167845342113967
986	1647	0.0007068401040567344
986	1788	0.0006311215516127917
987	79	0.0006557906678284376
987	293	0.0004111472929594464
987	987	0.9939638034050697
987	1595	0.0009716651522927646
987	1726	0.001356661069776093
987	1860	0.0008133998461231186
987	1901	0.00182753256595039
988	235	0.001874081420196143
988	300	9.540163090641913e-05
988	793	0.001683464351311798
988	984	0.0005289111470620322
988	988	0.9954785743744867
988	1452	0.0003395670760368357
989	8	0.001919175330260057
989	302	0.0002025911977435565
989	682	0.001487215974721245
989	989	0.9955413864334763
989	1059	0.0008496310637987646
990	80	0.001799963642382259
990	656	0.002974990734478795
990	767	0.0004314849827158144
990	990	0.9944756850323143
990	1485	0.0003178756081088485
991	560	0.0004409937171776339
991	660	6.706903995686204e-05
991	991	0.9966797246924554
991	1674	1.090199761305661e-07
991	1936	0.002812103530433995
992	173	0.001139647992465207
992	356	0.001093620262249396
992	541	0.000667602939488188
992	665	0.0002276788550987938
992	992	0.9951561273677176
992	1026	0.0007477528467435488
992	1175	0.0009675697362371868
993	34	0.0012053648782664
993	629	0.00299396941833827
993	852	0.0008405774469372942
993	906	0.0003873484604821162
993	993	0.9945380356346845
993	1610	3.470416129149528e-05
994	78	0.0009719767479033214
994	292	0.000799722818990287
994	926	0.0004321777560328547
994	966	0.00063427219916787
994	994	0.9953896475616542
994	1379	0.001245729471167151
994	1478	0.0005264734450842633
995	665	0.001210873917283364
995	681	0.0008555188757996332
995	995	0.9959485722960842
995	1455	0.0008534542441216492
995	1471	0.001131580666711104
996	15	0.0008365452540160283
996	279	0.000527986753082079
996	917	0.0002280742368937547
996	946	0.000730572312569977
996	996	0.9949589406567612
996	1306	0.001756202661464986
996	1358	0.0001824561347574135
996	1410	0.0007792219904545708
997	290	0.0003374576707327563
997	357	0.001669979662987797
997	359	0.0002223437825273804
997	997	0.9937714836583654
997	1304	0.001187669744940819
997	1322	0.001800376469836009
997	1411	0.001010689010609909
998	23	0.001000181274626541
998	998	0.9980816094440547
998	1801	0.0003749740770862281
998	1941	0.0005432352042325836
999	152	0.0007432402195485277
999	180	0.0001758736545176157
999	562	0.0008341157022037038
999	833	0.0003637762877743505
999	999	0.996737244355883
999	1338	0.0004131245544495903
999	1346	0.000549135858751086
999	1712	0.0001834893668722161
1000	236	0.0008698811089875501
1000	311	0.0006285851375863852
1000	849	0.0009405026733473291
1000	1000	0.9969941906381274
1000	1109	6.36970401639534e-05
1000	1247	0.0005031434017875056
1001	480	0.002889995148741864
1001	701	0.0003476473837132961
1001	1001	0.9943815087393537
1001	1244	0.0005032296310056614
1001	1365	0.001877619097185445
1002	217	0.001232239543693274
1002	645	2.492437850444335e-10
1002	885	0.0003829005776733782
1002	888	0.0001440862787401298
1002	1002	0.9959877918848981
1002	1401	0.002252981465751442
1003	339	0.0003180768280864081
1003	477	0.001025137532692826
1003	851	0.0009978395958395454
1003	1003	0.9928957378819935
1003	1207	0.001512103777760004
1003	1524	0.001656157878480958
1003	1760	0.001594946505146745
1004	446	0.00253705675645927
1004	494	0.0007156955149629563
1004	600	0.008870848647085585
1004	1004	0.9830498821157616
1004	1372	0.004826516965730609
1005	22	0.000808425699977555
1005	722	0.00187422648986829
1005	827	0.0006971297518785102
1005	1005	0.9960782892108406
1005	1024	0.0003790422153174125
1005	1593	0.0001628866321175728
1006	107	0.001426970362214193
1006	474	0.004790732303069403
1006	1006	0.9936283620647515
1006	1012	0.0001539352699650731
1007	170	0.000781777264345605
1007	283	0.0006457539615206993
1007	671	0.0007395686850888201
1007	1007	0.9964772237796279
1007	1200	0.001200785694384541
1007	1448	4.588038782826956e-05
1007	1789	0.0001090102272042693
1008	127	0.0008655400816177067
1008	219	1.933484728334535e-05
1008	508	0.0005374822041060718
1008	524	0.0006966905918678581
1008	697	8.692264138014271e-05
1008	861	0.0002988231905239123
1008	1008	0.9971406075533549
1008	1432	0.000354598889866058
1009	282	0.003134547541490455
1009	603	0.0004644627302906047
1009	795	0.001071650825339617
1009	1009	0.9923600513151382
1009	1059	0.0001457253410074725
1009	1132	0.001818342517498628
1009	1687	0.001005219729235179
1010	47	0.0004241814117375171
1010	188	0.0001034687836668853
1010	655	0.0001178266619612006
1010	707	0.001528767597007169
1010	761	0.002678431704252674
1010	1010	0.9928371342358856
1010	1213	0.001156379994469294
1010	1369	0.001153809611019595
1011	146	0.00198827974743507
1011	302	0.001273735073608284
1011	558	0.000575012905619564
1011	682	0.0003604924472601728
1011	1011	0.9932590467563889
1011	1512	0.0007525164151446736
1011	1703	0.001790916654543435
1012	55	7.557660699982112e-05
1012	474	0.002248676353866333
1012	1006	3.224271430149252e-05
1012	1012	0.9973311739590334
1012	1128	0.000312330365799085
1013	218	0.001997561211207561
1013	285	0.002189213139555265
1013	780	0.001444186846131247
1013	898	0.0001653250033810131
1013	1013	0.9906342238789161
1013	1480	0.003344568166124509
1013	1785	0.0002249217546843514
1014	177	0.001915272883041221
1014	519	1.695534359446181e-07
1014	700	1.111012028779211e-05
1014	713	0.003573703858659464
1014	739	0.0007174313242804438
1014	1014	0.9901303134250766
1014	1142	0.0009539070547293962
1014	1607	1.121069117181724e-07
1014	1845	0.002697979673577349
1015	238	0.01033161177630074
1015	623	0.0009073129290261113
1015	658	0.005364049009214457
1015	1015	0.9805351038616738
1015	1527	0.002056346670507943
1015	1579	0.0008055757532769782
1016	74	0.0006258380669085316
1016	287	0.001147067112196379
1016	668	0.001035927603274313
1016	1016	0.9948228479295653
1016	1029	0.0009098597228728549
1016	1392	0.001458459565182774
1017	113	0.007051003629357397
1017	406	0.0005424470999498912
1017	689	0.003047609003490383
1017	1017	0.984166999193436
1017	1307	0.001622497505359948
1017	1513	0.003569443568406344
1018	70	0.002919754009336562
1018	275	0.001095504092040099
1018	518	0.003023261769855273
1018	1018	0.991686177890845
1018	1599	0.00050464317914347
1018	1683	0.0007706590587796219
1019	67	0.0001211966390729809
1019	259	0.001520180938847062
1019	602	0.0005190616139563558
1019	696	0.0007469879024710637
1019	894	0.0004665485473462418
1019	1019	0.9966260243583063
1020	108	0.003461936364708478
1020	288	0.005677352691143596
1020	410	2.824314724317502e-07
1020	554	5.750693079339286e-05
1020	944	0.0002479119354764285
1020	1020	0.983878167214263
1020	1252	0.005231058672807983
1020	1302	0.001445783759334703
1021	233	0.0002863036699096519
1021	376	0.000688964965880913
1021	732	0.001665031802583278
1021	1021	0.994001913467184
1021	1037	3.982345004810256e-28
1021	1385	0.0003750681617634853
1021	1750	0.0008281745106833481
1021	1861	0.002154543421995247
1022	151	0.002017173154764101
1022	602	0.002036725867683746
1022	1022	0.9952243580543265
1022	1131	0.0007217429232256789
1023	19	0.000604373774717255
1023	450	0.0004552916947982501
1023	666	1.365681665978558e-07
1023	878	8.877547185637387e-06
1023	1023	0.9957655474693147
1023	1042	0.0007788919163869927
1023	1638	0.0002034941124335913
1023	1823	0.002183386916996951
1024	202	0.002755913826645071
1024	237	0.0002911869168963394
1024	722	0.001894350459471693
1024	1005	0.000788631507929004
1024	1024	0.9942699172890579
1025	46	0.001660196192340274
1025	385	0.0003728509804883202
1025	525	0.0001321018577466604
1025	1025	0.994494853311214
1025	1422	0.000259982022636226
1025	1491	0.001443695659623784
1025	1671	0.001636319975950743
1026	78	0.0007704016101493198
1026	317	0.0005198103876287732
1026	541	0.0008577027803917805
1026	992	0.001383801114628096
1026	1026	0.995291190992023
1026	1108	0.000411602695117761
1026	1175	0.0007654904200612283
1027	197	0.0003784819086473674
1027	421	0.001538655868211772
1027	690	0.001600217348986521
1027	1027	0.9955298765415994
1027	1057	0.0001970550875168552
1027	1181	0.000291240677367268
1027	1223	0.0004644178680164726
1027	1363	5.46996543764727e-08
1028	92	0.0001672552550626976
1028	337	0.0007670973196587257
1028	679	0.002092495513545348
1028	929	0.000250053469691755
1028	1028	0.9954861023070686
1028	1050	0.000385206853253576
1028	1058	0.0008517892817192273
1029	74	0.0002076559928929129
1029	370	0.001960509101944106
1029	575	0.001177552654655634
1029	1016	0.0004866229563935758
1029	1029	0.9940208444151297
1029	1392	0.000699526472485583
1029	1504	0.001447288406498421
1030	77	0.002082276659310076
1030	286	0.0009420218452059098
1030	758	0.002202423158531273
1030	919	0.0001255824384074219
1030	1030	0.9907310357258398
1030	1442	5.418342631263699e-05
1030	1785	0.003862476746392952
1031	247	0.001898482135637005
1031	316	0.0001611857552220496
1031	872	8.654574789923209e-05
1031	1031	0.9966775348582886
1031	1820	0.001176251502953231
1032	287	0.001470961537959186
1032	672	0.0007860676773889567
1032	772	0.001222964666411132
1032	1032	0.9965200061182409
1033	100	0.001484088592362771
1033	316	0.0009572266817391007
1033	477	5.985552202783727e-05
1033	570	0.0002472162570773662
1033	773	0.001046788941283658
1033	1033	0.9946234395503495
1033	1179	0.001581384455159736
1034	350	0.0002514593299044087
1034	950	0.000164768545338706
1034	1034	0.997705014091538
1034	1088	0.000580059150519195
1034	1858	0.001298698882699755
1035	5	0.001894706398300629
1035	175	0.002969543813401569
1035	547	0.001307242960557404
1035	636	0.001278037269532295
1035	1035	0.9925504695582081
1036	213	0.001563804784456444
1036	373	0.0004024887754663026
1036	1036	0.9956146766515306
1036	1116	0.001597984569800315
1036	1481	0.0004130178460026065
1036	1753	1.310525698788331e-27
1036	1755	0.0001818534888639758
1036	1946	0.0002261738838797524
1037	270	0.0002916564459114671
1037	402	0.0009983073524946946
1037	907	0.0006096967648740695
1037	1021	1.083664450719147e-08
1037	1037	0.9961172836657546
1037	1398	0.00147120499414854
1037	1750	5.919799040939757e-05
1037	1861	0.0004526419497626474
1038	52	0.00105884732843173
1038	967	0.002740460208444758
1038	1038	0.9941805512102911
1038	1233	0.001769597778647997
1038	1399	0.0002505434741843294
1039	355	0.0009480067500163143
1039	1039	0.9958774940687031
1039	1106	0.000596216658503089
1039	1155	0.001546250807617185
1039	1370	0.001032031715160401
1040	210	0.001097688323586654
1040	285	0.005860369881648141
1040	898	0.000551925870165754
1040	1040	0.9885566832888021
1040	1514	0.003933332635797318
1041	15	0.00202854518765801
1041	334	0.0003306959985692233
1041	363	0.0007871381796354609
1041	1041	0.9943937319982945
1041	1253	1.710869625220336e-07
1041	1278	0.002025332881109626
1041	1410	0.0004343057870136985
1041	1433	7.888075705558448e-08
1042	19	0.0006052170440971289
1042	666	0.001601083599305084
1042	1023	0.0006670029062492773
1042	1042	0.9956125004990157
1042	1222	2.545710830501418e-05
1042	1494	0.000709773530540661
1042	1823	0.0004252414643129436
1042	1901	0.0003537238481740173
1043	83	0.002098729730952502
1043	314	0.001287111554056445
1043	1043	0.9944313107499902
1043	1357	0.002182847965000759
1044	142	0.001477864828623325
1044	366	0.001581144873712596
1044	436	0.00249177816154246
1044	1044	0.9916460581239268
1044	1087	0.001775620522937602
1044	1369	0.0009687226332614736
1044	1972	5.881085599576819e-05
1045	21	0.0001261320694082771
1045	221	0.00216808714169913
1045	456	0.0001662151474054895
1045	461	0.001162681714059594
1045	788	0.002900471994265373
1045	903	5.389927378591152e-05
1045	1045	0.9934225126593762
1046	201	0.0001720918531165655
1046	302	0.0009482927911471704
1046	685	0.001565742718953363
1046	747	1.253237316997257e-05
1046	989	0.001071019507098598
1046	1046	0.9960317082521882
1046	1134	0.000198456309543563
1046	1505	1.561947825291445e-07
1047	89	0.001781652222957872
1047	843	0.0009447754618095856
1047	864	1.692027424225947e-05
1047	1047	0.9958571841914226
1047	1258	0.001399467849567679
1048	43	0.0009826977745333414
1048	270	0.001080815298570772
1048	632	0.001065626139796067
1048	895	0.001300196221955831
1048	907	0.0001742720236795718
1048	1048	0.9953963925414644
1049	341	0.0005708482078929526
1049	900	6.135288814431097e-28
1049	1049	0.9949400910850702
1049	1768	0.00391231027297211
1049	1817	0.0005767504340646877
1050	92	0.000419534218506707
1050	337	0.0005858542959540376
1050	421	0.0005095599005925483
1050	1028	0.001266020109673991
1050	1050	0.9958922341567934
1050	1181	0.0002773694843624957
1050	1363	0.001049427834116765
1051	47	0.0004369170569123141
1051	266	0.0006101027582597088
1051	320	6.750498747622946e-05
1051	678	0.001497463379702638
1051	1051	0.9940766106468309
1051	1076	0.001945817621324113
1051	1213	0.001365559170786316
1051	1773	2.437870785813313e-08
1052	132	0.0007190281601113472
1052	324	0.00198704261720656
1052	472	0.000874404694422483
1052	1052	0.9920743339835137
1052	1440	0.001235890885182662
1052	1461	0.002221378897496809
1052	1701	0.0008879207620664408
1053	873	0.001046857104567547
1053	891	0.0005134518521638253
1053	1053	0.9883780487406411
1053	1631	0.00590680033334301
1053	1765	0.004154841969284544
1054	349	0.001881199453781753
1054	384	0.001076960314454477
1054	1054	0.9946118640588147
1054	1353	0.001180833470954115
1054	1381	0.001249142701994922
1055	20	0.0001331768021910307
1055	224	0.0005081847252469585
1055	1055	0.9951720331997942
1055	1072	0.00292236131392369
1055	1107	0.0008561022860817223
1055	1371	0.0004081416727624975
1056	140	0.005355966540529972
1056	295	4.330024436787313e-05
1056	592	0.006835594068371577
1056	1056	0.9871964213646447
1056	1105	0.000143917304098472
1056	1819	0.000424800477987448
1057	90	2.352573598978304e-09
1057	197	0.0002711157451921362
1057	269	0.0004201072964980974
1057	690	0.002082773218553717
1057	1027	0.0005507080610838993
1057	1057	0.9951912756348482
1057	1281	0.0008419872850894357
1057	1529	0.0006420304061608384
1058	92	0.0002765665900585845
1058	326	0.001462657606896569
1058	679	0.000596190041347241
1058	1028	0.0008406934007426034
1058	1058	0.9959491997022806
1058	1241	6.931895496303228e-09
1058	1886	0.0008746857267790072
1059	8	0.001650490763051303
1059	296	0.001461016584361716
1059	795	0.002633991301461157
1059	1009	1.150949586813881e-07
1059	1059	0.9909743317761311
1059	1651	0.003280054480036023
1060	333	0.001256742374773744
1060	900	0.001634458610150214
1060	1060	0.9970714753215544
1060	1317	3.732369352153218e-05
1061	178	0.003813121928521812
1061	448	0.0006363062322981501
1061	641	6.1905349534242e-05
1061	1061	0.9942434833545305
1061	1715	0.001245183135115298
1062	262	0.0008733762294744465
1062	427	0.0001849662900792409
1062	635	0.001817728756628403
1062	922	0.001265957391827269
1062	1062	0.9917752988042918
1062	1850	0.004082672527698728
1063	59	0.001496480827303564
1063	207	4.922742240395091e-09
1063	557	0.0009849942716886801
1063	1063	0.9932418881437101
1063	1137	0.001339533312211265
1063	1548	0.0004585486208129796
1063	1688	0.000826457887030942
1063	1702	0.001652092014500182
1064	1064	0.9975349910946731
1064	1116	0.002092936201975801
1064	1738	7.091462285164593e-05
1064	1755	0.0003011580804993231
1065	264	0.0009675935006216732
1065	1065	0.994753581431292
1065	1607	0.00081304882874069
1065	1695	0.0007490178647162792
1065	1874	3.109787651079199e-08
1065	1906	0.00133345250898363
1065	1911	0.0005406686133814641
1065	1917	0.0008426061543878124
1066	71	0.0001645678783671006
1066	568	0.0002208218062485177
1066	596	0.0002097812101787207
1066	752	0.001330678623044379
1066	785	0.0001526452823650024
1066	1066	0.9954068317008348
1066	1068	0.001203382320056299
1066	1083	0.001311291178905193
1067	149	0.0005166885733980425
1067	428	0.0006931524739228574
1067	522	0.00120304958451587
1067	721	0.003159677039203936
1067	1067	0.9925124510526994
1067	1636	0.001335501413458906
1067	1656	0.0005794798628009313
1068	191	0.002771756523046653
1068	748	0.001028296739284972
1068	1068	0.9953551193018687
1068	1083	0.0004595422014814191
1068	1104	7.797611023853904e-06
1068	1446	0.0003774876232944826
1069	250	0.003035465809517864
1069	469	0.0009090194405854715
1069	777	3.5181482789411e-07
1069	1069	0.9933388297953962
1069	1592	0.00225294477783609
1069	1926	0.0004633883618364684
1070	9	0.002047931423822598
1070	499	0.0005228003926881407
1070	528	0.004103362691397191
1070	1070	0.9926816656808325
1070	1101	0.0004928015453291437
1070	1125	1.9514802800114e-09
1070	1665	0.0001514363144501795
1071	735	0.00798259036042598
1071	1071	0.9897389469410447
1071	1117	0.0006518206776671792
1071	1167	0.001626642020862071
1072	224	1.19190585380672e-11
1072	585	5.305847919408482e-08
1072	1072	0.9953348460204916
1072	1103	0.0002098425139130932
1072	1107	0.001355542695884044
1072	1555	0.001401943098680281
1072	1563	9.811879698807244e-08
1072	1584	0.001697674481835793
1073	260	0.002093174901068348
1073	539	0.004989278764659456
1073	845	0.0002324373927940792
1073	1073	0.9917017289435093
1073	1811	0.0009830513985501855
1073	1913	3.285994186515397e-07
1074	49	0.003138163237299048
1074	223	0.0003493528774229797
1074	751	0.002350556726476718
1074	975	0.0009116346922049453
1074	1074	0.9897203292030962
1074	1210	0.003529963263500163
1075	273	0.0003547754447103315
1075	622	2.787440058075012e-07
1075	1075	0.9960862236075204
1075	1158	0.001801272525436908
1075	1554	0.001757449678326516
1076	47	0.0004892559694243051
1076	266	0.002603461534949899
1076	459	0.000657623345627114
1076	1051	0.001031355861611858
1076	1076	0.9949084118335072
1076	1194	8.367327674559846e-08
1076	1213	0.0003098045179757399
1076	1676	3.263627165370188e-09
1077	309	0.004863779233803676
1077	599	0.0004955119896932288
1077	763	0.00173785343051018
1077	1077	0.9928943428389204
1077	1212	8.51250707243762e-06
1078	174	0.00192940802259753
1078	795	2.311807705409268e-09
1078	1078	0.994268689592827
1078	1336	0.002462396875661748
1078	1651	0.001339503197106028
1079	53	0.004276257411802514
1079	261	0.0049097977423757
1079	828	0.001281944948226064
1079	882	0.00113392820618058
1079	1079	0.9883980716914151
1080	518	7.657615063328233e-05
1080	866	6.688046484044656e-07
1080	1080	0.9920764270514754
1080	1561	0.004446497448457265
1080	1643	0.0006436531578396268
1080	1683	0.002756177386946018
1081	243	0.001479347511328851
1081	491	0.0006801319850787397
1081	725	0.002404429633969325
1081	953	0.000815071800967537
1081	1081	0.994621001011522
1081	1478	1.805713364634586e-08
1082	82	0.00146132564505792
1082	216	0.001232931472615835
1082	671	1.312567987293009e-05
1082	706	0.002073224501564843
1082	733	6.251965891793123e-06
1082	778	7.86600441996429e-06
1082	971	0.0003267657171479853
1082	1082	0.9948782824061834
1082	1775	2.266072453875533e-07
1083	76	0.0004383500092355491
1083	596	0.0001898697979800548
1083	748	0.001690477405552128
1083	1066	0.0002715866028451355
1083	1068	0.001103979328938308
1083	1083	0.995968184394607
1083	1844	0.0003375524608419265
1084	2	4.452893582209193e-27
1084	132	1.967449049721573e-26
1084	458	0.004108398681980598
1084	764	0.0006533009616762468
1084	1084	0.9952382895742111
1084	1141	1.078213205452861e-08
1085	181	0.01110567302993378
1085	587	0.000240084874210995
1085	1085	0.9886542420958552
1086	166	0.000936887654391121
1086	172	1.643548058280973e-08
1086	650	0.0006749339719940093
1086	745	0.0005288575122255409
1086	1086	0.9970596200364693
1086	1146	0.0002224456189036857
1086	1537	0.0005772387705357012
1087	142	0.0007292162317374171
1087	366	0.001043100604550421
1087	386	0.002356011383861987
1087	564	0.0005479005604410234
1087	1044	0.0009211313092978122
1087	1087	0.9936748776188484
1087	1170	0.0007277622912628741
1088	301	0.0007835162227372917
1088	1034	0.0007111596550919005
1088	1088	0.9968576354429723
1088	1743	0.001647688679198548
1089	332	2.616440768603764e-05
1089	1089	0.9975089984355771
1089	1123	5.903464435190682e-05
1089	1168	0.002405802512385082
1090	568	0.001799501241513259
1090	756	9.508368785242276e-05
1090	785	0.002503375933603028
1090	825	1.248150216132722e-06
1090	1090	0.993904923548323
1090	1883	0.001525762394165031
1090	1915	0.0001701050443271839
1091	182	0.001106916076630402
1091	254	1.405622106379919e-07
1091	549	0.0005050539854454801
1091	1091	0.995318865215346
1091	1188	8.066594924827107e-05
1091	1644	0.001035059975003289
1091	1654	0.001953298236115843
1092	305	0.002379585642245084
1092	744	0.0001239121921718221
1092	790	0.001238448349345646
1092	1092	0.9952020212314235
1092	1103	0.0008329420859680307
1092	1154	0.0002230904988458492
1093	65	0.00141942386038355
1093	255	0.00111777362944105
1093	740	0.000675845318758675
1093	832	1.481963685057638e-05
1093	1093	0.996124541304216
1093	1113	0.0002837245562777959
1093	1149	0.0002542761768155573
1093	1558	0.0001095955172568936
1094	56	0.004655571468256789
1094	264	0.0001978066627240532
1094	734	0.001247051505171998
1094	1094	0.9928388943848051
1094	1204	0.00105728760948004
1094	1873	1.495605707407968e-07
1094	1944	3.238808991467329e-06
1095	377	0.0003379468679269616
1095	471	9.903920152148663e-10
1095	538	0.002199186874374062
1095	755	0.0008084780434099674
1095	1095	0.9935482350696621
1095	1150	0.001729152950372786
1095	1553	6.426606217535506e-08
1095	1557	0.001121347136407021
1095	1670	0.0002555878013929568
1096	122	0.004263316562681185
1096	312	0.001074889822358597
1096	1096	0.9888817690457425
1096	1138	0.003976914930804175
1096	1216	3.275396034907896e-09
1096	1961	0.001803106363017418
1097	104	0.001340614887236246
1097	374	0.0002051855857906497
1097	619	0.0001405727037389317
1097	1097	0.9965998257840843
1097	1352	0.0006281618044109056
1097	1483	0.000901703373264938
1097	1573	0.0001839358614739992
1098	157	7.199138273366672e-05
1098	294	0.001032076283505062
1098	894	1.952977804794285e-05
1098	1098	0.9968759524324955
1098	1668	0.001187383784942522
1098	1680	0.0008130663382752255
1099	37	0.0001773205924775726
1099	308	0.0004894557445483822
1099	390	0.0001858735450090455
1099	638	0.0005752143560699673
1099	982	0.000449516886613005
1099	1099	0.9980259864141516
1099	1474	9.663246113036231e-05
1100	156	0.001827544043265834
1100	340	0.002007033602553184
1100	529	0.001756690045528476
1100	625	0.001417028249571874
1100	1100	0.9922495027537923
1100	1205	0.0007246849377967845
1100	1344	1.751636749157438e-05
1101	9	0.005779256616386426
1101	576	0.0005546088561374875
1101	1070	2.274836465387361e-05
1101	1101	0.9917328396257176
1101	1685	0.001910546537104699
1102	248	0.00175479711406323
1102	737	1.85605535179885e-05
1102	792	0.001623207144667113
1102	817	0.0001050559159907737
1102	1102	0.9953015977453735
1102	1144	0.0002113993614921337
1102	1557	2.753200116540236e-05
1102	1781	0.0009578501637297596
1103	20	0.002019895771810035
1103	305	0.0006414548712142177
1103	1055	0.002086188220501212
1103	1072	5.170676539360756e-06
1103	1103	0.995040905046555
1103	1161	0.0002063854133802075
1104	310	0.002212185792190333
1104	748	0.0003118353698921331
1104	781	7.994542716447547e-07
1104	908	0.0003465781405103837
1104	920	0.001135218397049312
1104	1068	0.0001054671842528577
1104	1104	0.9949436339886837
1104	1623	0.0009442816731496013
1105	140	0.001782601806198887
1105	254	0.0009848773948036317
1105	674	0.0004104832334787148
1105	727	0.00233580763179896
1105	1056	0.0001402011782572995
1105	1105	0.993296229457222
1105	1283	0.001049799298240525
1106	246	0.001197587871010401
1106	310	0.000180712592659231
1106	781	0.0004097528735213727
1106	1039	0.0008503264959070498
1106	1106	0.9960856966558711
1106	1155	0.0006155734434730174
1106	1165	4.654937114670371e-05
1106	1623	0.0006138006964110977
1107	838	0.003475335122494092
1107	1055	0.0001081655421090323
1107	1072	0.0002657440396732211
1107	1107	0.9933331325153975
1107	1555	0.0001426160450628837
1107	1563	0.002675006735263219
1108	78	0.0009864252218733797
1108	230	4.978731037585002e-05
1108	317	0.0009847692861560257
1108	491	0.0001072873388154149
1108	1026	0.0008281422670941156
1108	1108	0.9965161814573295
1108	1331	0.0002821011853955159
1108	1478	0.0002453059329602586
1109	236	0.001331220260929941
1109	812	0.0009779673174883923
1109	937	0.0003871922714486865
1109	1000	2.545996273897581e-05
1109	1109	0.9967512855041236
1109	1397	0.0005268746832705014
1110	327	0.001208676901246577
1110	927	0.0003549466953169738
1110	981	0.00156678589380112
1110	1110	0.9951131304481126
1110	1275	0.001584544263682477
1110	1492	2.258430879427528e-07
1110	1493	0.0001716899547523652
1111	457	0.004422037569845353
1111	630	6.964236412861937e-05
1111	1111	0.9905370731090121
1111	1690	0.003782670988274233
1111	1842	0.0009376581699185109
1111	1960	0.0002509177988212861
1112	447	0.0002097779335621181
1112	1112	0.9822136704852924
1112	1802	0.001035290452027537
1112	1804	0.002981002445309039
1112	1954	0.0003795048904628264
1112	1955	8.566585816921352e-27
1112	1956	1.427764302872706e-27
1112	1960	0.01318075379334602
1113	255	0.0004018975411484104
1113	728	0.0008081892493335251
1113	740	0.002409022233094661
1113	1093	4.782152992546402e-05
1113	1113	0.9944769024809599
1113	1149	1.931904457863295e-08
1113	1166	3.597421855430232e-06
1113	1640	0.001544112787434844
1113	1925	0.0003084374372032683
1114	383	0.00615485041708445
1114	605	5.088147785855718e-05
1114	1114	0.9890998979051903
1114	1551	0.002309431929150302
1114	1630	0.0004180902058665658
1114	1655	0.001966848064849769
1115	103	0.00150943525268716
1115	297	0.0004634505327977141
1115	369	0.002035160716161317
1115	406	0.0002064088671350787
1115	1115	0.9895663085228774
1115	1301	0.001871350245969221
1115	1307	0.001496359892200762
1115	1545	0.002851525970171373
1116	373	0.002107556557187832
1116	1036	0.001063102682682407
1116	1116	0.9968293407601297
1117	203	0.001446084563144902
1117	258	0.0004264448374813585
1117	735	0.00532415192208689
1117	831	0.0005634111716044858
1117	1071	0.0001654506856742039
1117	1117	0.9912472779843894
1117	1135	0.0005900823096718193
1117	1210	0.0002370965259469398
1118	284	0.001059698503457305
1118	766	0.0007511930875517069
1118	1118	0.9970349619639824
1118	1719	0.001154146445008546
1119	57	0.001565361932745617
1119	232	0.002000919220798735
1119	422	0.0008399654955577778
1119	509	0.001483646349313032
1119	891	0.001817548314163692
1119	1119	0.9914027206306631
1119	1214	0.0002215715409346176
1119	1536	5.76280545944106e-09
1119	1650	0.0006682607530179948
1120	98	0.0002371488945374997
1120	432	0.007806992369766403
1120	1120	0.9879727233699376
1120	1490	6.915956227512232e-07
1120	1531	0.003982443770135742
1121	68	0.0009390987433974029
1121	256	0.0001654374915187412
1121	626	5.780562702527911e-07
1121	678	6.97310183362017e-05
1121	789	0.001866594978016394
1121	1051	2.025315333734989e-07
1121	1121	0.9964406082050503
1121	1194	0.0005177489758773123
1122	303	0.0007672358196267625
1122	1122	0.9962728531754446
1122	1397	0.001860718651024873
1122	1727	0.001070947994345999
1122	1798	2.824435955771378e-05
1123	332	0.002158286467278258
1123	355	0.0001488661300499863
1123	786	0.001708136190037276
1123	829	0.0002391042050729669
1123	1089	0.0004191024038226967
1123	1123	0.9945756169442618
1123	1155	0.0007508876594770704
1124	84	0.002299283415378868
1124	961	1.023811604767347e-07
1124	1124	0.9958680375262909
1124	1343	0.0007939188856863427
1124	1711	8.506265713320472e-05
1124	1728	0.0009535951343501956
1125	312	0.003271792460180734
1125	528	5.960183976697609e-05
1125	576	0.0005907085794442631
1125	1070	8.488167199995124e-07
1125	1096	0.003780292390270225
1125	1125	0.9907342159288864
1125	1216	2.110716843884292e-05
1125	1653	0.001541432816292486
1126	550	1.400462643432373e-05
1126	597	0.001800481356178473
1126	798	0.0003924799402522563
1126	1126	0.9934082007662598
1126	1662	0.003868357758139762
1126	1888	0.0005164755527353844
1127	344	0.00300576147935945
1127	438	0.0001203947657148061
1127	854	0.000488085464478389
1127	1127	0.9931547734018252
1127	1544	0.0002294447255699319
1127	1754	1.386136346308193e-08
1127	1799	1.037300291648247e-05
1127	1835	0.002991153298772182
1128	55	0.001943639442343654
1128	746	0.0007453498481886941
1128	1012	0.00179002862223482
1128	1128	0.9955185916528106
1128	1247	2.39043442222451e-06
1129	322	0.0006978631046477913
1129	380	0.0002012396876536702
1129	1129	0.9930075776000374
1129	1299	0.001597851393534215
1129	1333	0.001446513410263644
1129	1414	0.001549994630404789
1129	1569	0.00149896017345845
1130	62	0.0006395930996236816
1130	376	0.0002660216225025504
1130	415	5.604314031316152e-05
1130	1130	0.997195990598957
1130	1385	8.588189751505499e-09
1130	1423	0.000969890696912678
1130	1566	0.0007864774516341575
1130	1808	8.597480186703656e-05
1131	67	0.0007968163284265911
1131	315	0.0008639381053582807
1131	594	0.0006380862667287467
1131	602	0.001084528383440294
1131	1019	0.0007514020142243164
1131	1022	0.0005706940224548675
1131	1131	0.9952934230393412
1131	1336	1.111840025767334e-06
1132	282	0.001195381613465112
1132	659	0.00244401402065343
1132	1132	0.9946993522469227
1132	1484	0.001489096032319202
1132	1568	0.0001721560866395463
1133	323	0.00277405631652206
1133	889	0.001025409253651831
1133	1133	0.9940875263868298
1133	1218	0.0009512806945258118
1133	1704	0.001161727348470537
1134	66	0.0004672975309265849
1134	201	8.583306359247563e-08
1134	302	0.001012076685857415
1134	558	0.0008653862489441876
1134	747	0.001171582352898058
1134	1046	0.001276281245398752
1134	1134	0.9948550729975555
1134	1408	0.0003522171053559034
1135	203	0.0009740969694212121
1135	400	0.005370533412517879
1135	559	0.001762927496456572
1135	779	0.0003300623223689353
1135	831	0.001298001106733739
1135	1117	0.0008735241402736653
1135	1135	0.9887736238258176
1135	1624	0.0006172307264104475
1136	511	0.005148469216316684
1136	1136	0.9919488670151992
1136	1427	0.000177765695133287
1136	1904	0.002724898073350756
1136	1947	9.714328564411883e-27
1137	59	0.001609107272078707
1137	754	0.0007381231118426764
1137	794	4.868037382431769e-05
1137	1063	0.000451257284134791
1137	1137	0.9957705806409318
1137	1548	7.793032346333033e-05
1137	1657	0.001304320993724349
1138	122	0.0001442269966736293
1138	312	0.0002400000849644191
1138	473	0.0002968779178141297
1138	1114	0.003101650581647508
1138	1138	0.9933897676098322
1138	1630	0.002827476809068193
1139	739	0.0001421454389261077
1139	1094	0.002955097229243373
1139	1139	0.9919659734803167
1139	1204	0.004089246653232284
1139	1924	0.000847537198281608
1140	531	0.0001579826567706572
1140	584	0.0004061866503229005
1140	1140	0.9901092115488647
1140	1578	0.0001197237794478117
1140	1872	6.308856766065309e-07
1140	1874	0.006044521102304854
1140	1916	0.003161743376612383
1141	277	0.002806206219950644
1141	458	0.005586715932138786
1141	1084	7.543794600217109e-09
1141	1141	0.9913461720644332
1141	1846	0.0002608982396828254
1142	177	0.005361534835367323
1142	295	0.002761671037317155
1142	519	0.000753567586927428
1142	734	3.489117518439294e-05
1142	787	0.0002854741493629103
1142	1014	0.001031697154528935
1142	1142	0.9880639308551833
1142	1837	0.001332048975088298
1142	1845	0.0003751842310401899
1143	475	6.101004737907743e-05
1143	820	0.0006001487800252341
1143	1143	0.9981734733348779
1143	1347	0.0006708013875561681
1143	1826	0.0002125472187614097
1143	1964	0.0002820192314001123
1144	737	0.0003207126118752724
1144	1102	0.0022659545958324
1144	1144	0.996296324742829
1144	1781	0.001117008049463232
1145	105	0.0008590408278656937
1145	347	0.0006038752266386175
1145	362	0.000741702804500655
1145	1145	0.995990100946502
1145	1201	0.0006302865485072316
1145	1394	0.0009216167953353281
1145	1466	0.0002533768506505078
1146	166	0.000519667035719898
1146	595	0.0008590469959412673
1146	638	0.000206206452768114
1146	1086	0.0005892237868968486
1146	1146	0.997639475999882
1146	1686	8.048433486896066e-06
1146	1714	2.077062003182393e-05
1146	1788	0.0001575606752731178
1147	180	0.002059064823607751
1147	327	0.0005547034709515854
1147	858	0.0004563831278169987
1147	905	0.001795067427834777
1147	1147	0.9940639443758327
1147	1295	0.001066795765404162
1147	1338	4.041008552063659e-06
1148	763	0.001276911612326064
1148	1077	0.00200591893292102
1148	1148	0.995798995309082
1148	1866	0.0009181741456709695
1149	65	0.0004210332754151095
1149	244	0.001424571517130348
1149	611	0.0004665010051898406
1149	740	0.001276730630195778
1149	1093	9.734798815026799e-05
1149	1113	2.99451235455234e-10
1149	1149	0.9962061139916358
1149	1166	0.000107701292831507
1150	377	0.0003215249821491993
1150	471	0.0004584426204738026
1150	755	0.0003268527932554458
1150	1095	0.001729929328234222
1150	1150	0.9957650148246676
1150	1557	2.987245267582786e-05
1150	1618	0.0005303005194475989
1150	1771	0.0001225547002001044
1150	1864	0.0007155077788963336
1151	322	0.001624446020239206
1151	719	0.001586209361125501
1151	1038	0.002733763472372236
1151	1151	0.9936642470033632
1151	1227	0.0002705672000511478
1151	1569	0.0001207669428487314
1152	311	0.0006992600141454953
1152	351	0.00121289037752667
1152	1012	0.0005094054372875513
1152	1128	0.001451957770209641
1152	1152	0.9960469091973976
1152	1287	7.957720343307705e-05
1153	10	0.003371807184852384
1153	331	0.002668147620519517
1153	555	0.008580937163066849
1153	1153	0.9764436974072278
1153	1261	0.007760435803186534
1153	1516	0.001174974821146978
1154	305	0.002179588912365143
1154	839	0.001961581456291618
1154	1092	0.0001394791556433005
1154	1154	0.9940490841160899
1154	1371	0.001670266359610039
1155	246	0.0007013823872556713
1155	355	0.002168736593210386
1155	786	0.0004753822731514827
1155	1039	0.0002238333692885449
1155	1106	7.611167664161277e-05
1155	1123	0.00156134038978134
1155	1155	0.9946760277082167
1155	1370	0.0001171846159477972
1155	1495	9.865064441768146e-10
1156	129	0.001217092317427274
1156	468	8.281559365470223e-05
1156	580	0.0014714280301793
1156	1156	0.9959574232745516
1156	1218	1.368314555505103e-07
1156	1318	9.340260163598249e-05
1156	1498	0.00117770135109583
1157	766	0.0007043962318824501
1157	904	0.0009451434035060826
1157	1157	0.9981538024595282
1157	1763	0.0001966579050832879
1158	273	0.001218189803378844
1158	582	0.000727102568671132
1158	1075	0.0006938399952022289
1158	1158	0.99666234317393
1158	1159	0.0006985244588178435
1159	6	0.001168342688220535
1159	273	0.001716601525670674
1159	553	0.0001247868637695053
1159	556	0.0009456791532273333
1159	582	0.0006064369872142136
1159	1159	0.9954381527818977
1160	98	0.000945263881358806
1160	147	2.739955852217538e-09
1160	391	0.001989201204214825
1160	736	8.764783736343754e-06
1160	1160	0.9966787803503965
1160	1542	0.0002346159258900509
1160	1600	4.632959869250991e-05
1160	1603	9.704151575511366e-05
1161	20	0.00129054425746602
1161	408	0.001249838312889673
1161	790	5.357741858653625e-06
1161	1103	0.0002755941158860267
1161	1161	0.9963098327939276
1161	1224	0.000868832777972034
1162	268	0.0004607202551090952
1162	381	0.0008013192573617585
1162	990	0.002996833348774679
1162	1162	0.9941499231699378
1162	1511	0.00159120396881682
1163	71	0.002748332225697193
1163	756	0.0008339669100835173
1163	785	0.0006035960873998895
1163	980	0.005788105280270683
1163	1163	0.9899946794550987
1163	1480	3.132004144997616e-05
1164	76	0.0003101778851777551
1164	291	0.0001073514643539153
1164	1164	0.9962899377605122
1164	1176	4.029329454543982e-06
1164	1314	0.0005700806465030885
1164	1832	0.002702268783514929
1164	1844	1.615413048352998e-05
1165	246	0.001835687878181266
1165	829	0.0009771892412602703
1165	1106	0.0003676686115524493
1165	1165	0.9955792557121599
1165	1239	0.00124019855684615
1166	244	0.0005620761502731458
1166	647	0.0006159116516395977
1166	740	0.0003898590978409445
1166	1113	0.0001320029349217578
1166	1149	4.272790013129665e-05
1166	1166	0.9965806336459617
1166	1266	0.0008336705819573438
1166	1640	0.0007795896879855676
1166	1691	6.352834928854193e-05
1167	735	0.000285941179878501
1167	1167	0.9953012971246842
1167	1764	0.001884397680793474
1167	1777	0.001163403937941565
1167	1787	0.00136496007670223
1168	332	0.0001107956531827787
1168	1089	0.0002046920063213921
1168	1123	1.786883845862989e-07
1168	1168	0.994673306528818
1168	1186	0.0001953770657397594
1168	1265	0.004815650057553417
1169	103	0.001396213495100813
1169	397	0.004978060256957504
1169	621	0.0003556090783315076
1169	1169	0.9931049780754484
1169	1215	5.413356526320289e-09
1169	1545	1.644701977749509e-06
1169	1546	0.0001611764914094941
1169	1598	2.312487418072124e-06
1170	33	0.0007512652721703135
1170	142	0.0001050369159265722
1170	386	0.001730100803562582
1170	564	5.637714645237085e-05
1170	620	0.0005544481443943026
1170	1087	0.002396206972418072
1170	1170	0.9943957837191586
1170	1937	1.078102591727937e-05
1171	340	0.001320460011915034
1171	688	0.0009447232802436169
1171	1171	0.9933731112434152
1171	1344	0.0004918288245313818
1171	1564	0.002328879497289842
1171	1918	0.001540997142604929
1172	25	0.002843712483938592
1172	338	0.001046694217538668
1172	724	0.000146981702138184
1172	1172	0.9922953394202862
1172	1502	2.32321326403309e-06
1172	1518	0.003664948962834356
1173	184	0.0009970556416512618
1173	242	0.0005196155314162767
1173	770	0.0004169615713432741
1173	814	0.001802849732483363
1173	844	0.0001649442375815602
1173	960	0.0004162463806880937
1173	1173	0.9956823152341203
1173	1263	1.167071583477124e-08
1174	164	2.050208804902833e-08
1174	396	0.0001143120171988965
1174	415	0.0004918585596947644
1174	452	8.719783424537961e-09
1174	1174	0.9973112986769397
1174	1345	0.0007981438443697618
1174	1501	0.0007766766861887439
1174	1532	0.0003174675052907419
1174	1566	0.0001902134884460345
1175	173	0.001625708750661426
1175	317	0.0003442177567802119
1175	992	0.001291841467271956
1175	1026	0.0002887389645065993
1175	1175	0.9944368409206049
1175	1273	0.0002358787088168814
1175	1565	0.001776773431357955
1176	76	0.0001529316412308361
1176	781	0.002059608316844333
1176	1164	5.090800886326077e-05
1176	1165	0.001042324966542528
1176	1176	0.995478760403848
1176	1255	0.0009549111376598061
1176	1832	0.0002605555250112229
1177	81	0.001306240963584881
1177	272	0.0004100487251964442
1177	481	0.001698524676615792
1177	782	0.00169298224074789
1177	1177	0.9944717166180838
1177	1315	2.519591773060369e-06
1177	1911	0.0001226549400813924
1177	1924	0.0002953122439167312
1178	134	0.001003226148050012
1178	455	0.0008016022371206845
1178	777	0.0005746385403110662
1178	1178	0.9956702606135542
1178	1810	0.0007167260993903674
1178	1870	0.001144725676927497
1178	1926	8.882068464624686e-05
1179	100	0.0006522589448322326
1179	316	0.0003984121286936038
1179	872	0.001450866255053027
1179	1031	0.00219676045713705
1179	1179	0.995301702214284
1180	121	0.0004041349703688578
1180	212	0.002496383503024633
1180	434	0.0004920174334580767
1180	476	0.002150068138559278
1180	1180	0.9936146044953375
1180	1193	0.0008427270498417989
1180	1219	6.440940995519314e-08
1181	92	0.0005646757466740026
1181	330	0.0002405274244582929
1181	421	0.001439921480101676
1181	1027	0.0001019597219020419
1181	1050	0.0009624464281853168
1181	1181	0.9955705157955721
1181	1223	0.0005014076013974251
1181	1235	0.0006185458017091795
1182	627	1.583135212990094e-07
1182	1182	0.9924215076454249
1182	1190	0.005180474817900046
1182	1208	0.00128003043280277
1182	1830	0.001117828790350927
1183	342	0.00159335513423393
1183	790	0.002292691894718088
1183	1092	0.001322584924340098
1183	1183	0.9946307446749939
1183	1267	0.0001606233717140067
1184	325	0.0005782296422895887
1184	1184	0.9952828288560991
1184	1237	0.002002313003763033
1184	1288	0.00185637923216155
1184	1290	0.0002802492656867917
1185	506	0.0003212645515734436
1185	912	0.000537048616175338
1185	1185	0.9962255421297295
1185	1433	2.407768974547474e-09
1185	1520	0.0003282240245225344
1185	1572	0.0009271646938052242
1185	1596	0.001660753576425047
1186	93	0.0001600708069309914
1186	332	0.0002040878475291137
1186	405	0.0008962446519088515
1186	829	4.709949429463283e-06
1186	1168	5.338509999252697e-05
1186	1186	0.997150828847765
1186	1265	0.001048802495739874
1186	1334	0.000481865136116738
1186	1963	5.164587494802861e-09
1187	88	0.001475873641206322
1187	225	0.0001816377306587055
1187	639	9.607933415765925e-27
1187	830	0.001130154655901013
1187	1187	0.9959666027493238
1187	1586	5.14160975964945e-27
1187	1696	3.044423266099462e-06
1187	1959	0.001242686799644032
1187	1962	3.983547490291929e-27
1188	182	0.002161027195463375
1188	207	6.184166242819344e-08
1188	329	0.001058250534266751
1188	549	9.329308094091092e-05
1188	557	0.000411965728425151
1188	810	0.000292672038035579
1188	1091	5.516616090818462e-05
1188	1188	0.9937341583708861
1188	1203	0.001369676763363479
1188	1240	0.0008237282860480224
1189	26	0.0008496147890984999
1189	406	0.002072492605529218
1189	428	0.0009763871187849724
1189	550	0.002105712140106501
1189	689	0.001178413371979468
1189	962	0.00120357555182642
1189	1189	0.9903581424063466
1189	1541	8.382957990271703e-05
1189	1636	0.001171832436425654
1190	60	0.002556072793717096
1190	627	0.002665101838005299
1190	751	6.13763287439445e-07
1190	1190	0.9935423358692566
1190	1663	2.0397661186941e-06
1190	1830	0.001233835969614929
1191	53	0.0002293786351395667
1191	828	0.0006753892072196634
1191	1191	0.9962646577370583
1191	1697	0.002122576438986396
1191	1915	0.0006236835702673643
1191	1939	8.43144113287632e-05
1192	321	0.001392735064380918
1192	742	0.001125553101955367
1192	809	3.20817996653755e-05
1192	1192	0.9957743992504479
1192	1581	2.914668005828188e-05
1192	1622	0.00089780322674694
1192	1637	0.0007480620329250625
1192	1848	2.188438201354018e-07
1193	121	0.002411411983232606
1193	252	0.007177485093220783
1193	476	0.00607793796839193
1193	880	0.005048039794874928
1193	1180	0.0009958504241472843
1193	1193	0.9782892747361325
1194	68	0.0002416507633313347
1194	266	0.0006078521948081282
1194	459	0.0002187142880034432
1194	626	0.001942116425082646
1194	1076	1.963080566122824e-10
1194	1121	0.0008099667560348959
1194	1194	0.995308349129382
1194	1238	2.062383920435412e-08
1194	1614	0.0008713296232102763
1195	40	0.001435479502488492
1195	206	0.0001741568776911628
1195	776	0.000116839494216267
1195	1195	0.9940875172871613
1195	1748	0.001868944193211542
1195	1897	0.0003402538756056073
1195	1968	0.001976808769625544
1196	29	0.002433316796973037
1196	232	0.002998248164860804
1196	730	0.001616558977356225
1196	873	0.00357228393256614
1196	1196	0.9872478372014011
1196	1214	0.0009284839495008466
1196	1327	0.001203270977341862
1197	300	0.0006564785438761229
1197	367	0.003895188191593343
1197	793	2.11168353707987e-08
1197	988	0.001141190062911121
1197	1197	0.9943047895243762
1197	1452	2.332560407825644e-06
1198	135	0.004815688905260317
1198	571	0.0003775767889469132
1198	1198	0.9915450575775396
1198	1482	0.003261623803412477
1198	1659	1.393873846191376e-10
1198	1724	5.27854533074692e-08
1199	67	0.001495899974937247
1199	532	0.0003201225868384849
1199	676	3.124491130549759e-09
1199	894	0.0008983650025513835
1199	1199	0.9972855440563824
1199	1336	1.904824210163309e-09
1199	1668	6.334997518359119e-08
1200	82	0.001618902667039677
1200	283	1.029492317918792e-05
1200	671	0.00142347337178956
1200	959	0.00100706985472113
1200	1007	0.000169376815962488
1200	1082	0.0004339133865930033
1200	1200	0.995336968980715
1201	347	0.000867691048622592
1201	362	0.0006848431087257542
1201	1145	0.001360887306272818
1201	1201	0.9963274437993007
1201	1356	0.0005408940292192027
1201	1869	4.421439814702227e-05
1201	1930	0.0001740263097119104
1202	318	0.0004143137581742798
1202	618	0.001126614705769969
1202	661	0.001081434666978978
1202	1202	0.9961794862614518
1202	1290	0.001198150607624994
1203	59	0.000170497336117903
1203	329	0.001742933370481467
1203	557	2.997743230971416e-05
1203	1188	0.0006508381682428674
1203	1203	0.9958413911212326
1203	1602	0.001564362571615364
1204	56	1.285926951496448e-06
1204	81	7.065018263314623e-09
1204	800	0.0005935973964096046
1204	1094	0.0006692165988353743
1204	1204	0.9931033805158641
1204	1873	2.943261339232625e-07
1204	1924	0.0001170960074649122
1204	1944	0.005515122163322429
1205	80	0.001731982149366694
1205	340	0.0009108479040439954
1205	529	0.002382057251144055
1205	688	0.0008098040590468086
1205	1100	0.0007927797469099973
1205	1205	0.9930541330189828
1205	1511	0.0003183958705055871
1206	61	0.004506079319255366
1206	224	0.001157920547456344
1206	838	0.007113407256339002
1206	1107	0.0008888369316039969
1206	1206	0.9826644737749819
1206	1579	0.002378349155773886
1206	1731	0.001290933014589549
1207	209	0.002579103860366117
1207	339	0.0005155436332718914
1207	804	0.001234408004403792
1207	968	0.0008024610621111648
1207	1003	0.001116055470341378
1207	1207	0.9931653761679692
1207	1524	0.0005870518015364921
1208	806	0.0002384909879941731
1208	1182	0.001503792137093112
1208	1190	0.0007102199151244385
1208	1208	0.9948971409132344
1208	1604	0.002052598234129995
1208	1663	0.0005976332008288099
1208	1814	1.246115950679468e-07
1209	313	0.0006459291072727726
1209	644	0.001077123577611236
1209	822	0.001992807500610616
1209	850	8.911159141520925e-06
1209	1209	0.9935819639637923
1209	1320	0.0001465948024581034
1209	1723	0.002546669889113498
1210	49	0.0003030546122057576
1210	223	1.086797600993748e-09
1210	258	0.0035378182690029
1210	751	0.001791900665514711
1210	831	0.002593818304723989
1210	1117	5.249703991973222e-05
1210	1210	0.9917209100218353
1211	225	0.0004747516897818801
1211	482	0.00130699525335997
1211	762	1.325570925581757e-06
1211	976	0.0004423481678471195
1211	1211	0.9933913578807512
1211	1283	0.0004548683415207106
1211	1673	0.0011988839778379
1211	1803	0.002729469117975683
1212	87	0.002309407657287194
1212	309	0.0004377735954576199
1212	744	0.001844902534497006
1212	1077	0.0001337529642514889
1212	1212	0.9950666313498501
1212	1391	0.0002075318986566235
1213	47	0.002399770762258364
1213	320	0.0005083531323502289
1213	707	0.0007234070027597756
1213	1010	0.001822198867393878
1213	1051	0.002352926562951028
1213	1076	3.516297988867479e-05
1213	1213	0.992158180692398
1214	187	0.0007307043146392798
1214	232	0.001529984681873267
1214	422	0.002302386542295987
1214	730	0.002435632999607185
1214	939	0.002913579077403737
1214	1119	0.0004007529534536978
1214	1196	0.001713896199707287
1214	1214	0.9879730632310195
1215	144	0.0007092703101706544
1215	290	0.001576050721302126
1215	597	0.0002294925308251822
1215	621	0.0009712564025742196
1215	930	0.0009452319282379943
1215	1169	4.29737178019115e-10
1215	1215	0.9955666100245657
1215	1322	2.087652586903236e-06
1216	153	0.001170115289597096
1216	312	0.001239556776330821
1216	473	0.0007396805718001187
1216	576	0.0004397925550100652
1216	651	0.001338210953344516
1216	1096	3.897117962665505e-09
1216	1125	0.0002661400360405155
1216	1216	0.9941223081282979
1216	1257	0.0006841917924608929
1217	368	0.0001857196049595966
1217	641	0.003653329472446874
1217	1061	0.0009297494361630294
1217	1217	0.9946174723168575
1217	1707	0.0006137291695730612
1218	323	0.001792884620018167
1218	414	0.00244844197557428
1218	1133	6.710088014136994e-06
1218	1218	0.9957519344836738
1218	1482	2.88327195875793e-08
1219	121	0.00076247321371569
1219	434	0.001641078742269086
1219	677	0.0004299971252046607
1219	1180	1.0794994453011e-07
1219	1219	0.9957833649099185
1219	1783	0.001382978058947604
1220	352	0.0005456343520161592
1220	368	0.000135901758922525
1220	1220	0.9935014522535011
1220	1279	0.0001649630929842011
1220	1672	0.001870727750427273
1220	1927	0.002322038910581044
1220	1929	0.001459281881567788
1221	126	0.0001565835910086434
1221	496	0.001189315327655008
1221	927	4.062765379044633e-09
1221	1221	0.9967491039775629
1221	1353	0.0005113219907172723
1221	1493	0.001393671050290828
1222	19	0.001981643833724732
1222	325	0.0002307346311407468
1222	984	0.0008850439988281872
1222	1042	0.0004688444801343836
1222	1222	0.994660020629593
1222	1494	0.001773712426578968
1223	197	0.0008804190803923269
1223	330	0.0004896265009432938
1223	421	2.251666003950522e-08
1223	977	0.000372338141437152
1223	1027	0.001217120053564223
1223	1181	0.0009713984916319644
1223	1223	0.9960690547647596
1223	1778	2.045061142335159e-08
1224	304	0.0006352479964528231
1224	408	0.001416037198520908
1224	952	0.0005381195215000888
1224	1161	0.0002176960574166318
1224	1224	0.997137395860188
1224	1267	5.549248648648906e-05
1224	1646	1.087943505238667e-08
1225	36	0.002200532121004904
1225	255	0.0001292599470131506
1225	728	0.001311490706010227
1225	1225	0.9922651613023219
1225	1612	0.004093555923649838
1226	114	0.002821597795313633
1226	446	9.749002949591171e-06
1226	832	0.001270006456851338
1226	1226	0.9878733484077585
1226	1319	0.008025298337126955
1227	196	0.001791606617119985
1227	380	1.847072302910193e-05
1227	687	0.0009582328061338831
1227	1151	0.0008181661275516039
1227	1227	0.9951114409283131
1227	1569	0.001302082797852425
1228	3	0.000479950881034681
1228	336	0.001019010034094398
1228	590	0.0008322998252777612
1228	810	7.565156830478586e-05
1228	884	3.816475408618802e-06
1228	1228	0.9955309559935671
1228	1639	0.002058315222312539
1229	321	0.0004898902354531862
1229	611	0.0007390835056076864
1229	684	0.0004242663453548344
1229	809	0.0001366906818834079
1229	916	0.0005502595129086007
1229	1229	0.9962816838381885
1229	1360	0.0007556218303662125
1229	1718	0.0006225040502375718
1230	260	0.0002198071011128057
1230	365	0.001064173016412642
1230	393	0.0005139174860971644
1230	845	0.0003937704059623892
1230	1230	0.9960678679870441
1230	1292	0.0004838770109830755
1230	1297	0.0008243218092510895
1230	1685	0.0004322651831367896
1231	125	0.006208203388503641
1231	501	0.001423006911129014
1231	1231	0.9923687897003673
1232	118	0.001203386304181694
1232	201	0.0009627275366857333
1232	443	0.0006346527155669763
1232	709	0.002091814935989306
1232	1232	0.9951072419869889
1232	1725	1.765205874376513e-07
1233	268	0.002510990370462535
1233	1162	0.001936234445107654
1233	1233	0.9952097548113856
1233	1414	0.0003430203730442426
1234	345	0.0001872958651826325
1234	411	0.0007794263573628545
1234	670	0.001750344568783159
1234	1234	0.9950381333071951
1234	1289	0.001833074763091716
1234	1757	0.0004117251383844581
1235	92	0.001094483734942849
1235	330	0.0007014424433881502
1235	417	8.404110082271644e-05
1235	1181	0.0007371816042960883
1235	1235	0.996568746394903
1235	1241	0.00077287076517408
1235	1784	4.123395647316208e-05
1236	384	0.0009526304064476714
1236	413	0.001570062137376104
1236	813	0.0007765086062753297
1236	1236	0.9945923608708671
1236	1362	0.0003457426972408123
1236	1386	4.077446531420741e-08
1236	1706	0.001762654507327528
1237	300	0.002499025554294465
1237	1197	0.003419326771124969
1237	1237	0.9927337497469837
1237	1288	0.0005271123137584191
1237	1396	0.0008207856138383495
1238	68	0.0006316565137204986
1238	626	0.001332169266893011
1238	877	0.0004320101688094005
1238	1194	1.032823431874961e-10
1238	1238	0.994888839311645
1238	1311	0.001379139783608832
1238	1321	0.001336184852041021
1239	93	0.001105470281484262
1239	412	0.0005440017604925141
1239	829	0.001251706308333516
1239	1176	4.003720179543333e-08
1239	1239	0.9969949348848529
1239	1255	0.0001038467276349685
1240	90	0.0001993823000660838
1240	329	0.0007956332022800328
1240	810	0.0007986529303715148
1240	867	5.877712265174884e-09
1240	1188	0.0001769343746527745
1240	1240	0.9955824197282969
1240	1277	0.000772794926752147
1240	1717	0.001674176659868234
1241	92	0.0007071690810152471
1241	417	0.0001942154910936116
1241	467	0.000579704207878556
1241	1058	2.052675187221086e-08
1241	1235	0.000798712042003515
1241	1241	0.99676486088315
1241	1300	0.0002988221642758366
1241	1886	0.0006564956038314456
1242	253	0.0007150597540361858
1242	299	3.481346144817095e-07
1242	328	0.00706317460252839
1242	1242	0.9887899706935652
1242	1260	0.001096438484550781
1242	1261	5.989036655846273e-07
1242	1558	0.002329366274422856
1242	1570	5.043152616676492e-06
1243	131	0.0002304776415746082
1243	363	0.0005732353587603156
1243	506	0.002037121573797397
1243	1185	0.0006609944606767667
1243	1243	0.9963547221668563
1243	1278	2.165225249174901e-05
1243	1339	0.0001217965458429206
1244	75	0.004337732150677271
1244	480	0.0005822389941816326
1244	659	0.0001996485699522676
1244	1001	4.333481624209002e-05
1244	1244	0.9929074607705833
1244	1375	0.001909234661517386
1244	1678	2.035003684596374e-05
1245	2	0.001217243596437708
1245	324	0.001258518960285537
1245	599	0.0009503665823771016
1245	1245	0.9958759812294439
1245	1440	0.0006978896314558161
1246	148	0.001695090377535048
1246	297	0.005490906024681807
1246	910	0.007405219853159717
1246	975	0.0004689287496599234
1246	1246	0.9845748722448996
1246	1301	0.0003648695863642034
1246	1538	1.131636996962194e-07
1247	199	0.001275284369489069
1247	746	0.001541446714732848
1247	849	0.0004316815090027382
1247	1000	0.0001249209143978205
1247	1128	0.0002209866257989361
1247	1247	0.9964056798665786
1248	95	0.001246671788592836
1248	346	0.002181283416917517
1248	1184	0.001668796169922261
1248	1248	0.9948000520757612
1248	1262	0.0001031965488061717
1249	291	0.002896109238659868
1249	596	5.464700197752876e-05
1249	1249	0.9956701437780617
1249	1269	0.0009304011240859448
1249	1800	0.0004052557633702949
1249	1844	4.344276128920164e-05
1249	1898	3.325555468909268e-10
1250	94	0.0005224996886808699
1250	343	0.001464801507630422
1250	663	0.001071753591312839
1250	720	0.0005191475536192252
1250	905	0.0008807366329322611
1250	1250	0.9952712839687333
1250	1275	0.0002697770570910709
1251	138	0.003328262152966302
1251	387	0.0001761076154621395
1251	551	0.001806576748320194
1251	1251	0.9922300581627563
1251	1389	5.879271554848474e-05
1251	1426	0.002400202604946479
1252	288	1.597144539311328e-06
1252	410	0.003087853191366881
1252	554	0.004568314526190387
1252	760	0.002235235399281593
1252	1020	0.002087710986008965
1252	1252	0.988017084051875
1252	1302	2.204700737870321e-06
1253	334	0.00343171035349631
1253	398	0.0005231254286581611
1253	483	0.0006658858589030971
1253	1041	3.455927258447635e-07
1253	1253	0.9953789327662166
1254	361	4.464275424464448e-06
1254	1254	0.9959281309910033
1254	1499	0.001639746458768586
1254	1506	0.001974473643653816
1254	1732	0.0004531846311498431
1255	412	0.001173492599497407
1255	429	0.0004949899583748615
1255	1165	0.0006016112070756842
1255	1239	0.001148415399277727
1255	1255	0.9965814908357743
1256	44	0.0001560613879223953
1256	601	0.001042492737677909
1256	1256	0.993648852261909
1256	1324	0.001892772947562671
1256	1417	2.745220410965953e-06
1256	1620	0.0005190821764872301
1256	1655	4.058859703465509e-09
1256	1705	0.00141993464179517
1256	1779	0.00131805456737499
1257	153	0.001471852172041165
1257	393	0.0009868168812345287
1257	576	0.0002303407197608646
1257	640	0.001734678465172448
1257	928	0.0003872226833062951
1257	1216	0.0003848954737712409
1257	1257	0.9948041290241676
1257	1685	6.458054585775278e-08
1258	89	0.001556471587429291
1258	303	0.0005832643313530391
1258	937	0.001834424185454837
1258	1258	0.9960258398957629
1259	283	0.0001980223162181033
1259	513	0.0003226456111475304
1259	537	0.0009869002522590389
1259	1259	0.9975358910440931
1259	1399	2.925932949730206e-05
1259	1448	0.0009272814467848822
1260	328	0.003854919271568489
1260	921	0.000231954437495395
1260	932	0.007434184921559269
1260	1226	0.006482185613511707
1260	1242	0.0003157643586198919
1260	1260	0.9793312623515101
1260	1261	0.0006814095100988111
1260	1426	0.001668319535636409
1261	10	0.001019691420494899
1261	299	0.01197735616183763
1261	555	0.002230394407467915
1261	921	0.002838696831748256
1261	1260	4.092075244337844e-05
1261	1261	0.9818929404260079
1262	95	0.002585856314409674
1262	361	0.0003712384210153156
1262	765	0.001209800086252271
1262	1248	0.0007783500918749711
1262	1262	0.9950547550864479
1263	4	0.0005745460909524307
1263	314	0.0002126595029017714
1263	770	0.000837751902194463
1263	960	0.001182155512212091
1263	1173	3.346594345571959e-09
1263	1263	0.9966582433617214
1263	1330	0.0005346402834235679
1264	306	0.0005779555516816422
1264	961	0.002033128610939019
1264	1264	0.9968898095572974
1264	1483	0.0002675814098869812
1264	1573	0.0002315248701948653
1265	332	2.048538384208229e-05
1265	405	0.0004467653039791618
1265	1186	0.0003951698036435145
1265	1265	0.9955085127825603
1265	1325	1.476069896438753e-05
1265	1963	0.003614306027010582
1266	14	0.0007112659860899437
1266	244	0.0006876667441188755
1266	647	0.0003108376133511285
1266	673	0.0002148224577709327
1266	1166	0.0004497858518314751
1266	1266	0.995910257727577
1266	1710	0.001715363619260589
1267	85	0.0008395928462178216
1267	342	0.001710903446167559
1267	952	0.0006030452207786905
1267	1183	4.583018028085205e-06
1267	1224	8.039126634058097e-06
1267	1267	0.9967881580825237
1267	1387	4.567825965008338e-05
1268	180	0.0001705937772561323
1268	364	0.0002608002286115735
1268	653	0.00123289966218947
1268	833	0.001558735604794853
1268	1268	0.9957574867290051
1268	1295	0.0002529545923713551
1268	1455	0.0007665294057714765
1269	291	0.0009549566027558614
1269	442	0.0005510036784473601
1269	1269	0.9971090976087195
1269	1314	0.001287558509699789
1269	1587	1.901179165186779e-09
1269	1800	9.738169919833201e-05
1270	1	0.0006305836812531073
1270	169	0.002005047204774358
1270	485	0.0008613757775150368
1270	969	0.002786310662313691
1270	1270	0.9907130836512932
1270	1437	0.003003599022850652
1271	108	0.0006086531644705358
1271	438	2.579189692759727e-27
1271	574	0.00124534262524033
1271	1271	0.9939869180765915
1271	1302	2.951382183538673e-08
1271	1754	0.0001219284760950767
1271	1822	0.00403712814378077
1272	39	0.004862587101491738
1272	578	0.001210371536023033
1272	588	0.0006623513280304378
1272	1272	0.9929880294742536
1272	1282	0.000276606006765896
1272	1667	5.455343530493786e-08
1273	54	0.001519758235511705
1273	317	0.0002656958848752537
1273	521	0.002377981497108869
1273	1175	0.0008955093240626784
1273	1273	0.9935925000734289
1273	1565	0.0004486379726789033
1273	1660	0.0008999170123337576
1274	120	0.0009236735318816848
1274	315	0.002074710287427177
1274	594	0.000563371666618599
1274	701	0.0004455360531884965
1274	1274	0.9959926751282908
1274	1365	3.333259339336518e-08
1275	94	0.001361358216738165
1275	327	0.0001957180380382522
1275	905	0.001174970516414353
1275	981	0.0002310120565993132
1275	1250	0.0008871163861051655
1275	1275	0.9961498247861047
1276	345	0.001132595386955798
1276	416	1.430205101325028e-05
1276	513	0.001355689431754855
1276	1276	0.9971206344448553
1276	1399	0.0002675592847840238
1276	1400	0.0001091994732489372
1276	1789	1.992738764550318e-08
1277	90	0.002025619839247105
1277	336	0.001125283936589289
1277	590	1.925369730133587e-09
1277	690	8.769286875492059e-06
1277	810	0.000296344355302248
1277	1240	0.001113161440593133
1277	1277	0.9940999268938904
1277	1281	0.00128580774054484
1277	1717	4.508458158782607e-05
1278	15	0.0001530729510212937
1278	363	0.002310015000648124
1278	1243	0.001047965681782589
1278	1278	0.9959253811858868
1278	1339	0.0005635651806611868
1279	352	0.001423005106932635
1279	368	0.002144324952998658
1279	1220	0.001951049209518832
1279	1279	0.992736871083859
1279	1921	0.001744749646690931
1280	281	0.002327781563345918
1280	344	0.0003203836208077733
1280	586	1.409508626822557e-27
1280	854	3.730913400258925e-07
1280	925	0.0001023203484878962
1280	1280	0.9952706679646351
1280	1799	0.0006634580579982355
1280	1818	0.001315015353385003
1281	90	0.0002352219263214125
1281	269	0.001313054967047483
1281	336	0.000444228432302464
1281	690	0.0004203542537836026
1281	884	0.0008517796006820046
1281	1057	0.0007057933521452805
1281	1277	0.001084141463093215
1281	1281	0.9949454027059489
1281	1529	2.329867565004862e-08
1282	578	0.003006992328181664
1282	791	0.0002462048989009864
1282	1272	0.001453662769039227
1282	1282	0.9939228162171911
1282	1880	0.001370323786686949
1283	140	0.0003519238284337568
1283	727	0.001177026919282402
1283	743	0.001000953385141479
1283	976	0.0008263081531326899
1283	1105	0.0005647448131806538
1283	1211	0.0004845542413216577
1283	1283	0.9940699708530171
1283	1803	0.001524517806490272
1284	253	0.003544494789931486
1284	742	0.0002993655674125588
1284	921	0.002681264011015364
1284	1284	0.9934427590045005
1284	1637	3.211662714008777e-05
1285	64	0.001817844211242075
1285	331	0.0002573959477167031
1285	933	0.001634313869936006
1285	1285	0.9936980508507723
1285	1389	0.0003058312940807272
1285	1543	0.001268444674561245
1285	1914	0.001018119151690955
1286	106	8.966691364567052e-05
1286	187	0.001973670892336199
1286	402	0.0008082990574827367
1286	939	0.001044945200810865
1286	1286	0.9950463407747885
1286	1839	0.001037077160936003
1287	311	0.001472909779839307
1287	699	0.0003312228475564522
1287	937	0.0002764330501152225
1287	1000	0.0005307187149837686
1287	1152	0.001026334204414077
1287	1287	0.9963623814030912
1288	300	0.0007561939522423514
1288	325	0.0008091064131255077
1288	984	0.00135887689481098
1288	1222	0.001755426869050863
1288	1288	0.9953203958707703
1289	170	0.001853102269194455
1289	670	2.891596306962185e-07
1289	1234	0.000737153178452056
1289	1289	0.9961681270282622
1289	1757	0.001042972157926156
1289	1789	0.0001983562065343611
1290	325	0.001674615803385681
1290	661	0.001384458897867239
1290	1184	0.0008045291174578259
1290	1202	0.0003232941195498566
1290	1290	0.9958131020617395
1291	130	0.001908252776621664
1291	395	0.0002772153575603834
1291	542	0.001558187884213398
1291	627	0.0002021426491251638
1291	914	0.001087306777311749
1291	1291	0.9945011037345848
1291	1403	1.334622072278901e-09
1291	1663	0.0004657894859608174
1292	69	0.0009163055126338544
1292	365	0.001332684817000496
1292	845	0.0004742975857765028
1292	915	2.943645326501276e-05
1292	1230	0.0002359513487339905
1292	1292	0.995640409973489
1292	1305	0.001370914309101055
1293	306	0.0002881472615629335
1293	1124	0.001820273651228205
1293	1293	0.9952210367792413
1293	1332	4.482232331338491e-10
1293	1711	0.002670541859744295
1294	126	0.003193892704650766
1294	349	0.000338186503913664
1294	1221	0.001103982096377208
1294	1294	0.9949917894656265
1294	1353	0.0003721492294318779
1295	180	0.001362086907346202
1295	364	0.0008577417877902081
1295	858	0.0002510232219095344
1295	1147	0.0009501806413504237
1295	1268	0.001218071705613332
1295	1295	0.9953608957359903
1296	139	0.001026532652454432
1296	512	0.0005660580917821071
1296	835	3.244762847142933e-05
1296	1296	0.9968605084479034
1296	1590	1.765994274462634e-07
1296	1642	0.000608483663543024
1296	1666	0.0009057929164181632
1297	97	0.00138261464352768
1297	365	0.001379384840032528
1297	393	0.0003734392158358582
1297	640	0.000734374955044094
1297	1230	0.0006743640297861573
1297	1297	0.9950547224835454
1297	1439	0.0004010998322281982
1298	147	0.0003537502589285702
1298	424	0.0008524749544278827
1298	504	0.0001458598597070715
1298	634	0.001373938466912501
1298	1298	0.9967662257818414
1298	1364	0.0005077506781826442
1299	380	0.001905403710310913
1299	547	0.002326329869498537
1299	1129	0.001562157859716547
1299	1299	0.994206108560474
1300	417	0.0004932245654404632
1300	467	0.001031091313615212
1300	1241	0.0007155644972179927
1300	1300	0.9963418343670249
1300	1521	0.0001544533369813823
1300	1535	5.635811291166842e-09
1300	1682	0.001044341453568062
1300	1722	0.000219484830340753
1301	297	0.003849339873610498
1301	369	0.001598664368914286
1301	523	1.953858225304065e-08
1301	975	0.001345751181824254
1301	1115	0.002025872763297504
1301	1246	0.0004985385318899356
1301	1301	0.9904631559547479
1301	1307	0.0002186577871333509
1302	108	0.00304254575234882
1302	438	0.00240570784407661
1302	1020	0.0005625380433899906
1302	1252	2.144081039132374e-07
1302	1271	1.50894340412373e-26
1302	1302	0.9924199937375006
1302	1544	0.00067400110680325
1302	1754	0.0008949991077768489
1303	36	0.0004497894695683234
1303	464	0.009208904536276687
1303	738	0.0001967156642212913
1303	794	0.001106756361002969
1303	979	3.653529978810834e-08
1303	1303	0.9890063615122165
1303	1548	2.453653044932288e-05
1303	1688	6.899390965112136e-06
1304	290	0.0019194298262562
1304	359	0.0005293322313263178
1304	875	0.0008954937281453117
1304	997	0.001722516749614268
1304	1304	0.9942507118127938
1304	1322	1.215515625866686e-05
1304	1335	0.0006703604956054921
1305	69	0.0001679252228798757
1305	279	0.0002321823390962016
1305	353	0.000951660012052695
1305	365	0.0003127370076349527
1305	915	0.0009655073431659956
1305	1292	0.0005865378096774862
1305	1305	0.995067951012323
1305	1326	0.0007010894879758788
1305	1358	0.001014409765193882
1306	240	0.0003229906140157392
1306	279	0.0001422363052986332
1306	860	0.001280332586719756
1306	917	0.0005403937444779362
1306	946	0.001599862381710232
1306	996	0.001462517508389545
1306	1306	0.9946516668593881
1307	297	0.0007304258585022959
1307	406	0.001930264076786258
1307	689	7.558596991383949e-05
1307	1017	0.003603910892965435
1307	1115	0.00258456867321003
1307	1301	0.0002203320259792857
1307	1307	0.9902830510603134
1307	1546	0.0005718614423294478
1308	51	0.0002706694005992126
1308	124	0.0003188298905948658
1308	277	1.365058228592657e-26
1308	435	0.000528954694266383
1308	501	2.923560165504842e-08
1308	637	0.0008717354087259102
1308	1308	0.9966305304699138
1308	1626	0.00121442469728419
1308	1846	0.0001648262030140363
1309	99	0.001187072794375251
1309	416	0.001274106030040645
1309	1309	0.996383131951706
1309	1400	0.000354669244258472
1309	1517	0.0008010199796196433
1310	145	0.007087068322038805
1310	389	0.002373684230210779
1310	574	8.132687874690043e-05
1310	581	0.001852860898115197
1310	935	0.001708230061386006
1310	1310	0.982782926632953
1310	1831	0.004113902976549385
1311	265	0.0005763197949326428
1311	356	0.001429507171031055
1311	541	0.0007129060205603309
1311	877	0.0002684804211494146
1311	1238	0.0008769426654063113
1311	1311	0.9957200129524437
1311	1321	0.0004158309744765193
1312	165	0.0009759073924918319
1312	692	0.0006185025588680578
1312	931	0.0006285721281438026
1312	1312	0.9964265738831803
1312	1605	0.0006012920989929751
1312	1729	0.0004032126508971037
1312	1795	0.0003459392874258565
1313	41	0.002664236856691173
1313	360	0.002077870711043595
1313	1313	0.9923453007928595
1313	1347	3.107994543372757e-07
1313	1772	0.002912280839951404
1314	429	0.001122823220861897
1314	442	0.0006107391339278765
1314	1164	0.00015225119112014
1314	1314	0.9967938387068678
1314	1350	0.0008268104260018249
1314	1832	0.0004935373212204982
1315	81	0.001356170637764451
1315	481	0.0006241366523724023
1315	493	0.001045336234060698
1315	909	0.0001601101898146536
1315	1177	0.0002731381891758758
1315	1315	0.9954039452872894
1315	1351	0.0008688334781645798
1315	1611	0.0002683293313580467
1316	22	0.0001728886770465132
1316	330	0.001788733551495054
1316	977	0.0006691200163826983
1316	1316	0.9967231185561893
1316	1593	3.131393393880313e-05
1316	1784	0.0006148252649476273
1317	278	0.0007599757795841662
1317	333	0.001619091991656744
1317	900	0.00122565692502325
1317	955	0.001202742875852073
1317	1060	1.001045896644708e-05
1317	1317	0.9951825219689173
1318	129	0.002334857039584411
1318	463	0.001586159236842653
1318	468	4.795425361308334e-05
1318	1156	0.0009884014771039062
1318	1318	0.9950426279928559
1319	255	0.0009366922318768723
1319	446	0.005126399636163904
1319	728	9.106762973091731e-08
1319	1225	0.004502281373506499
1319	1319	0.989434535690823
1320	11	0.0003274559275388717
1320	313	0.002931802573668468
1320	644	0.0006255198310122336
1320	745	1.782456282362779e-05
1320	1209	0.0002583224279965498
1320	1320	0.9958390746769602
1321	171	0.0007240707555692322
1321	356	0.001055230091085484
1321	626	0.0006321443773841689
1321	665	0.0006830364985981581
1321	681	1.050184023585317e-08
1321	1238	0.00105620467886524
1321	1311	0.0005047840174672384
1321	1321	0.9953445190132534
1321	1614	6.593681136426478e-11
1322	79	0.0003063520311249233
1322	290	0.001227144812263907
1322	357	0.0004504848588994195
1322	930	0.001045643884545883
1322	997	0.0004420333507068138
1322	1215	0.0002935951028966193
1322	1304	9.401191945056743e-05
1322	1322	0.9942007766890749
1322	1378	0.001939957351036895
1323	162	0.0001584137250788352
1323	339	0.0007213644699518425
1323	616	0.0008540889267370294
1323	628	0.001807780034423193
1323	968	0.001844974702254477
1323	1323	0.9946131965701019
1323	1508	1.815714527053776e-07
1324	601	0.000109493150819676
1324	1256	0.002502568399812938
1324	1324	0.9947534687382336
1324	1620	0.001178752787386639
1324	1705	5.324160529807138e-05
1324	1779	0.001402475318449028
1325	405	0.0007892127829030034
1325	426	0.00118686785851629
1325	1265	6.858266519486167e-05
1325	1325	0.9959171315662962
1325	1394	0.000200180996384014
1325	1395	0.0009686923584070683
1325	1963	0.0008693317722985924
1326	353	0.0020314597347703
1326	365	0.001053225241488712
1326	1297	1.770592001307691e-07
1326	1305	0.0005335129927890225
1326	1326	0.9944773136268091
1326	1439	0.001044471118193764
1326	1460	0.0008598402267489862
1327	29	0.002940109373792401
1327	354	0.000918706767451173
1327	873	0.001989391674391173
1327	1196	0.001158402426467619
1327	1327	0.9929933897578976
1328	160	0.001457967877913353
1328	630	2.516759869017655e-07
1328	666	0.0007473534789013371
1328	1328	0.995094732639077
1328	1792	8.890550644027886e-05
1328	1821	0.0008187258020219559
1328	1823	0.0006796316419245361
1328	1884	0.001112431377734807
1329	93	0.000609809168900345
1329	412	0.0006565656710841752
1329	449	0.0002129421758162978
1329	1329	0.9957789292541631
1329	1334	0.000895886680863
1329	1352	0.0007938014824515208
1329	1388	0.0001264410544369385
1329	1434	0.0009256245122844866
1330	4	0.0001884689374263328
1330	314	0.0006242183645293734
1330	419	0.0003482814310085451
1330	652	0.0007554683503541112
1330	1263	0.0007248797948487854
1330	1330	0.9973266680975497
1330	1380	3.201502428317204e-05
1331	317	0.002379742393211806
1331	491	1.331807708452782e-09
1331	941	0.001630258962447847
1331	1108	0.0008090487196395984
1331	1331	0.9951809485928931
1332	306	0.001223154161199322
1332	418	0.0001971169298418243
1332	1264	0.001478946996083177
1332	1293	1.540834594350185e-08
1332	1332	0.9966768317267174
1332	1567	3.584163595226096e-09
1332	1573	0.000423931193648731
1333	381	0.001135513911003426
1333	1129	0.001277184097409158
1333	1299	0.002321887573967392
1333	1333	0.994093835458895
1333	1414	0.0005638930896694483
1333	1564	0.0006076858690557158
1334	93	0.0006232017796599176
1334	405	0.001025767362306127
1334	449	0.001077921750124984
1334	1186	0.0002544053648755155
1334	1329	0.0006980027676651959
1334	1334	0.9963206943843764
1334	1434	6.590991863539478e-09
1335	359	0.0004036732320417579
1335	875	0.001677260192608468
1335	1304	0.001401748119937782
1335	1335	0.9950617731332023
1335	1652	0.0008710162317297569
1335	1840	0.000584529090479945
1336	67	0.00117902113105679
1336	174	0.0004503774670250208
1336	594	0.002735942601406451
1336	1131	0.0004010812626822722
1336	1199	8.833579115424015e-08
1336	1336	0.9952334892020384
1337	109	0.0006456949490784391
1337	403	0.000343759645511889
1337	615	0.000477399702321228
1337	1337	0.9956194721287576
1337	1470	0.0006641709803868436
1337	1617	0.001266309948784545
1337	1699	0.0009831926451595134
1338	180	0.0008475834603589819
1338	343	0.0004285824510666511
1338	905	0.000405614074942118
1338	999	0.001549187446235346
1338	1147	8.551065272001035e-05
1338	1338	0.9959775024441001
1338	1346	0.0007060194705767743
1339	131	0.001046753749523979
1339	334	0.0002204162421542675
1339	1243	0.001398594241796674
1339	1278	0.0003991747985788559
1339	1339	0.9968195540066859
1339	1463	0.0001155069612604057
1340	88	3.652848400760198e-07
1340	216	1.057199558905896e-05
1340	281	0.001067865284372082
1340	534	0.000288872861643305
1340	892	0.001271161905092775
1340	925	0.001566323181515769
1340	1340	0.995410813728661
1340	1775	0.0003840257582859125
1341	84	0.0002813476512487892
1341	430	0.002438024109623128
1341	1341	0.993068599196733
1341	1382	0.0038875762843866
1341	1505	0.0003244527580085251
1342	358	0.00136814139052339
1342	1342	0.9985350258614204
1342	1903	9.683274805619877e-05
1343	294	0.001322697744993606
1343	532	9.877857630635228e-06
1343	676	0.001575777558456151
1343	1098	0.0004761529100626913
1343	1343	0.9963952417792968
1343	1728	0.0002202521495602299
1344	18	0.00117055138909382
1344	340	0.002082910753283081
1344	625	0.001415992494287123
1344	899	8.125600842727831e-05
1344	1100	2.45410594633196e-05
1344	1171	0.001935222157939211
1344	1344	0.9918980527014692
1344	1752	0.0007844498613969464
1344	1918	0.0006070235746400683
1345	110	0.0004761246496965586
1345	396	0.0004237398541472583
1345	415	0.0002555153765703535
1345	1174	0.0003695577906286077
1345	1345	0.9973391949635459
1345	1412	0.0007525563365256644
1345	1501	6.052398217565896e-05
1345	1721	0.0003227870467098422
1346	343	0.0003081781461756036
1346	562	7.613869226936634e-05
1346	999	0.0006320887942695502
1346	1338	0.0002638517320526993
1346	1346	0.9965303835319701
1346	1407	0.0008602613088484409
1346	1712	0.001329097794414264
1347	360	0.0001287440875013601
1347	475	2.544882876971185e-05
1347	841	6.942714257008401e-05
1347	1143	0.0001454928270283334
1347	1313	0.001159244014417421
1347	1347	0.998471643099713
1348	228	0.0002045191745067901
1348	370	0.0009149518577503904
1348	404	0.001115900272575804
1348	843	0.001673634665189655
1348	1348	0.9937536878766736
1348	1451	0.00135713408346183
1348	1504	0.0009801720698419517
1349	32	0.0004932948249082501
1349	684	0.00063358218308384
1349	697	0.001020784582019459
1349	1349	0.9961057808673363
1349	1606	0.0003606836027631583
1349	1621	1.772692616838462e-08
1349	1622	0.0003391451477534898
1349	1848	0.001046711065209346
1350	104	0.00100819149791249
1350	429	0.000678660178520675
1350	442	0.0004604541677040799
1350	619	0.00017205278538752
1350	1314	8.093202157908396e-05
1350	1350	0.9968979632304773
1350	1388	0.0007017461184188835
1351	128	0.001997710355081861
1351	481	0.0007494344023648876
1351	493	5.701296639228873e-05
1351	495	0.0001438003330960147
1351	741	0.0001982714707847079
1351	1315	0.0009415188012396431
1351	1351	0.9948555082882913
1351	1611	0.001056743382749255
1352	104	0.0003175683815661737
1352	374	0.0003855406551964385
1352	412	0.000109028022973626
1352	1097	0.0004440074547640851
1352	1329	0.0008480762467578445
1352	1352	0.9966708585257426
1352	1388	0.0007328622768985626
1352	1434	0.0004920584361006339
1353	349	0.0005143668382398205
1353	1054	0.000293455387716067
1353	1221	0.0008162851283327759
1353	1294	0.0002424904029527061
1353	1353	0.9958806313805042
1353	1381	0.0008503035484700852
1353	1493	0.001402467313784365
1354	100	0.001547716246191179
1354	346	0.001642816776671705
1354	1237	0.001104702318039305
1354	1354	0.9933043087893538
1354	1396	0.00240045586974417
1355	25	0.002048139860733761
1355	433	4.33042908519197e-08
1355	530	0.001015269032259901
1355	1355	0.996099388127025
1355	1518	0.000358634339563667
1355	1817	0.0004785253361268514
1356	362	0.00144332846799883
1356	561	0.0006783885740633233
1356	1201	0.0009618235610946673
1356	1356	0.996191377503198
1356	1677	0.000725081893645227
1357	242	0.001404980222106711
1357	314	0.0006519266987081178
1357	960	0.001945282332570731
1357	1043	0.0007287138225034632
1357	1357	0.995269096924111
1358	279	0.002153757278532316
1358	353	0.0006453211302053197
1358	915	0.0001236428781815489
1358	996	0.0003344699291310662
1358	1305	0.0005758771713767598
1358	1358	0.9940672378387321
1358	1410	0.001312264880593697
1358	1462	0.0007874288932471956
1359	14	1.254381101209615e-07
1359	205	0.0008442660790099885
1359	326	0.0003029288424477921
1359	679	0.0005568507399368468
1359	896	0.001501178149109031
1359	929	7.766842258222922e-05
1359	1359	0.995778230828228
1359	1377	0.0009387515005760394
1360	684	0.001314383101165626
1360	714	9.159211565717636e-09
1360	1229	0.0006425794607083746
1360	1360	0.9957641523147585
1360	1606	0.001298789909855822
1360	1718	0.0001751762968628546
1360	1730	0.0008049097574374198
1361	278	0.0005918962301040725
1361	341	0.002233863538913342
1361	900	0.001382714737157497
1361	973	0.001187336668432179
1361	1361	0.9946041888253929
1362	384	0.0008701017660837846
1362	413	0.001065833121942347
1362	648	0.002114376467121698
1362	1054	0.002932443055086411
1362	1236	0.0005613081505101762
1362	1362	0.9924559374392555
1363	90	0.0004647953558425957
1363	337	0.001151806657774827
1363	421	0.0008127537903047635
1363	646	4.85234842398137e-08
1363	690	0.0001605728400899415
1363	867	0.001417201961681053
1363	1027	2.662823642887919e-09
1363	1050	0.0008472428527956463
1363	1363	0.9951455753552033
1364	101	0.0009650653895168757
1364	424	0.0004301496274286994
1364	478	0.0003305776161481997
1364	504	0.0002739386612755124
1364	1298	0.0004969629146233973
1364	1364	0.997462529055658
1364	1432	4.063929625607496e-05
1364	1489	1.374390932234923e-07
1365	120	0.004629386163599158
1365	480	0.001096315649541764
1365	1274	4.279593775891348e-11
1365	1365	0.9926747488528984
1365	1449	0.001599549291164732
1366	211	0.001665222350453341
1366	382	0.0001531080536196425
1366	608	0.0002777632489991454
1366	705	0.0005016431075238483
1366	947	0.000506533587416804
1366	1366	0.9968739954636971
1366	1384	2.173418829015516e-05
1367	167	0.0004975956650816334
1367	441	0.002039968852211158
1367	1367	0.9962928279679041
1367	1523	0.001169607514803076
1368	43	0.001116692881948939
1368	403	0.0005407024481233206
1368	526	0.0007045433249423624
1368	546	0.0004249427848705062
1368	911	2.55273877951705e-05
1368	1368	0.9957833075118515
1368	1617	0.0005048926130042135
1368	1694	0.0008993910474639268
1369	188	0.001798793088140497
1369	366	2.510542681285919e-05
1369	436	0.0006942675641664787
1369	716	0.0001624738529078019
1369	761	0.001407662908879099
1369	1010	0.0006504370445125118
1369	1044	0.003857874879481458
1369	1369	0.9914033852350993
1370	355	0.002220904958665153
1370	1039	0.0004712829174582456
1370	1155	8.256886286542417e-06
1370	1370	0.9889335567496804
1370	1515	0.008365998487909664
1371	224	0.00342140450190536
1371	305	0.0001365473046340317
1371	1055	0.0009874382561764047
1371	1371	0.9954546099372842
1372	123	0.004433675413872597
1372	375	0.001957378461166557
1372	494	0.0002087034143990583
1372	552	0.0006544359714375768
1372	1372	0.9927457484570832
1372	1443	5.828204094190797e-08
1373	10	0.005618816778904824
1373	371	0.0008068943134461364
1373	1284	0.001699662413412714
1373	1373	0.9890239698549227
1373	1562	0.002850656639313627
1374	7	0.0005053073364498527
1374	186	0.0009196757639765981
1374	512	0.001322317767799466
1374	579	0.0005913817387306477
1374	653	0.0002089496420080522
1374	1374	0.9964523677510354
1375	75	0.001548830723492345
1375	463	0.003268786607064686
1375	1375	0.9933033863327524
1375	1453	2.772727665276559e-07
1375	1734	0.001878719063923998
1376	175	0.00189437062684159
1376	316	0.001144855563792849
1376	570	0.0009482407914986442
1376	636	0.002568046833678139
1376	1376	0.9920110603558441
1376	1780	0.001433425828344681
1377	14	0.001111816008812385
1377	326	0.0005316941585151028
1377	896	0.0001620847742894265
1377	972	0.0005311685374321574
1377	1359	0.0006956402931346028
1377	1377	0.9962267965095883
1377	1465	0.000740799718227921
1378	79	0.001499090895283514
1378	357	0.0003939141684600281
1378	618	3.680635220698808e-08
1378	930	1.803812444140971e-07
1378	987	1.742411741532527e-07
1378	1322	0.0008581848184158097
1378	1378	0.9941116175708891
1378	1457	0.0004044116159619984
1378	1860	0.002732389502218741
1379	78	0.001280885119027581
1379	265	0.0007681815667424204
1379	541	0.001775192792959088
1379	926	0.0002639533762312476
1379	994	0.0002562876125607437
1379	1026	2.569550933616617e-07
1379	1379	0.9956552425773856
1380	4	0.0008390630837287037
1380	396	0.0002423015579198983
1380	419	0.0006640881988373691
1380	657	0.0002640361665549604
1380	1330	0.0005860878146080304
1380	1380	0.997166770163168
1380	1412	0.0002376530151829506
1381	384	0.001553269555725705
1381	981	0.001719653790394551
1381	1054	0.0006000178069675341
1381	1353	0.0003063670162474697
1381	1381	0.9937331775093285
1381	1386	0.001257352706900349
1381	1493	0.0008301616144357218
1382	296	0.003156460178913941
1382	430	5.660042548780268e-05
1382	676	0.002552492555355713
1382	1343	0.0001711244131851944
1382	1382	0.9940633224270574
1383	24	0.002502860643980526
1383	414	0.0005100402376726493
1383	489	0.001801928354441474
1383	1383	0.994755131522126
1383	1482	0.0004300392417793469
1384	133	0.0001166990590438922
1384	382	0.001210111504161989
1384	608	0.0007919955666110414
1384	1366	3.19445006865446e-05
1384	1384	0.9962864275398466
1384	1469	0.0002371796993726909
1384	1629	0.001325612903455079
1384	1634	2.922682207474693e-08
1385	376	0.001497812228988517
1385	664	6.916706562665967e-06
1385	1021	0.0006051324162269858
1385	1130	1.518521914470338e-08
1385	1385	0.9968020463728524
1385	1797	1.418900778645311e-05
1385	1808	0.000587724811461791
1385	1861	0.000486163270901989
1386	94	0.001723276783545863
1386	384	0.0005065184728174321
1386	720	4.885868604673762e-08
1386	813	0.00217044032613606
1386	981	0.001108390442018488
1386	1381	0.0002542204688006915
1386	1386	0.9942371046479954
1387	85	0.0007353824204128903
1387	308	0.000667002605522106
1387	952	0.001084363143250452
1387	982	0.0005202213813214899
1387	986	4.599153244921209e-05
1387	1267	1.059293746669459e-05
1387	1387	0.996762764719141
1387	1788	0.0001736812604361546
1388	104	0.0006968881431873067
1388	412	0.001014070442113894
1388	429	0.0003134684723788639
1388	1329	0.0002195750531971274
1388	1350	0.000342195287136712
1388	1352	0.0008671731312427765
1388	1388	0.9965466294707434
1389	138	0.001381273582138428
1389	307	6.873741803720074e-05
1389	331	0.0002568606332349416
1389	555	0.0006159677896286683
1389	1251	0.0001505676748793877
1389	1285	0.0001384847038858705
1389	1389	0.992181663264556
1389	1914	0.005206444933639389
1390	192	0.0009481799058810222
1390	472	0.003091504372025448
1390	540	0.001070339589257513
1390	567	0.0003230600357747037
1390	1390	0.9932376543730052
1390	1560	2.719035112648147e-07
1390	1701	0.001328989820544891
1391	87	0.005992707943047924
1391	309	1.675332204736194e-09
1391	324	0.002531666216354161
1391	1212	0.002285899805347943
1391	1391	0.9848475630307261
1391	1461	0.004342161329191719
1392	287	0.0005364144496786317
1392	370	0.001047005193225065
1392	864	0.0009830083755234748
1392	1016	5.223594444037268e-05
1392	1029	1.799992928249612e-05
1392	1047	0.001510656982532217
1392	1392	0.9958526791253177
1393	107	0.003284576476697655
1393	723	2.457277825125729e-28
1393	731	0.001452785397797053
1393	1393	0.9936786698957556
1393	1431	0.0001978033709927281
1393	1486	0.001386164858756955
1394	105	0.0006824518599075007
1394	347	0.0009492305358397525
1394	426	0.001414161455715198
1394	1145	0.0007445122563375677
1394	1325	0.0002819597366125718
1394	1394	0.9943473181979107
1394	1395	0.001389094300746657
1394	1447	0.0001912634257238459
1394	1852	8.231206246704757e-09
1395	105	0.0001851095287345729
1395	405	0.001193567568062277
1395	426	2.710956255217646e-05
1395	449	0.001202116262286859
1395	1325	0.0009930858466376279
1395	1334	1.380854301578822e-07
1395	1394	0.001303557746910604
1395	1395	0.9950953153993857
1396	367	0.002629718890120078
1396	872	0.001070968496020773
1396	1197	0.001909146237253196
1396	1237	0.0003514601669272313
1396	1396	0.9940387062096787
1397	654	0.001353733479013833
1397	812	0.00121686735885034
1397	1109	0.00110936074871367
1397	1397	0.9962527356918851
1397	1727	6.730272153708565e-05
1398	106	8.260508730582179e-05
1398	270	0.001164602846029641
1398	402	0.0003057962976944626
1398	527	0.001838049559733445
1398	1037	0.0004908456135998762
1398	1398	0.9934906229097196
1398	1839	0.002627477685917151
1399	52	0.001751508877581931
1399	513	0.001070770092660498
1399	1259	1.582006696228305e-05
1399	1276	0.001288820328056471
1399	1399	0.9958730802400331
1399	1517	3.947058740195986e-10
1400	99	0.0002966225786357931
1400	345	0.0007788576421886114
1400	411	0.0005665056694790733
1400	1276	0.0003845548968815917
1400	1400	0.997973459212815
1401	388	0.002242399388652662
1401	645	0.0001118274570285919
1401	797	0.001998168286976064
1401	885	6.633094025779457e-06
1401	1401	0.9953462924740144
1401	1416	0.0002946792993025201
1402	97	0.00203947043499025
1402	338	0.0008114317791085211
1402	640	0.0001304739677411493
1402	928	0.001452221206067538
1402	1402	0.9936398738077908
1402	1421	0.001439649536621598
1402	1502	0.0004868792676800652
1403	130	0.00144345016455401
1403	470	0.001263608953957599
1403	542	0.0008071876891010789
1403	710	0.000794313441801848
1403	1291	2.669475992023723e-07
1403	1403	0.9955794057941204
1403	1610	0.0001117670088658633
1404	5	0.0005833122375652463
1404	380	0.001687123549378105
1404	547	0.0008233880329605637
1404	687	0.00105836280769895
1404	1227	0.002590556056296898
1404	1404	0.9932572573161003
1405	202	0.0002011025939774444
1405	378	0.001712715703851298
1405	791	0.0005471488391291592
1405	1282	0.004370197607822045
1405	1405	0.99316883525522
1406	400	0.001403619750783422
1406	498	0.001626104542619195
1406	523	8.543134052202547e-08
1406	1406	0.9893832372199173
1406	1496	0.002173213553822312
1406	1538	0.002767889869978086
1406	1601	0.001766990596661022
1406	1624	0.0008788590348781157
1407	35	0.0008887305723536176
1407	343	0.0001756258010324716
1407	649	0.0008550233593972904
1407	663	0.0001989891258288398
1407	1346	0.0008958313909871617
1407	1407	0.9964923129488792
1407	1712	0.0004934868015214286
1408	66	0.001270029723918807
1408	558	0.0001003181099184852
1408	869	0.0003630405981150116
1408	940	0.002641060185291424
1408	1134	0.0002877445410552768
1408	1408	0.995337806841701
1409	12	0.0006464654580195367
1409	392	0.00384345672100508
1409	559	0.002432560523730557
1409	779	0.00248213636932928
1409	1409	0.9905953809279155
1410	15	0.001243847374008039
1410	279	0.0001956681729358667
1410	398	0.000339486137335702
1410	996	0.001840371217534913
1410	1041	0.000308724378277505
1410	1358	0.001065396258834127
1410	1410	0.9947353105760059
1410	1462	0.0002711958850678204
1411	96	0.0006882315509292598
1411	357	0.001601608594518431
1411	359	0.001090998756860693
1411	997	0.001274746678586238
1411	1411	0.9943306164282628
1411	1435	0.0002956685305491376
1411	1458	0.0007181294602934219
1412	110	0.0008577875689285181
1412	396	0.0003173009009600454
1412	419	0.0006527107553189135
1412	1345	0.0002577015742693318
1412	1380	0.0005370794725895963
1412	1412	0.9973774197279336
1413	407	0.001118163239948119
1413	488	9.501389820281857e-05
1413	823	0.0008565947057758255
1413	1413	0.9963629593440896
1413	1424	0.0006585196380023639
1413	1469	0.0009087491739813513
1414	322	0.0001327859112773055
1414	381	0.001441142777620514
1414	1129	0.0001722302162663965
1414	1162	0.002006134886279664
1414	1233	0.001092321812743175
1414	1333	0.0002845410667539623
1414	1414	0.994870843329059
1415	74	0.001687871796093021
1415	271	0.001128563238197718
1415	575	0.0008067503017381445
1415	802	0.001378902603739703
1415	803	0.002504717740811904
1415	949	0.0004037740346897229
1415	1415	0.9920894202847298
1416	409	0.001912638556089951
1416	797	0.0005845640175556256
1416	801	0.0001584065042752413
1416	1416	0.9962274136561595
1416	1438	0.0003891204453901706
1416	1770	0.000727856820529356
1417	454	0.007618209575947007
1417	943	0.001234824857454786
1417	983	0.0002778299108753667
1417	1256	4.777058154329566e-07
1417	1324	6.049700164769692e-07
1417	1417	0.9908680529798909
1417	1887	7.921990816965091e-28
1418	489	0.0002016492422649325
1418	517	0.0009219727667894698
1418	826	0.001594037658649276
1418	1418	0.9935801217539416
1418	1692	1.886873174154896e-08
1418	1732	0.003702199709623145
1419	101	0.0004109304837881799
1419	304	0.000382077994388335
1419	390	0.0005495586551684696
1419	982	0.0001634508225347595
1419	1419	0.9977247886810607
1419	1444	0.0001819624596285142
1419	1646	0.0005872309034309568
1420	48	0.0005990916769226009
1420	184	5.449744535385252e-09
1420	560	0.0004060961393563852
1420	692	0.0008432685868786694
1420	814	0.0002572594725043928
1420	1420	0.9963006055362794
1420	1674	0.0004679022992290198
1420	1729	0.001125770839085051
1421	97	0.0008688662617255256
1421	420	3.125274781686383e-05
1421	460	0.002801669603837249
1421	1402	0.0007186864460645727
1421	1421	0.9940057241497388
1421	1439	0.00152514728281249
1421	1510	4.865350800455305e-05
1422	176	0.0003271054807607594
1422	385	0.001794989051777139
1422	525	0.0007467412628934533
1422	723	0.0003678761061496779
1422	1025	0.001633758974168023
1422	1422	0.9938407566455203
1422	1431	0.001288772478730616
1423	376	0.000499413010802332
1423	415	0.001015196527043721
1423	1130	0.000377803614140273
1423	1423	0.9967660258583899
1423	1566	0.0001844975664519449
1423	1721	0.001157063423171897
1424	116	0.0005399100615360025
1424	407	0.001203383100460607
1424	488	9.375944860096786e-05
1424	1413	0.0005196570165862694
1424	1424	0.9964186031808877
1424	1535	8.900147982517053e-05
1424	1849	0.001135685712103351
1425	154	6.211518911452269e-05
1425	431	0.001236216915482388
1425	468	0.001064793755760463
1425	543	0.0001218612050105371
1425	1318	0.001860515113256213
1425	1425	0.9955131849662507
1425	1484	0.0001413128551250915
1426	387	0.002287521124715349
1426	551	9.031159078768326e-07
1426	932	0.006916577608707668
1426	1251	0.001819613244097676
1426	1260	9.128306908854718e-05
1426	1426	0.98881587442936
1426	1661	6.822740812287287e-05
1427	1136	0.002869701771933264
1427	1427	0.9937583838746864
1427	1539	4.576661301828018e-07
1427	1767	0.001909742189719131
1427	1904	0.001461714497530915
1428	122	1.66920641714837e-06
1428	150	0.0005685883421359252
1428	484	0.01268995066135752
1428	581	0.001545925065256893
1428	605	0.001967126474425328
1428	643	0.00246492902830076
1428	1428	0.9807616716959582
1428	1961	1.395261482628153e-07
1429	21	3.522486769415833e-05
1429	141	0.000872733339301285
1429	497	0.00146087612056178
1429	788	0.001931274850254983
1429	834	0.0001547297659029992
1429	951	0.0002587168276998732
1429	1429	0.9952864442285849
1430	1430	0.9950913576952946
1430	1790	0.001200404653148069
1430	1865	0.001321309881466967
1430	1896	0.002386927770090432
1431	107	0.0002226086798355439
1431	385	0.003779036641376794
1431	723	7.606845490660335e-07
1431	897	0.0008197540746828757
1431	1393	0.0001474212979530364
1431	1422	0.0004599379085175968
1431	1431	0.9945704807130851
1432	127	0.0004090295028336462
1432	424	0.0006817962895089376
1432	478	0.001069153471951226
1432	508	0.0001510852856821207
1432	1364	0.0002062424821691928
1432	1432	0.9974826929678549
1433	363	0.0008204539921894209
1433	680	0.0006669067682437976
1433	946	0.000804866147206314
1433	1185	3.894810590972278e-08
1433	1278	1.189572387895606e-07
1433	1433	0.9955922335554339
1433	1520	0.00211538163158182
1434	374	0.0006998653794168359
1434	449	0.0005865275398148229
1434	1329	0.001247681019621219
1434	1334	4.589860363915168e-08
1434	1352	0.0004566442442758347
1434	1434	0.9964382750091111
1434	1445	0.0005531893939046448
1434	1503	1.777151525178917e-05
1435	96	0.001083657361476113
1435	183	0.0006961603476467705
1435	359	0.001032175056761919
1435	693	1.616799639399873e-07
1435	862	0.0007126500535967392
1435	1411	0.0007929701595243923
1435	1435	0.9948145875830828
1435	1840	0.0008676377579473102
1436	320	0.001350698238821286
1436	655	0.000374986724015921
1436	1436	0.9790293296429012
1436	1776	0.0192449853942616
1437	169	0.001363245642139591
1437	360	0.001166835788381495
1437	969	0.001649309505782307
1437	1270	0.002955733084777384
1437	1437	0.9886482899477101
1437	1472	0.0001756294042449195
1437	1786	0.004040956626964272
1438	99	0.0006228975403557879
1438	409	0.0008977414432172775
1438	913	0.0005882472663595587
1438	1416	7.264741197902722e-05
1438	1438	0.9970801676084539
1438	1550	0.000738298729634471
1439	97	0.0009477288663733717
1439	365	0.0002060088482907663
1439	460	0.0007889323188649121
1439	1297	0.0002096068366764077
1439	1326	0.001711944597280913
1439	1421	0.000692048505602548
1439	1439	0.9941458357573516
1439	1460	0.001297894269559536
1440	132	0.00111696470332173
1440	324	0.002641219105285581
1440	1052	0.001600444553043829
1440	1245	0.003654602354143356
1440	1440	0.9909867692842055
1441	209	0.0001658435015007127
1441	361	0.002636614273148273
1441	855	0.004143807233991112
1441	1441	0.9930537349913598
1442	77	3.472326593595028e-05
1442	191	0.001063811169941554
1442	263	0.004252218018921382
1442	758	7.048838454187559e-05
1442	908	0.004763360447843409
1442	919	0.002925546050101603
1442	1030	0.0001374628100144797
1442	1442	0.9867523898526998
1443	168	0.009687454483312081
1443	375	0.0007077319188879141
1443	669	5.470175372973413e-05
1443	675	0.002349199389695875
1443	1372	2.638514531297113e-08
1443	1443	0.9819373606006955
1443	1533	0.005263525468533549
1444	101	0.0005358802152979541
1444	390	0.0006739870869807887
1444	486	0.0004067256988743137
1444	577	2.392581864761688e-08
1444	1419	0.0003586321226785148
1444	1444	0.9965563047372255
1444	1474	0.00101679021162623
1444	1489	0.0004516560014981564
1445	105	0.0006331508272703982
1445	374	2.84024670900848e-05
1445	449	0.001163641639956669
1445	1395	1.064896662150764e-07
1445	1434	0.001097126738296108
1445	1445	0.9959096910542736
1445	1466	0.0002189301468351691
1445	1503	0.0009489506366116698
1446	191	0.0003993702107960169
1446	752	0.001245252398499536
1446	758	0.007932939906611466
1446	1068	0.0008108418349183092
1446	1446	0.9896115956491747
1447	347	0.0009659794651167346
1447	426	0.0003989324174590276
1447	1394	0.0002469275525760636
1447	1447	0.9954845877864061
1447	1509	0.002903572778442039
1448	283	0.0006613540066726591
1448	513	0.0001528623753910106
1448	1007	0.0009531043633946036
1448	1259	0.0005450177230411085
1448	1448	0.9973496373043617
1448	1789	0.0003380242271389584
1449	120	0.0003710011047054104
1449	456	0.00359009633647007
1449	903	0.001124202460094397
1449	1449	0.9934255249533681
1449	1678	0.001489175145362069
1450	718	0.0008635606537145521
1450	827	0.0007586954192205212
1450	959	0.0002216841087772175
1450	1450	0.9967262988559362
1450	1766	0.00039299348067162
1450	1778	0.001036767481679936
1450	1922	1.573809000832002e-27
1451	228	0.002488481439230631
1451	404	0.001327042323823983
1451	843	2.966105901961734e-08
1451	871	0.001331400644293008
1451	1348	0.0005190289922451777
1451	1451	0.9934087782563453
1451	1486	0.000925238683002886
1452	63	0.002139363387886152
1452	793	0.002090123181899065
1452	888	0.001102087637897229
1452	1197	0.0001880689663645767
1452	1452	0.994480356825953
1453	280	0.003467482266519398
1453	889	0.00128759484331927
1453	902	0.0005133698575731589
1453	1453	0.9941010596844378
1453	1734	0.0006304933481503172
1454	128	6.568639237229729e-05
1454	452	0.001386895711317508
1454	617	0.0009524757331745198
1454	741	0.0002792770786525828
1454	912	0.0004297018090755508
1454	1454	0.996409663362815
1454	1532	0.0004762999125925246
1455	7	0.0005687437975984187
1455	364	0.0004177498764363535
1455	653	0.0009228089352599496
1455	681	0.0002611573181027007
1455	995	0.001618889599889404
1455	1268	0.0008209467201022131
1455	1455	0.9945784129003433
1455	1471	0.000811290852267559
1456	164	2.898275887893039e-05
1456	215	0.001482224094882983
1456	657	0.001025859172569754
1456	771	0.0004761719790944035
1456	918	0.0002089600585719608
1456	1456	0.9963888866154275
1456	1501	0.000388915320574534
1457	318	0.0007140163962370388
1457	357	0.0008757922826719978
1457	515	1.996921872583012e-08
1457	618	0.001126737460286213
1457	1378	0.0006668609806158851
1457	1457	0.9954617927449944
1457	1458	0.000383288219692951
1457	1860	0.0007714919462828733
1458	96	0.0002456566384981821
1458	318	0.0003504551374292726
1458	357	0.001197659640996073
1458	515	9.31276963360056e-05
1458	1411	0.0007133923356030941
1458	1457	0.0011056643517885
1458	1458	0.9959746839714707
1458	1692	0.0003193602278781517
1459	462	0.0003642367249918029
1459	941	0.002557514390193658
1459	1331	0.001785782579073281
1459	1459	0.9942300552801836
1459	1473	0.001062411025557694
1460	109	0.0003125512889338018
1460	353	0.0009982737894791178
1460	1326	0.0008293819747823357
1460	1439	0.0004618266057903673
1460	1460	0.9938251331585831
1460	1462	0.002350974448680099
1460	1487	0.001221858733751111
1461	87	0.001853879334543013
1461	192	7.330565393708086e-06
1461	472	0.002832291753363954
1461	717	0.01156029165339184
1461	1052	0.001237198391360508
1461	1461	0.982509008301947
1462	353	0.0008781168239442778
1462	398	0.002944883386349313
1462	1358	0.0009203250383369009
1462	1410	0.001197867043798999
1462	1462	0.9940588077075705
1463	131	0.0005086769089402292
1463	334	0.0003640263133635259
1463	526	0.0005886580179264628
1463	1339	0.001630142603692536
1463	1463	0.9965751174751238
1463	1694	0.0003333786809534243
1464	142	0.0004622015121886418
1464	436	6.631574451487505e-05
1464	816	0.002251919089162494
1464	919	0.0001613004264481552
1464	978	0.0009853193870287102
1464	1464	0.9904285829466691
1464	1972	0.005644360893987984
1465	326	0.0004260671789845842
1465	451	0.0008295600441574613
1465	972	0.000623628971577497
1465	1377	0.0009883236158943994
1465	1465	0.9968144407087915
1465	1847	0.0003179760174583565
1465	1886	3.463136180209209e-09
1466	105	0.0006584786690773309
1466	362	0.0002013872177970072
1466	561	4.149819732563041e-05
1466	1145	0.0001030831083624619
1466	1445	0.0004066403256509662
1466	1466	0.9964249992402553
1466	1503	0.00119691212269817
1466	1567	0.0003368747580224295
1466	1833	0.0006301263608107478
1467	152	0.0008580683496752435
1467	466	3.341159367184135e-05
1467	505	0.0004566499061193866
1467	562	0.0002343769290300282
1467	579	0.0002709571293730102
1467	704	0.0002906093548160712
1467	1467	0.9968526142534504
1467	1594	0.001003312483863951
1468	72	0.0005863022375762743
1468	358	0.0006769203188435259
1468	1468	0.9966767615210226
1468	1733	0.00104031817664366
1468	1894	0.001019697745914071
1469	382	0.0008510596760670073
1469	823	0.001339052219446243
1469	1384	0.001698049094338531
1469	1469	0.9961118390101482
1470	158	0.001071056715278025
1470	403	0.00158397582436746
1470	615	0.0006572997196331192
1470	1337	0.001739339012297637
1470	1470	0.9949483287284238
1471	173	0.0006884342714057825
1471	364	0.00121175495370354
1471	995	0.001581833890851063
1471	1455	0.001367316407783584
1471	1471	0.9947283403693482
1471	1565	0.0004223201069078022
1472	117	2.905404777754169e-05
1472	360	0.0008290997923475524
1472	841	0.0004104821858113869
1472	969	0.0009359188977609227
1472	1437	6.916770297294855e-05
1472	1472	0.997715886251182
1472	1709	1.039112214766993e-05
1473	462	0.000949865789475313
1473	783	0.00122865914733295
1473	1459	0.002055490528923457
1473	1473	0.9955052169144464
1473	1522	0.0002607676198218818
1474	37	0.0006145601941071447
1474	390	0.001153790129687565
1474	577	0.0008602737377266162
1474	1099	0.0005981204676977683
1474	1474	0.9967732554707809
1475	156	0.0006156830943700785
1475	378	0.002124308913604247
1475	588	0.00167245395125386
1475	1272	0.0007215235422406625
1475	1475	0.9948660304985312
1476	117	0.0003390448456305541
1476	715	0.0001057521097861085
1476	1476	0.9978118377019221
1476	1631	0.0007572980883682913
1476	1709	0.0005129649922851625
1476	1765	0.000473102262007815
1477	124	0.001127413067739491
1477	510	0.004186615187532815
1477	953	0.0016211647902347
1477	1477	0.9930648015874902
1477	1626	5.367002739047364e-09
1478	78	0.001387086422392883
1478	243	0.0001258001997364466
1478	491	0.0003602186404969438
1478	966	0.001472450020221446
1478	994	0.0003891286197924174
1478	1081	4.001989556135193e-09
1478	1108	0.0005335685232427194
1478	1478	0.9957317435721276
1479	86	4.281314597076813e-10
1479	1479	0.998205706502966
1479	1751	0.001122059708466872
1479	1856	0.0006722243413365725
1479	1857	9.019099050398134e-09
1480	218	0.0004829649177189722
1480	286	0.004239670589235824
1480	980	0.005151744109860105
1480	1013	0.002341907935728446
1480	1163	0.001951380208544892
1480	1480	0.9848882183747509
1480	1785	0.0009441138641608133
1481	30	7.780226756358176e-28
1481	150	0.001474522105708388
1481	643	0.001783805445420597
1481	1036	0.0009819211139462242
1481	1481	0.9943968302372966
1481	1755	2.596895788660844e-07
1481	1904	1.82818475177826e-27
1481	1946	0.001139880446125734
1481	1947	0.00022278096192351
1482	135	0.001235227528035429
1482	323	0.0001873269028697997
1482	489	0.002610841630946151
1482	1218	9.594861626822128e-10
1482	1418	1.512837131505199e-07
1482	1482	0.9959664516949494
1483	104	5.590825038401828e-05
1483	619	0.001512331852659371
1483	961	0.001545410904367302
1483	1097	0.0004547647246147231
1483	1264	0.0003789284455205061
1483	1483	0.9959247771918228
1483	1573	0.0001124640570889324
1483	1615	1.541457354227921e-05
1484	154	0.0003253031451722145
1484	431	0.002116002973824268
1484	659	0.001679105204383727
1484	1132	0.000392383519557076
1484	1425	0.0007919750928865708
1484	1484	0.994695230064176
1485	237	0.003385881982938624
1485	656	0.001314101989316598
1485	870	0.0006360995533841739
1485	1024	0.0002140862174014504
1485	1485	0.9944498302569591
1486	228	0.0004320092530278496
1486	731	0.0017378286441706
1486	871	0.001375209920825545
1486	1393	0.001778420714016296
1486	1451	0.0005274745002797383
1486	1486	0.99414905696768
1487	398	0.0019743880481546
1487	1253	0.001959478517130906
1487	1460	0.0002310742313898369
1487	1462	0.001437341287319578
1487	1487	0.9935675240258345
1487	1699	0.0008301938901706139
1488	351	0.001780941248872339
1488	699	0.0002632349881041568
1488	731	0.001836878676865762
1488	843	3.781666709640029e-05
1488	1006	0.0007837076259043002
1488	1488	0.9952974207931571
1489	101	0.0002510408889915842
1489	478	0.0001685500683606008
1489	486	0.0001225640313256447
1489	1444	0.002075008152989298
1489	1489	0.9971356177491125
1489	1588	0.0002472191092203747
1490	379	0.00586552741243496
1490	658	0.003928605737672277
1490	1490	0.9888345721922003
1490	1563	0.001371294657692508
1491	46	0.002784154427725128
1491	695	0.00195333162972591
1491	1025	0.0001124873885063526
1491	1217	0.002254784633516213
1491	1491	0.9928952419205264
1492	327	0.001428063616180052
1492	521	0.0009421168052490516
1492	858	0.00191515439253703
1492	927	0.00150664065224131
1492	1492	0.9942080245337925
1493	496	0.0001755444730177612
1493	927	0.0006378975240059398
1493	981	0.001302002047461838
1493	1110	0.00230088665999971
1493	1221	0.0003535716816018344
1493	1353	0.00014700659525341
1493	1381	0.0002624572586534769
1493	1493	0.9948206337600061
1494	19	4.070598567458992e-05
1494	293	0.001016121506544859
1494	661	0.0006905121800638753
1494	1042	0.001899478986343866
1494	1222	0.0007629033996123358
1494	1494	0.9947631452202204
1494	1901	0.0008271327215400885
1495	227	0.008869068128622625
1495	655	0.0003401463733259781
1495	786	0.001828141851797069
1495	1089	2.520960623464672e-08
1495	1155	8.561863126252402e-09
1495	1495	0.988962609874785
1496	49	0.003518685077871673
1496	523	0.006900307876429631
1496	831	6.281911389194447e-06
1496	975	5.540085614176629e-08
1496	1406	0.00199801615810599
1496	1496	0.9865982818813954
1496	1538	0.0009783716939519554
1497	169	0.002197629842193158
1497	1497	0.9929129200561263
1497	1742	0.001400797437571811
1497	1769	0.0007111974764770101
1497	1893	0.002777455187631716
1498	162	0.001766881373666072
1498	468	0.0001453573522986646
1498	580	0.001165359702971752
1498	631	0.0004921181050063881
1498	1156	0.001140470808795253
1498	1498	0.9946698581726963
1498	1508	0.0006199544845656769
1499	361	0.0005117461047846505
1499	1262	0.002768704348212588
1499	1499	0.9956691912202055
1499	1813	0.001050358326797428
1500	198	0.0005487300224844859
1500	350	0.0009283131723663685
1500	720	0.000349653070049793
1500	813	0.0001358966584581805
1500	950	0.001072189194672743
1500	1500	0.9969652178819685
1501	164	0.0004019102782104746
1501	396	0.001320354359107494
1501	657	0.0004646365363831964
1501	1174	0.000607379980362769
1501	1345	2.147400812453541e-05
1501	1456	0.0007258425406673807
1501	1501	0.9964584022971441
1502	338	0.0001027619649978326
1502	420	0.002185496395371419
1502	460	9.898743478205815e-09
1502	1172	0.0002157936877288561
1502	1402	0.0008162248083452126
1502	1421	0.003243092798011101
1502	1502	0.9919816485231034
1502	1510	0.001454971923698719
1503	374	0.001429657098414441
1503	1434	0.0001853540699783035
1503	1445	0.0006787965806889882
1503	1466	0.0001449938422772584
1503	1503	0.9962650642920118
1503	1567	0.0008888339568611092
1503	1573	0.0003842161680681635
1503	1833	2.308399169988688e-05
1504	155	0.003644752819343434
1504	370	0.0003980597715567612
1504	404	0.001547101619617818
1504	575	0.0008063191714696713
1504	1029	0.001154985775620683
1504	1348	0.001593058163547469
1504	1504	0.9908557226788441
1505	430	0.002713904909789986
1505	685	0.002590830628226548
1505	709	0.0005390901306655522
1505	1046	2.794645757741371e-07
1505	1341	0.0009060824203211168
1505	1505	0.9932498124464211
1506	24	0.0006028233606689434
1506	361	0.004135380787656954
1506	804	0.0001169509677110253
1506	1254	0.001183481220161864
1506	1441	0.002158033771963865
1506	1499	0.0004141241174205216
1506	1506	0.9913892057744168
1507	183	0.00182877007887379
1507	470	0.00063789781214206
1507	487	0.0006324960641948579
1507	710	8.320055694994815e-05
1507	862	0.001062334030599421
1507	1435	1.238663355791197e-07
1507	1507	0.995386751987029
1507	1528	0.0003684256038754026
1508	162	0.001733416869592047
1508	437	0.002535081787857447
1508	616	0.001288581312834736
1508	631	0.001539483071216858
1508	1323	5.438092007338999e-08
1508	1498	0.0009954751778053668
1508	1508	0.9919079073997735
1509	347	0.001335579449131409
1509	1447	0.0005469084625987125
1509	1509	0.9930916239374065
1509	1747	0.0004014998740561995
1509	1869	0.004624388276807262
1510	109	0.002997834112193284
1510	460	0.002620172482891643
1510	615	0.0008597670656133378
1510	1421	0.0001824695866081554
1510	1510	0.9933397567526936
1511	80	0.002984285900146947
1511	381	0.0002592948768176705
1511	688	0.001509540976663984
1511	990	0.001819544668180765
1511	1162	0.0003620675584222415
1511	1205	0.001001438373395512
1511	1511	0.9920638276463729
1512	146	0.003577408578634208
1512	453	0.001690576014740987
1512	566	0.0008589349454674454
1512	1011	0.0008825832763338701
1512	1512	0.9924308609853004
1512	1703	0.0005596361995230085
1513	113	0.005773423372450437
1513	399	0.0004236337653351074
1513	522	0.0003466004543858314
1513	910	0.002035998644013371
1513	1017	0.001410336382044814
1513	1513	0.9896052656404004
1513	1525	0.0004047417413700929
1514	756	0.00536633597547543
1514	882	0.002795238531237796
1514	1163	0.004325851893034929
1514	1514	0.9875125736002518
1515	188	0.000394489626358381
1515	355	0.001233572839073071
1515	655	0.005932714551936414
1515	1495	0.005267862123083233
1515	1515	0.9871713608595489
1516	10	0.002070489310487974
1516	1153	0.002770382418134616
1516	1373	0.008524805546182011
1516	1516	0.9866339540459452
1516	1531	3.686792500737925e-07
1517	196	0.001628853418961068
1517	416	0.001529654467097124
1517	719	0.00180730078035858
1517	1399	1.325360637909561e-08
1517	1517	0.9950341780799768
1518	338	0.000203780003265321
1518	420	0.003316450170510699
1518	530	0.001616085142913373
1518	1355	0.0002099339166697063
1518	1502	0.004147391555119147
1518	1518	0.9905063592115217
1519	176	0.0007577967912419478
1519	723	0.001840277005360587
1519	886	0.0003294417978192856
1519	1519	0.9961267696610826
1519	1790	0.0005893081351535102
1519	1896	0.0003564066093420054
1520	239	0.001792211070124
1520	363	0.0001120030206685572
1520	680	0.0004509941744291141
1520	946	2.639623631916447e-09
1520	1185	0.0008524535705459741
1520	1520	0.9955876259236037
1520	1596	0.00120470960100505
1521	417	0.001127359685677618
1521	604	2.993877453571328e-05
1521	1300	0.0006534671696436169
1521	1521	0.9966248297655298
1521	1700	0.0002256182130497714
1521	1722	0.0008524646234937948
1521	1784	0.0004697021694369748
1521	1880	1.661959863271732e-05
1522	126	4.755333285054796e-27
1522	1473	0.001118339836227821
1522	1522	0.9988816601637722
1523	167	0.001874848676318633
1523	385	0.0004697768069238791
1523	695	0.001396022413672437
1523	1367	0.0001637783384711706
1523	1491	0.003209842315507442
1523	1523	0.9928857314491064
1524	209	0.001035909193248757
1524	477	0.000816918589731378
1524	773	0.002129270931984406
1524	1003	0.0001031408093516151
1524	1033	0.001996568359094869
1524	1207	9.196880712273185e-05
1524	1524	0.9938262233094662
1525	113	0.0007832627610734272
1525	399	0.003108142092550158
1525	522	0.001390652965937144
1525	1513	0.001558404545315191
1525	1525	0.9925085769067146
1525	1554	1.940603774961204e-07
1525	1771	0.0006507666680319825
1526	378	0.001944304599631749
1526	529	0.0003262857054795464
1526	767	0.0005034464178991753
1526	1405	0.003403544989164362
1526	1475	0.0004311351265030088
1526	1526	0.9933912831613222
1527	238	0.003839876772739728
1527	432	0.006670691134387481
1527	563	0.01014844393821413
1527	1120	4.077232285834896e-07
1527	1516	0.002283904589717833
1527	1527	0.9770566758417123
1528	34	0.000237647145837164
1528	470	0.001210564389347225
1528	487	0.00106771199899289
1528	571	1.954212066343726e-05
1528	1507	0.001278086652113174
1528	1528	0.9960142681331511
1528	1610	5.570794155379845e-05
1528	1659	0.0001164716183411713
1529	197	0.0004403602155304678
1529	269	0.001281642114584408
1529	778	0.0005083128055557439
1529	1057	0.002103002669988936
1529	1281	4.001179587403615e-09
1529	1529	0.9953467119142302
1529	1922	0.0003199662789307396
1530	118	0.0003501740826346828
1530	418	0.0002802938961083139
1530	443	0.001773152131230945
1530	1293	0.003503583834129347
1530	1530	0.9940927960558967
1531	98	0.000975568498946205
1531	371	0.004028160278509031
1531	1373	0.001701880054292746
1531	1531	0.9931606301834203
1531	1542	0.0001337609848317144
1532	164	0.0006892120148254613
1532	452	0.0005960469147889792
1532	617	0.0001492962453636293
1532	1174	0.001279666310810287
1532	1454	4.949197309811576e-06
1532	1501	0.0002164591954354577
1532	1532	0.9968903245957201
1532	1566	2.010744067625461e-05
1532	1613	0.0001539380850699993
1533	168	2.303132434702574e-05
1533	375	0.0009504906319964259
1533	531	0.003234789560372056
1533	669	0.002719433872975653
1533	979	9.017841105802452e-08
1533	1533	0.9923600319532636
1533	1878	4.26226370537902e-05
1533	1917	0.0006695098415804711
1534	120	0.0007192063868877126
1534	903	0.0009202518495689429
1534	1274	0.004434620464573488
1534	1534	0.9939259212989698
1535	116	0.0007645841760114265
1535	488	0.0008876147898765117
1535	1300	4.029845542678414e-08
1535	1424	0.00019951187803981
1535	1535	0.9969614552228211
1535	1682	0.001147746462888331
1535	1722	3.904717190743797e-05
1536	112	0.004767662129559634
1536	422	0.003263647350516553
1536	509	0.006194959401978703
1536	938	0.002352467536927119
1536	939	5.464806142192545e-09
1536	1119	1.05343121079799e-07
1536	1536	0.9834211527730907
1537	172	1.014839255226869e-05
1537	595	0.0001759995149916289
1537	650	0.001677153729665184
1537	1086	0.0009103391887344202
1537	1537	0.9972263591740564
1538	148	0.003071633309157542
1538	498	0.002594231942174362
1538	523	0.003145198736335532
1538	538	0.0007151411517895245
1538	1246	1.99270426404373e-07
1538	1406	0.001167911514562171
1538	1538	0.9893056050960276
1538	1670	7.897952685699358e-08
1539	206	1.707002403957117e-07
1539	1427	1.558929724335764e-26
1539	1539	0.9976117719985048
1539	1767	0.001649723106726214
1539	1905	0.0007383341945286135
1540	110	3.449257473915485e-05
1540	194	0.0007453147476781872
1540	419	0.0007784096911407223
1540	652	0.0010731027694454
1540	683	0.0003588678083583405
1540	985	0.0004989286127513821
1540	1540	0.9965108837958868
1541	406	0.00135487207605822
1541	569	0.002699150644717294
1541	1189	0.0001729619921061394
1541	1541	0.9909248246689266
1541	1546	0.004687578762003835
1541	1662	0.0001606118561878384
1542	98	0.002068707989718617
1542	573	0.0003772904526313207
1542	1120	0.002163058059956834
1542	1160	0.0001966819596086749
1542	1531	1.337972962224399e-06
1542	1542	0.9950993700161154
1542	1555	9.355354900699922e-05
1543	64	0.003169780481588453
1543	238	5.764213353202068e-05
1543	440	0.00206865983463435
1543	548	0.001192153941755113
1543	933	0.0009981026238310917
1543	1285	0.0004382843853423405
1543	1543	0.9920418586418825
1543	1585	3.351795743407952e-05
1544	119	0.000244047445633547
1544	274	0.001094258180584827
1544	410	0.000678058645019845
1544	438	0.002607152105234788
1544	1127	0.0003034407383657236
1544	1302	0.0001169324779008129
1544	1544	0.9939084845695308
1544	1658	0.001047625837729612
1545	369	0.002463014784074298
1545	397	0.0003033162440219971
1545	1169	1.593132519362045e-06
1545	1545	0.9904361474348418
1545	1549	0.003511892539541278
1545	1598	0.003284035865001207
1546	103	0.007275855269635282
1546	406	0.0001231633284709342
1546	569	0.0009760720020820074
1546	1115	0.002470582602007131
1546	1169	8.517972460605382e-06
1546	1307	0.0002058857439797185
1546	1546	0.9889399230813644
1547	251	0.002118529259220109
1547	447	0.002271887688065122
1547	457	2.084658381890592e-07
1547	1111	0.003763322845114209
1547	1547	0.9917941367541968
1547	1690	5.191498756553053e-05
1548	464	0.0004819275337773839
1548	794	0.0005296326216204445
1548	1063	0.002525594759778423
1548	1137	0.0008069863860957118
1548	1303	8.210054242177521e-05
1548	1548	0.9954914282745485
1548	1702	8.23298817576732e-05
1549	223	0.006965254223781893
1549	751	2.613183006454489e-06
1549	806	2.812356266736541e-06
1549	1074	0.003296740661114669
1549	1549	0.9891003657271361
1549	1598	0.0006322138486941342
1550	409	0.0001235456296410094
1550	904	0.0009084423985103977
1550	913	0.0007038077559496612
1550	1438	1.739236117857283e-05
1550	1550	0.9981263946329418
1550	1763	0.0001204172217785122
1551	383	0.002102707673339911
1551	536	0.002798462590867417
1551	1551	0.9901503149627738
1551	1556	0.002166848463042177
1551	1774	0.002781666309976618
1552	1552	0.9953264286538935
1552	1560	0.003549658778332081
1552	1701	0.001123912567774384
1553	248	0.0005352798524672147
1553	498	0.002038594144431183
1553	538	0.0005627999175013171
1553	817	0.001000573248022461
1553	1538	7.453920322986271e-07
1553	1553	0.99541530218221
1553	1557	0.000446632747866283
1553	1601	7.251546927720324e-08
1554	273	4.877261865486047e-07
1554	522	0.002946148277194777
1554	622	0.0007844527271985149
1554	1075	0.001359227384474153
1554	1525	1.412833697223912e-26
1554	1554	0.9914615212103812
1554	1656	0.003448162674564857
1555	573	0.00194575468677013
1555	585	0.0001353249512773159
1555	1107	0.0002567599515016841
1555	1542	3.391694530048677e-06
1555	1555	0.9961346809120795
1555	1563	0.001524043669033449
1555	1603	4.413480794808255e-08
1556	137	0.005158470296076251
1556	536	0.005519992759803812
1556	1556	0.9890884064525582
1556	1675	0.0002331304915616551
1557	248	0.001078535451541697
1557	377	0.001314606995966426
1557	538	0.0006446065905850512
1557	792	0.0003246061049115587
1557	1095	0.001588859646459098
1557	1102	0.0001039001494276936
1557	1150	7.361447678466319e-05
1557	1553	0.000723940261122967
1557	1557	0.9941473303232008
1558	65	4.410401848502124e-06
1558	255	1.614491460790198e-05
1558	832	0.00129657962754864
1558	1093	0.00200568773202902
1558	1558	0.9959294456731707
1558	1570	0.0007477316507953762
1559	307	0.005656953061917863
1559	492	2.925907375379656e-06
1559	1559	0.9925882554805777
1559	1914	0.0001725394413230411
1559	1931	0.001579326108806025
1560	540	0.003489129912613536
1560	753	0.002278021693029906
1560	1560	0.9934864281398785
1560	1701	0.0007464202544780412
1561	545	0.004501237227020267
1561	612	4.300319156446386e-05
1561	798	0.00377154639610801
1561	1561	0.9916759476623085
1561	1683	6.713981150038975e-06
1561	1882	1.551541848764221e-06
1562	143	0.0001163052369930745
1562	1284	0.003150951381975794
1562	1562	0.9948669829429518
1562	1637	0.001865760438079275
1563	379	0.005173166285236489
1563	573	1.122114564457626e-06
1563	1542	0.001632729271490037
1563	1555	0.0004964284109094096
1563	1563	0.9926965539177997
1564	381	0.001359857882901926
1564	688	0.001542499033152901
1564	1333	0.002884419481986318
1564	1564	0.9942132236019589
1565	173	0.001301095622534749
1565	364	0.001099870196637738
1565	521	0.0003892474350742458
1565	1175	0.0006328871295672135
1565	1273	3.170107041326556e-05
1565	1471	0.001669506767545155
1565	1565	0.9948756917782277
1566	62	5.170600934711996e-05
1566	415	0.001075514984478262
1566	452	0.0005409182957672092
1566	1130	0.0002449775727012864
1566	1174	0.0005994694510198723
1566	1423	6.852115743541052e-05
1566	1532	6.662132963233222e-05
1566	1566	0.9973522711996186
1567	27	0.0008373149508017403
1567	374	5.311409849917591e-05
1567	1332	2.155504398674539e-08
1567	1503	0.001045480313384275
1567	1567	0.9970733184475814
1567	1573	0.0009907506346894081
1568	154	0.001245174643860114
1568	453	0.0005360253343330852
1568	603	0.0005515427910552286
1568	1132	0.0004030050918430106
1568	1484	0.0008308570463899459
1568	1568	0.9960276378487134
1568	1703	0.0004057572438051833
1569	322	0.002487577233021987
1569	380	0.000147425081400524
1569	1129	0.0007277085165713338
1569	1151	0.001261925312116352
1569	1227	0.001305119117399845
1569	1569	0.9940702447394899
1570	65	0.00181557623086948
1570	253	0.0003862335342214652
1570	742	0.0004397263677071473
1570	809	0.001017530138103266
1570	1093	0.0003103295224831879
1570	1242	0.0002458699158001498
1570	1558	0.0005635412295236188
1570	1570	0.9952211930612916
1571	138	4.651855786805076e-06
1571	193	0.0004358793805032199
1571	551	0.001274851863660183
1571	796	0.004689276368881055
1571	1571	0.9927903445084143
1571	1902	0.0008049866042299872
1571	1914	9.418524369102414e-09
1572	62	0.001404303162024693
1572	506	0.0002069390337809084
1572	912	0.0006820342023743362
1572	1185	0.0003826146607015759
1572	1572	0.9967920298063505
1572	1596	0.0001271431777800248
1572	1797	6.13749553857625e-08
1572	1808	0.0004048745820324875
1573	27	2.166779250381689e-05
1573	374	0.0003960988048249721
1573	1097	0.0002305565750278832
1573	1264	0.0007008596371467781
1573	1332	0.0001276158036938605
1573	1483	0.0008098332545633593
1573	1573	0.9977133681322393
1574	127	0.00026612843588122
1574	598	0.0003763380050210858
1574	861	0.0004970671845647899
1574	1574	0.9971084168958181
1574	1588	0.0009894191488709746
1574	1608	0.0006956345778192286
1574	1684	6.69957520246431e-05
1575	58	0.001358794500190169
1575	407	0.0003594500721090799
1575	823	0.0006560606932226659
1575	842	9.741220372208828e-05
1575	853	0.0006767566112438534
1575	1575	0.9968515259195121
1576	128	0.000393969681960209
1576	495	0.001003287375221572
1576	507	0.000863373786365155
1576	633	0.0001623475651353951
1576	1576	0.9965604611101808
1576	1613	0.0006560372065811211
1576	1632	0.000360523274555751
1577	504	1.276051642649622e-08
1577	585	0.001233421496040291
1577	1577	0.9963280430455141
1577	1584	0.0004251448592354146
1577	1627	0.002013377838693731
1578	45	0.0005939746043302854
1578	584	0.0002197764881399117
1578	633	0.0002854033811548397
1578	1140	0.001763264495615993
1578	1578	0.9947479926615745
1578	1619	0.0002553259986981132
1578	1916	0.002134262370486294
1579	61	0.009106343265152679
1579	469	0.002029772561497548
1579	623	0.007918874486602417
1579	1015	5.468878391658555e-05
1579	1206	0.001349364210521549
1579	1579	0.9795409433969454
1579	1592	1.329536380363937e-08
1580	31	3.066337371337748e-05
1580	591	0.0006416538079058406
1580	759	0.003590948334673304
1580	1580	0.9925140393377938
1580	1679	0.0003103113853583218
1580	1945	0.002912383760555402
1581	143	0.001094972272966164
1581	736	0.0003032437114995529
1581	821	0.0005730067100707154
1581	1192	0.0009629283944400876
1581	1581	0.9963816354017274
1581	1622	2.872467522461401e-05
1581	1848	0.0006554888340714432
1582	153	0.0004578046493716786
1582	473	0.0001359909688781634
1582	651	0.001439239239114685
1582	667	0.001273693987819973
1582	943	8.684010733746547e-05
1582	970	0.001597433873387736
1582	1582	0.9926125453177419
1582	1827	0.00239645185634837
1583	161	0.0002936420944583177
1583	486	0.0005672428286344719
1583	577	0.001689152894822419
1583	694	0.0002723558021225376
1583	1583	0.9965011814847239
1583	1608	4.832198689142467e-05
1583	1871	0.0006281029083469217
1584	585	0.001841584323166758
1584	1055	2.194768353791243e-07
1584	1072	0.0009066651272750044
1584	1555	0.0007971735453420177
1584	1577	0.0001506314457191749
1584	1584	0.9963037260816616
1585	64	0.00143613633574155
1585	548	4.861454639917415e-05
1585	1543	0.0001493953840378711
1585	1559	0.0009291670362175952
1585	1585	0.992053101696726
1585	1810	0.0005068205725577141
1585	1919	0.002536888749540937
1585	1931	0.002339875678779091
1586	3	8.120163944043842e-05
1586	225	3.249427116556384e-07
1586	743	0.0001109264144404377
1586	769	2.203674013861533e-09
1586	846	0.001722403327388343
1586	1187	5.419054983221333e-27
1586	1586	0.9943136778852679
1586	1959	0.002912254037585534
1586	1962	0.0008592095494915877
1587	442	1.874124776175113e-05
1587	565	0.0007074702284595586
1587	945	7.69319531073292e-05
1587	1269	3.225914964478757e-09
1587	1587	0.9971553059953291
1587	1800	0.001356073803765476
1587	1805	0.0005660575268292626
1587	1898	0.0001194160188325685
1588	127	0.0002310689800055002
1588	478	0.0008120326047528229
1588	486	0.0005972676462488241
1588	1489	0.000524277412445395
1588	1574	0.0004075932975026168
1588	1588	0.9965048263816373
1588	1608	0.0009229336774076244
1589	207	0.002055953443135531
1589	1589	0.9921640467965321
1589	1702	0.0008645303416849986
1589	1809	0.004915469418647281
1590	139	0.002131098125234326
1590	386	0.0008761522867805499
1590	620	0.0001615371753121543
1590	835	0.0001568875579318261
1590	1170	1.97845714462923e-07
1590	1590	0.9957288103985594
1590	1676	0.0009452227777025957
1590	1958	9.383276466370459e-08
1591	471	0.000731963879223265
1591	859	0.001046549917721526
1591	1591	0.9976755183281275
1591	1618	2.282646021371956e-07
1591	1923	0.0005457396103255868
1592	192	0.0005797913733423035
1592	469	0.0006557937229284528
1592	540	1.470182047929576e-07
1592	567	0.001575346853547926
1592	1069	0.000810241365142788
1592	1390	0.002630400226609245
1592	1579	3.894449669825039e-08
1592	1592	0.9936374571720687
1592	1731	0.0001107833236590369
1593	22	0.0008534893434409578
1593	604	0.0007152302176911285
1593	1005	0.0001095575650577574
1593	1316	0.001060230670285909
1593	1593	0.9964457191376953
1593	1784	0.0008157730658288766
1594	152	7.210172866114445e-05
1594	186	0.001046345670604589
1594	505	0.000624270953170165
1594	579	0.0008143530769750512
1594	887	8.102899259602646e-08
1594	1374	0.001004578831313295
1594	1467	0.0001861958057099726
1594	1594	0.9962520729045732
1595	79	0.0006332314234417088
1595	883	0.0008564032753721942
1595	987	0.0008218418745247402
1595	1595	0.9955339522313063
1595	1648	0.0002790970411390916
1595	1726	0.0007287407117468061
1595	1888	0.001146733442469244
1596	239	0.0002943240630283095
1596	741	0.0005775378455824898
1596	912	0.002580560654268007
1596	1454	0.0004135730120686154
1596	1572	4.298340441760042e-05
1596	1596	0.996091021020635
1597	111	0.001665401404716958
1597	450	0.000566190277971293
1597	607	0.001016121472712317
1597	1597	0.9961074297305135
1597	1638	0.0006448571140859481
1598	103	1.078626791493144e-06
1598	223	0.001385418794036931
1598	806	0.001565556719510563
1598	1169	0.000270102440699132
1598	1549	0.001680420328059852
1598	1598	0.9925379000122228
1598	1814	0.002559523078679243
1599	70	0.0008502705135463065
1599	149	0.001393339051182574
1599	721	0.004291619801948729
1599	863	1.393994025021078e-05
1599	922	2.411080992954632e-27
1599	1018	0.004024915886742923
1599	1599	0.9889926261563331
1599	1713	0.0004332886499960993
1600	391	0.001358596848137617
1600	634	0.0006750239142774189
1600	821	0.001398483389296332
1600	1160	0.0003118990906210227
1600	1298	1.629576119508147e-08
1600	1600	0.9958576112418649
1600	1621	0.0003983692200415195
1601	102	0.001670647012336709
1601	498	0.0005129328924905343
1601	817	0.0005639522092049466
1601	1406	0.001187880086277285
1601	1553	6.118027374558147e-09
1601	1601	0.993436861063691
1601	1624	0.002627720617972164
1602	59	0.0004217663691154149
1602	329	5.290804748642218e-05
1602	646	0.001245954993875014
1602	824	0.001291156918617416
1602	929	7.624278999030919e-06
1602	1203	0.0007118928386156394
1602	1602	0.9960445652795772
1602	1657	0.0002241144955848011
1602	1717	1.677812905478113e-08
1603	147	0.000786039765771699
1603	391	6.442684566717185e-08
1603	573	0.0009746774632501081
1603	634	2.420868225062081e-06
1603	1160	0.001522577317517311
1603	1555	1.921127997525778e-11
1603	1600	0.001160322278368472
1603	1603	0.9955537616944132
1603	1627	1.361663971942114e-07
1604	502	0.001016581595512722
1604	693	0.0006968755665047749
1604	806	0.0002584040262587462
1604	1208	0.00144667677708393
1604	1604	0.9957142024691156
1604	1652	0.0004315899696596148
1604	1663	0.0004353925129021377
1604	1814	2.770829624706848e-07
1605	165	0.001461291082473002
1605	193	1.73628337831365e-07
1605	591	0.0005880949997990459
1605	692	0.0002146437059032344
1605	893	2.341571356892827e-05
1605	1312	0.0004306654737460563
1605	1605	0.9963290472367804
1605	1679	0.0009526681593915454
1606	219	0.000813310396173934
1606	684	0.0005165915050099142
1606	697	0.001111228288671714
1606	847	2.046884408456695e-07
1606	1349	0.0008933370315143236
1606	1360	0.0003822919856022089
1606	1606	0.9960831020913934
1606	1730	0.0001999340131935908
1607	231	5.809874720820224e-07
1607	264	0.002390181355795416
1607	739	0.0005260960448693881
1607	1014	6.0488278334677e-09
1607	1065	0.002518961968376139
1607	1607	0.9945640733861598
1607	1695	2.039438329727241e-08
1607	1911	7.981411598199784e-08
1608	161	0.001000330457368174
1608	486	0.0009181757191976627
1608	1574	8.758751857637769e-05
1608	1583	3.071318211834847e-05
1608	1588	0.0007444805856133122
1608	1608	0.9970691449193584
1608	1684	0.0001495676177677021
1609	211	0.0004610883732357224
1609	219	0.0002262360480951809
1609	524	0.0009521242879618289
1609	705	0.0005481560175301455
1609	847	0.0005210491946252332
1609	861	0.0003169002909008007
1609	1609	0.996974445787651
1610	34	0.000584379728101035
1610	470	0.001515623154339206
1610	542	0.0005859066000934699
1610	593	0.001056572961275677
1610	852	0.0002145363405232179
1610	993	2.174604886557471e-05
1610	1403	0.0002879415388583836
1610	1528	0.0002490473498697711
1610	1610	0.9954842462780736
1611	128	4.937967910157192e-05
1611	239	0.0004532962084258099
1611	493	0.0009862911260863289
1611	741	0.001293311050484187
1611	1315	0.0002246917769610552
1611	1351	0.001985880260026369
1611	1611	0.9950071498989147
1612	36	0.00095954402732007
1612	675	6.10264598551544e-08
1612	728	0.0008379871539926576
1612	738	0.003826621005392974
1612	1612	0.9939595956910586
1612	1640	1.917787665052972e-08
1612	1925	0.0004161719178992515
1613	128	7.836024227099899e-05
1613	164	0.001058429525009872
1613	507	0.001641110230045658
1613	617	0.0004158159634424187
1613	771	1.581557130791578e-05
1613	1532	0.0002877816187527059
1613	1576	0.0005309325886569608
1613	1613	0.9959717542605134
1614	171	0.001280934199250752
1614	459	0.0002878095814245515
1614	626	0.0007002817648052692
1614	1194	0.0006826083478798052
1614	1321	7.829442153825652e-09
1614	1614	0.9955631331688257
1614	1642	0.0005241885024999806
1614	1666	0.0009610366058717409
1615	157	0.0005285367624072448
1615	565	0.0005860482385993626
1615	619	0.0006434301869207619
1615	961	4.291058566671264e-05
1615	1483	7.916570205410942e-05
1615	1615	0.9968751508688078
1615	1680	0.0004335192326765684
1615	1805	0.0008112384228674898
1616	131	0.0008775252644853793
1616	632	0.0008188326732715481
1616	664	0.001019963778410591
1616	907	0.0006296543899976506
1616	1463	7.866245666991508e-08
1616	1616	0.9960787726562713
1616	1797	0.0005751725751068534
1617	403	0.0004657967800663616
1617	483	0.0006800832070941039
1617	1337	0.000202354372658332
1617	1368	0.0002341994764319582
1617	1617	0.9965859429635043
1617	1694	0.001468114532737458
1617	1699	0.0003635086675074815
1618	377	7.507967000592137e-09
1618	471	0.002005527036186428
1618	1150	0.000656729085782007
1618	1618	0.9964872179689855
1618	1864	0.00085051840107894
1619	531	0.00111831301017279
1619	552	0.0001542695436685762
1619	1140	0.007384317438737548
1619	1578	0.0002445054755964499
1619	1619	0.9910709037632294
1619	1874	4.943639267221098e-06
1619	1878	2.274712932803075e-05
1620	601	0.0001350411634946207
1620	613	0.0009945171064584305
1620	856	0.0004779753055802146
1620	956	0.005807394232780477
1620	1324	0.0005464207928041748
1620	1620	0.992038651398882
1621	32	0.001542404268549079
1621	821	0.0007244278139492313
1621	1349	4.55321269216441e-08
1621	1600	0.0002944174320966976
1621	1621	0.9966905529361965
1621	1848	0.0007481520170815186
1622	321	0.0007681176973813603
1622	684	0.001242693820813265
1622	1192	0.001170352602610466
1622	1349	0.0005156131586546198
1622	1581	1.917171841249761e-05
1622	1622	0.9962251678663846
1622	1848	5.888313574317581e-05
1623	17	0.002493767269537067
1623	310	0.0001571786239970061
1623	908	9.021657969546708e-12
1623	1039	0.002020683730088783
1623	1106	0.0003431819875953796
1623	1623	0.9949851883797601
1624	102	0.0003796826005423573
1624	392	0.002874219762723555
1624	400	0.003659905041155018
1624	559	0.001656671979159006
1624	1135	0.0004491892344841257
1624	1406	0.00231286635398347
1624	1601	0.0007119290841957557
1624	1624	0.9879540764332935
1624	1895	1.459510463309239e-06
1625	124	7.930721845180014e-05
1625	243	0.0004441760051211981
1625	435	0.0005894922457643388
1625	942	0.001633174060915115
1625	953	0.0005451041030926187
1625	1625	0.9961362534107704
1625	1626	0.0004251802310277162
1625	1689	0.0001473127248569013
1626	124	0.001871506219957337
1626	435	0.001317852184047952
1626	953	1.653526654741202e-05
1626	1308	0.0004375584512958998
1626	1477	1.616588635017729e-09
1626	1625	0.002574368636025678
1626	1626	0.9937821776255371
1627	147	0.001905190775318445
1627	504	0.0007839764662046308
1627	585	0.0002309028953124189
1627	1603	1.527608700815043e-07
1627	1627	0.9967815266381133
1627	1646	0.0002982504641812252
1628	55	0.001141263836444913
1628	686	0.001622265864726094
1628	1628	0.9971676002587854
1628	1714	6.887004004361244e-05
1629	608	0.002367855235913964
1629	672	0.0002803430667509894
1629	1384	0.0004557199495069467
1629	1629	0.9956054293455094
1629	1798	0.001290652402318691
1630	44	0.002042071892722376
1630	312	3.500809509150224e-07
1630	473	0.00131538503885987
1630	667	0.000302366564037644
1630	1114	7.613397737166839e-05
1630	1138	7.404419213387389e-05
1630	1630	0.9943491607557448
1630	1655	0.001840487498178915
1631	479	0.002348219431315983
1631	891	0.0002421891068831526
1631	1476	0.003041815560588325
1631	1631	0.9930281065929957
1631	1709	0.0003616786989609797
1631	1765	0.0009779906092558415
1632	45	0.0006387672354335653
1632	495	8.507837343321403e-08
1632	507	0.0009722357893454648
1632	633	0.0008239232943622
1632	771	0.0006309564251005744
1632	918	0.0002099979145752901
1632	1576	0.0003148240416116969
1632	1632	0.9959676157911764
1632	1862	0.0004415944300213028
1633	561	0.0003990253566279563
1633	698	0.002537226502868885
1633	1633	0.9955252150054783
1633	1669	0.0006390798042121485
1633	1677	7.684837951112585e-05
1633	1833	0.0008226049513014889
1634	133	0.00142617150746393
1634	535	0.002145453626263663
1634	702	0.001015790562759458
1634	1384	1.425993203775422e-09
1634	1469	1.962558635484781e-07
1634	1634	0.9954123593981241
1634	1843	2.722353207865361e-08
1635	231	0.0009579059679969577
1635	700	0.00668634651795851
1635	1589	0.002715111662617566
1635	1635	0.9845472796057663
1635	1809	0.005093356245660667
1636	275	0.003957699686018516
1636	721	0.001571915700543434
1636	962	0.003790101633575902
1636	1067	0.0009734757346571607
1636	1189	0.0007053075490442718
1636	1636	0.9890014996961607
1637	143	0.0001960292464971471
1637	253	1.228832988581057e-05
1637	371	2.206694267265004e-07
1637	742	0.00109931486098215
1637	1192	0.001216385495279927
1637	1284	0.001134044870933885
1637	1562	9.9953164522879e-05
1637	1581	1.067477759894658e-07
1637	1637	0.9962416566146954
1638	111	0.001375050043574142
1638	450	0.0004100183311226108
1638	1023	0.0006463816707433092
1638	1597	0.0009549925307900651
1638	1638	0.9946297654089913
1638	1792	0.001323180549338272
1638	1823	0.0006606114654403914
1639	3	0.0002191560709401934
1639	336	0.0007678725689925322
1639	846	0.001807212503758364
1639	884	0.002246550695777773
1639	964	0.000850301303324566
1639	1228	0.0009503352499297294
1639	1639	0.9931585716072768
1640	647	0.0003171095154175612
1640	728	0.0002664374149125783
1640	740	5.285479592257164e-05
1640	1113	0.0003130123373436056
1640	1166	0.001246113176736728
1640	1612	1.123918031842804e-09
1640	1640	0.995788865608323
1640	1691	0.001305971170854605
1640	1925	0.0007096348565712303
1641	554	0.002716328443417254
1641	1641	0.9910088390074249
1641	1681	0.00240277077156174
1641	1811	0.001242166122686982
1641	1876	0.002629895654909085
1642	7	0.0001593315235114301
1642	171	0.0006872526550402557
1642	512	0.0004876588851768827
1642	681	0.0007730642146454317
1642	1296	0.0005000843955536965
1642	1614	0.0005940806434261875
1642	1642	0.995691025963105
1642	1666	0.001107501719541104
1643	612	0.002266673554223415
1643	1080	0.001471307262065454
1643	1561	0.001997321300035064
1643	1643	0.9933030408541592
1643	1967	0.0009616570295168732
1644	50	2.806989012769959e-07
1644	254	0.001410342100140451
1644	549	0.0001657798062982831
1644	674	7.551871497904008e-09
1644	923	0.0003248546500200266
1644	1091	0.002313496386515359
1644	1644	0.9953957053284317
1644	1654	0.0003895228803539041
1644	1809	1.059746758397433e-08
1645	702	0.003383177798076978
1645	957	0.0002576686441105644
1645	1634	0.002335394435895088
1645	1645	0.9936303226336689
1645	1834	0.0003934364882483379
1646	101	0.0004878739776985841
1646	304	3.150154686094576e-05
1646	408	0.0003309049863784471
1646	504	0.0007220037467602968
1646	1224	8.922671481776605e-10
1646	1419	0.0004924453218844541
1646	1627	0.0002310760854340053
1646	1646	0.9977041934427161
1647	85	0.001286756395164737
1647	313	3.005122139241307e-05
1647	745	0.0001612687971194583
1647	850	0.0008365038129207541
1647	986	0.0009412235256495759
1647	1647	0.9967430744712911
1647	1806	1.121776461907355e-06
1648	798	0.0002778368921680481
1648	883	0.001223521350864985
1648	1126	0.002432090356273857
1648	1595	0.0001216618613391447
1648	1648	0.994387695035841
1648	1882	0.0001470958452402932
1648	1888	0.00141009865827272
1649	48	0.000935753816442591
1649	492	0.00154253651418703
1649	893	3.296938624665569e-06
1649	1649	0.9962815654014873
1649	1674	0.0006458021239670158
1649	1863	0.000110378603284418
1649	1902	1.039626844613186e-09
1649	1931	0.0004180235340243241
1649	1936	6.264202835585236e-05
1650	57	0.001247717381416589
1650	200	0.0009426427760265867
1650	503	0.001003705336028203
1650	509	0.001237038166871951
1650	1119	0.000291468910167093
1650	1650	0.9949850738623558
1650	1825	0.0002923535671336992
1651	174	0.0001062109053312221
1651	676	7.997841387662824e-11
1651	795	0.006910243746817427
1651	1651	0.9929835452678729
1652	397	2.513152768115347e-07
1652	693	0.0005316761224220716
1652	806	4.664692789148477e-07
1652	875	6.790979760229255e-05
1652	1208	0.0004695794316184727
1652	1335	0.0009286362345902808
1652	1604	0.0007154943792314444
1652	1652	0.9962460623219859
1652	1814	0.0008370022053750911
1652	1840	0.0002029217226186864
1653	145	0.0002376957364109655
1653	581	0.000516320641367053
1653	1096	0.005444983043186258
1653	1125	0.000447622743901307
1653	1653	0.9911866161628923
1653	1961	0.002166761672242178
1654	182	0.0007756821669660042
1654	254	0.0003967161068604282
1654	590	0.001683155284544227
1654	769	0.001526817427088027
1654	1091	0.0003789914525209089
1654	1644	3.096914935495415e-05
1654	1654	0.9952076684126655
1655	44	0.001515623801833902
1655	383	0.000126946916323696
1655	601	0.0004882887974533584
1655	1138	4.652626342081429e-07
1655	1256	7.524718362799291e-08
1655	1630	0.0001614955461669852
1655	1655	0.9942707845724346
1655	1675	0.003436319855969678
1656	149	0.002985206019093228
1656	522	0.001864596505034008
1656	622	0.0007532191062082967
1656	863	0.0002516475606626554
1656	1067	0.001100797049508318
1656	1554	3.604106863159607e-05
1656	1656	0.9930084926908619
1657	59	0.000459271129864124
1657	754	0.0002648263737549958
1657	811	0.0006714378487468515
1657	824	0.001712622624028769
1657	1137	0.0001306613741978739
1657	1602	0.0001535368423749327
1657	1657	0.9966076438070325
1658	274	0.004369287677213484
1658	762	0.0004287295693485464
1658	830	0.0007096881188038037
1658	1544	0.001018881274760912
1658	1658	0.9934734113876504
1658	1782	1.97222286766915e-09
1659	34	0.0007917791422321689
1659	487	2.844430224944618e-08
1659	571	0.002642820688723453
1659	1198	6.424408168761497e-08
1659	1528	0.0010963235002407
1659	1659	0.9953543085040502
1659	1704	0.0001146754763695442
1660	54	0.0002343020058612908
1660	496	0.0001042995521780419
1660	521	0.0009941574510909969
1660	927	0.001190796752526941
1660	1492	0.003943280249863979
1660	1660	0.9935331639884788
1661	387	0.002024822885355478
1661	494	0.005006695588519297
1661	1426	0.0001182799197182492
1661	1661	0.9908007007344949
1661	1698	0.002049500871912188
1662	144	0.001086702239174057
1662	569	0.004013758396488632
1662	597	0.0006309509882797699
1662	1541	0.001153148217609464
1662	1662	0.9931146562799406
1662	1882	7.838785075800587e-07
1663	130	0.001324086568832952
1663	502	0.0009233957384887586
1663	627	0.0002463441815736662
1663	1190	0.0001501468180515379
1663	1208	0.0002214661083469129
1663	1291	0.0002981498778461631
1663	1604	0.0002920718267939135
1663	1663	0.9965443388800661
1664	110	0.0003108714773175342
1664	233	0.0004083971762373783
1664	533	0.001428833791269244
1664	683	0.0007424450650388172
1664	732	0.0008538874686228917
1664	901	0.0001472354412546092
1664	1664	0.9955652979899999
1664	1721	0.0005430315902596349
1665	288	0.001273317891557121
1665	539	0.001215379795424285
1665	944	0.0001820227419402167
1665	1070	0.002318280624686913
1665	1665	0.9930586690224499
1665	1811	0.001952329923941604
1666	139	0.0006638778453494735
1666	171	6.382678438754256e-09
1666	459	0.001693841498776051
1666	1194	1.156410543702552e-07
1666	1296	0.0005446171615469196
1666	1614	0.001510628490923621
1666	1642	0.0008149074913823407
1666	1666	0.9947720054882888
1667	39	0.0002603518302247323
1667	516	0.0005698907882527133
1667	1272	6.547771556543233e-11
1667	1645	0.001271833444890383
1667	1667	0.9946977133404447
1667	1700	4.716699965002761e-08
1667	1834	0.003200163363710254
1668	259	0.0008105963334748157
1668	294	2.373380262565243e-05
1668	565	0.0004794343083661386
1668	894	0.001430954300164898
1668	945	0.0002435635823481269
1668	1199	2.755555140937547e-09
1668	1668	0.9967592441142169
1668	1680	0.0002524708032482845
1669	418	0.0009901500230216824
1669	514	0.001300746676185626
1669	698	0.001237773838358506
1669	1669	0.9964713294624342
1670	148	0.004038669590928369
1670	538	0.001962850781860398
1670	755	0.001710271444289339
1670	910	0.002033097455618862
1670	1095	0.0005367846033391446
1670	1670	0.9897183218465334
1670	1771	4.277430521339127e-09
1671	46	0.001143997760393647
1671	768	0.002420562529424222
1671	1025	3.365938959953416e-05
1671	1671	0.9952063512477779
1671	1707	0.0005034497717186074
1671	1836	0.0006919793010861499
1672	352	0.0005582455267519551
1672	1220	0.0008612161415754549
1672	1672	0.990604358332635
1672	1747	0.0002386974989823617
1672	1854	0.004313351283937557
1672	1927	0.002148688392711898
1672	1930	0.001275442823405887
1673	119	0.001109278918129495
1673	225	6.448185262093539e-07
1673	482	0.0008586650572301943
1673	762	0.002727446070490057
1673	1211	0.001514383650128669
1673	1658	6.033923335497308e-08
1673	1673	0.993680042067586
1673	1803	0.000109479078676053
1674	48	0.001434268534091626
1674	893	9.332359845577317e-09
1674	1420	0.0006229157364678403
1674	1649	0.0005053987263554387
1674	1674	0.9972523654542226
1674	1863	9.288215987789383e-09
1674	1936	0.000185032928286667
1675	44	1.294871632633806e-05
1675	137	0.001186655222683315
1675	383	0.0001467001808704387
1675	601	0.002888942943650578
1675	1556	0.001363662848692562
1675	1675	0.9944010900877768
1676	139	0.001494184826115663
1676	366	0.0001028500849108297
1676	459	0.00169832707080606
1676	572	0.00127365217597243
1676	1076	4.276214040843059e-09
1676	1666	0.0006240051893029741
1676	1676	0.994806976376678
1677	561	0.002206801316070946
1677	729	0.0006446310422576653
1677	1356	0.0005173680890856222
1677	1633	1.113609570147073e-05
1677	1677	0.9966200634568843
1678	75	0.000460249250606518
1678	456	0.0006988787405927216
1678	902	0.002875098183955495
1678	1244	2.644967906939069e-05
1678	1449	0.0003119321102414634
1678	1678	0.9956273920355344
1679	591	0.002044557029052914
1679	692	3.698320952943925e-08
1679	796	0.0003372275983424292
1679	893	4.441634658174003e-06
1679	1571	1.676565302086968e-06
1679	1580	0.002153752129817409
1679	1605	0.0007674581660267712
1679	1679	0.9946908498935907
1680	565	0.001509765542282923
1680	945	6.369126325183661e-08
1680	1615	0.0001340177065603327
1680	1668	0.00105791061289318
1680	1680	0.9972982424470003
1681	818	0.0006988634524231739
1681	936	0.002761901109826713
1681	1681	0.9887193022602548
1681	1824	0.001665968673603747
1681	1875	0.004800264723616535
1681	1876	0.001353699780274989
1682	116	0.001356722946808566
1682	467	0.001242536666113621
1682	1300	0.0004422023251612848
1682	1535	0.0004216289089817235
1682	1682	0.9965368865803808
1682	1847	2.257255403273582e-08
1683	26	4.22246178539665e-08
1683	275	0.0005797922177828375
1683	518	0.0009379567765434712
1683	545	0.003792427126020872
1683	962	0.0005936801439668014
1683	1018	9.74982625352933e-05
1683	1561	0.001238697673397144
1683	1683	0.9927599055751357
1684	161	0.0004709223630153955
1684	598	0.0006687116243358958
1684	654	0.0006890120709349216
1684	947	6.962959897985724e-05
1684	1574	0.0004207176510994137
1684	1608	0.0007645967771253018
1684	1684	0.9968960822922386
1684	1727	2.032762227068586e-05
1685	260	7.396587715192153e-06
1685	393	0.00243684926236998
1685	576	0.0007576270620772253
1685	1101	0.0009823012460746781
1685	1230	0.001122645457424284
1685	1257	1.283057760657307e-08
1685	1685	0.994693167553761
1686	595	0.0002989874356974753
1686	638	0.0003509538276452713
1686	1146	0.001817590228080458
1686	1686	0.9966523491807761
1686	1714	0.0008801193278007065
1687	174	0.0002782722831895546
1687	282	0.003183221378579324
1687	1001	0.004820976175391792
1687	1687	0.9917175301628394
1688	168	4.35243017210648e-07
1688	1063	0.0004112187337414146
1688	1303	0.0004421359417628441
1688	1548	1.305501896092664e-07
1688	1589	0.005468309572170657
1688	1635	0.002935506175281241
1688	1688	0.988983262545917
1688	1702	0.001759001237920058
1689	51	0.0005587930638907306
1689	292	0.001610408436612563
1689	435	0.001211159942135143
1689	642	2.82427407077866e-07
1689	942	0.001271573984251579
1689	1625	3.580458768723583e-06
1689	1689	0.9944968029246365
1689	1855	0.000847398762297645
1690	457	0.001046135663602352
1690	518	8.456028031264293e-07
1690	1080	0.003567909489152494
1690	1111	8.595935709284193e-05
1690	1547	0.0005283274721876362
1690	1643	0.004036691088871627
1690	1690	0.99073413132629
1691	647	0.001108178771007702
1691	754	0.0005044517708929864
1691	811	0.001028307118992832
1691	1166	2.148482034939076e-05
1691	1640	0.0006476990094401511
1691	1691	0.9965335583751468
1691	1925	0.0001563201341701289
1692	96	0.0007353034345644042
1692	515	0.001819677095472312
1692	517	3.323052124437286e-05
1692	1418	2.87653744447555e-09
1692	1458	0.00162761171709747
1692	1692	0.995784174355084
1693	860	0.0004740985212638522
1693	881	0.0003192363410212886
1693	917	0.001327298592874998
1693	1693	0.9958097970713456
1693	1791	0.0003167244126548034
1693	1873	0.0004099457080868453
1693	1881	0.0006246765977268318
1693	1942	0.0007182227550257934
1694	483	0.0003829218704033545
1694	526	0.001092480390358704
1694	1368	0.0003943436335445251
1694	1463	0.001466103625363923
1694	1617	0.0004178159242715935
1694	1694	0.9962463345560579
1695	231	0.002521590051415489
1695	669	0.0008003214843185177
1695	713	0.0003325234863503503
1695	979	0.0004357982550444291
1695	1065	0.001227991976540337
1695	1607	2.417575448159113e-08
1695	1695	0.9914325604270854
1695	1906	3.558169338067597e-05
1695	1917	0.003213608450110303
1696	185	0.002665486168940274
1696	639	0.001775722740550049
1696	846	0.0001882508623469788
1696	971	3.240852971988662e-06
1696	1187	0.0001497553570816419
1696	1696	0.9942554593584714
1696	1959	0.0009620846596376942
1697	589	5.287861369578469e-08
1697	828	5.13162045323834e-05
1697	954	0.002700596261033637
1697	1697	0.9960182964072095
1697	1815	4.152709122031124e-07
1697	1915	0.001109991299816159
1697	1939	0.0001193316778823938
1698	31	0.001121177144593764
1698	387	0.002599040370296346
1698	1661	0.000107672921794481
1698	1698	0.9927164797668083
1698	1943	0.0001842963116464324
1698	1945	0.001539513664254586
1698	1971	0.001731819820606142
1699	483	0.001637490210923648
1699	1253	0.001282469621655029
1699	1337	4.072970134385905e-06
1699	1487	0.0002107631430102639
1699	1617	0.0005228568448827016
1699	1699	0.996342347209394
1700	516	0.001548891840552445
1700	578	0.0001407480491974417
1700	1521	0.0006240007105408252
1700	1667	4.603925128107119e-10
1700	1700	0.9961049849550379
1700	1722	0.001581373984279094
1701	132	0.0009130559171975054
1701	472	0.001469925800703026
1701	540	0.0005502489762345388
1701	1052	0.001743495003913606
1701	1390	0.0001340849711780317
1701	1552	0.001843620130381533
1701	1560	0.0004025164481039923
1701	1701	0.9929430527522878
1702	59	1.737270860427011e-05
1702	207	0.0009844810666169519
1702	464	1.667644185119039e-07
1702	557	0.000645499603350554
1702	1063	0.002069685375616736
1702	1548	0.0001573940761773233
1702	1589	0.0006924601710295183
1702	1702	0.9954329402341862
1703	453	0.001209913142714602
1703	682	0.001046684653497342
1703	1011	0.001005065767182507
1703	1512	0.000227553612003904
1703	1568	0.001148450841317247
1703	1703	0.9953623319832844
1704	323	0.00134228776377676
1704	571	0.001833763769562216
1704	1198	0.001735301388800445
1704	1659	0.0003487213523025418
1704	1704	0.994739925725558
1705	44	0.000525023687528646
1705	667	0.0001617522323632613
1705	943	0.0006303707443107099
1705	1256	0.002157708898952667
1705	1324	0.000309658980707224
1705	1417	0.001015087334913738
1705	1705	0.9951994634073196
1705	1779	9.347139041746352e-07
1706	198	0.001726693858760362
1706	413	0.0002751654618327018
1706	813	0.0007745618065591125
1706	963	0.0008220823929091358
1706	1236	0.0007369374455536936
1706	1706	0.995664559034385
1707	448	0.000613473131094164
1707	768	0.0008898173188644772
1707	1061	0.002741922085980026
1707	1671	1.404913217658086e-05
1707	1707	0.9957407383318847
1708	807	0.0004747628294121354
1708	1708	0.9947872878267848
1708	1855	0.0003482449470423964
1708	1948	0.003655725430102743
1708	1951	0.0007339789666578119
1709	117	0.0002721673855369363
1709	475	0.0003382163808046228
1709	479	0.0007196185579364508
1709	841	0.0005986456122142875
1709	1472	0.0001749927523082118
1709	1476	0.000110229793604244
1709	1631	0.0001366446061904293
1709	1709	0.9976494849114048
1710	14	7.336826043206559e-05
1710	244	0.0003300587055309518
1710	673	0.0009936918825237187
1710	916	0.00143809059674116
1710	1266	0.0005035858823449855
1710	1710	0.9962548695837038
1710	1718	0.0004063350887232926
1711	84	0.002147190483705947
1711	1124	0.000359660563042149
1711	1341	0.002943549679423783
1711	1711	0.9945495992738281
1712	35	0.0002836575480132812
1712	466	0.0002192869384037761
1712	562	0.001392177929127136
1712	999	0.0001181337742190377
1712	1346	0.0007047760089846484
1712	1407	3.321352215721487e-05
1712	1712	0.9964574612380103
1712	1933	0.0007912930410845603
1713	70	2.253121932894022e-07
1713	149	3.03283353390968e-05
1713	863	0.005126600254983206
1713	1599	0.004405990699698332
1713	1713	0.990436855397786
1714	199	0.0002750904246435259
1714	595	0.001386682304126503
1714	686	0.001155437621200555
1714	1146	3.110965184922072e-05
1714	1628	0.0002281538826037996
1714	1686	0.0006225368997662354
1714	1714	0.9963009892158101
1715	514	0.003849664595622456
1715	1669	0.0009551084800978785
1715	1715	0.9945181840640699
1715	1829	0.000677042860209767
1716	6	1.488668509117041e-07
1716	257	0.001233006403673377
1716	553	0.0005674010149421202
1716	556	0.001890832849822248
1716	863	0.003306044824233895
1716	1713	0.001881268401217715
1716	1716	0.9911212976392597
1717	90	0.0005325398510879467
1717	329	0.0009594252885970306
1717	646	0.000766040665230226
1717	867	0.001807473380413879
1717	1240	0.0007934497526552163
1717	1277	6.059660564020175e-05
1717	1602	2.779827788548995e-09
1717	1717	0.9950804716765477
1718	673	0.0003980251247881366
1718	714	0.0005377222448442839
1718	916	0.0008129729001362865
1718	1229	0.0008136658657196901
1718	1360	0.001270135546085108
1718	1710	3.719140488684135e-05
1718	1718	0.995580672655464
1718	1730	0.0005496142580756144
1719	284	3.795071654118261e-05
1719	726	0.00209938706924366
1719	784	0.0001318841436329633
1719	793	2.819294861755174e-05
1719	1118	0.003011525053678729
1719	1719	0.9946910600682859
1720	42	0.001294974609344933
1720	154	0.001188393411780771
1720	453	0.001403700047915474
1720	543	0.00187015153477656
1720	566	0.002386211093926984
1720	1720	0.9918565693022553
1721	110	0.0009731254470321835
1721	415	0.0002560225901064683
1721	732	0.0005690662985810664
1721	1345	0.0003319155539994438
1721	1423	0.0003996109921358908
1721	1664	0.0006654356905210349
1721	1721	0.9968048234276239
1722	516	0.0007415567492318958
1722	1300	0.0008106584296996341
1722	1521	0.0001970280266463374
1722	1535	0.001458841437738613
1722	1682	0.0002556127104431568
1722	1722	0.9965363026462404
1723	313	8.297908777194461e-05
1723	319	0.00124976699713858
1723	822	0.0004192509779403963
1723	850	0.00153537659769975
1723	1723	0.9962954758624313
1723	1806	0.0004171504770180721
1724	135	1.528856442675639e-05
1724	487	0.0005987250978243155
1724	517	0.00195952448874448
1724	862	0.0003121244931565751
1724	1198	1.882312378856855e-10
1724	1418	0.001198851952635713
1724	1724	0.9959154852149811
1725	226	0.0001615929500744412
1725	544	0.00283985639928264
1725	703	0.001427593294368726
1725	747	0.0001842449106253473
1725	805	8.144903568000092e-05
1725	1725	0.9953052634099688
1726	160	0.0008240386081719908
1726	666	0.0007159068175417454
1726	883	0.001125689436463763
1726	987	0.0009800878603949622
1726	1595	0.0008792401324910253
1726	1726	0.9949714266607499
1726	1884	8.915022745644514e-11
1726	1901	0.0005036103950365998
1727	654	0.001119316185619044
1727	947	0.000652988709835311
1727	1122	4.939205393674862e-05
1727	1397	0.0004460661939261103
1727	1684	0.0007465250486432355
1727	1727	0.9969857118080395
1728	157	0.0006076369455036865
1728	1098	0.001271058327194414
1728	1124	8.388002764930017e-06
1728	1343	0.0006704819723423726
1728	1728	0.9974424347521946
1729	184	0.0007900793174149901
1729	692	0.0003906428163261081
1729	814	0.0003651708470929226
1729	1312	0.0004200287857745392
1729	1420	0.001065343565050931
1729	1729	0.996289886793899
1729	1736	0.0001552130727376323
1729	1795	0.0005236348017038925
1730	219	3.471564662381419e-05
1730	606	0.0008377899187203224
1730	714	8.703393571356673e-05
1730	847	0.0006123856310172072
1730	1360	0.0008048985514546127
1730	1606	0.0009378491000714383
1730	1718	0.0001267816002053596
1730	1730	0.9965585456161937
1731	469	0.002171970709188462
1731	848	0.0005329134268485448
1731	1206	0.0008197542876034503
1731	1579	0.01154717438151586
1731	1592	0.002126784944317828
1731	1731	0.9828014022505258
1732	826	0.0008102010240345586
1732	1254	0.0005483194026792681
1732	1499	0.003797098650720476
1732	1732	0.9928027069316701
1732	1813	0.002041673990895695
1733	1468	0.0002962763867510441
1733	1733	0.999703723613249
1734	889	0.002412742448167303
1734	1133	0.002154414782725172
1734	1453	0.001609427906205414
1734	1734	0.9938234148629022
1735	401	0.001418940244665756
1735	511	2.438171087279773e-05
1735	1112	0.003257902702299509
1735	1735	0.9945079742007895
1735	1804	8.343487944211774e-08
1735	1955	0.0007907177064929515
1736	184	0.001254559294651982
1736	624	0.0005271726225750722
1736	770	0.0003632918529340399
1736	1729	0.0002251097236603535
1736	1736	0.9967019242013279
1736	1795	0.0006447249861015978
1736	1828	0.0002832173187490955
1737	241	0.001702599253205388
1737	433	0.0004150145160090184
1737	1737	0.9978823862307856
1738	91	0.0007598985631010047
1738	1064	0.0005574478711160268
1738	1738	0.998682653565783
1738	1740	1.381989270859703e-27
1739	354	0.003464420408615942
1739	715	0.0003456441069654149
1739	1739	0.9948002623556603
1739	1765	0.001389673128758387
1740	91	0.006138350844860675
1740	586	6.177721760033729e-08
1740	1738	1.685632824024577e-07
1740	1740	0.9938614188146393
1740	1754	3.873739691885231e-27
1741	86	0.0005890023689990077
1741	1479	0.002392965392605121
1741	1741	0.995855593580437
1741	1857	0.0008891698026821002
1741	1920	0.0002732688552769089
1742	1	0.001915101430483056
1742	169	5.63689463255898e-28
1742	1497	0.001016043221054723
1742	1742	0.9970688553484622
1743	301	0.0003576103038483454
1743	1088	0.0006505264245913564
1743	1743	0.9975098780432792
1743	1783	0.00148198522828115
1744	289	0.0007068441345542388
1744	965	0.0008245467143966279
1744	1744	0.9951475816187295
1744	1745	0.001520102022211239
1744	1812	1.32052467642877e-07
1744	1868	0.001007499346703926
1744	1909	0.0007932941109368444
1745	965	0.0006232917665058411
1745	1744	0.0003141591114885314
1745	1745	0.9989654379957933
1745	1868	9.711112621231107e-05
1746	320	2.703732004139266e-09
1746	1746	0.9726264477249705
1746	1758	0.02306058503204231
1746	1773	0.004312964539255141
1747	1509	0.001214279091134613
1747	1672	0.004071945567015602
1747	1747	0.9862449070593668
1747	1854	0.003473819681724728
1747	1869	0.003745812003808834
1747	1930	0.001249236596949362
1748	40	1.066263208061421e-06
1748	856	0.001239314267197503
1748	1195	0.0009911092460756078
1748	1748	0.9977685102235189
1749	159	0.002852109973824272
1749	1749	0.9942872521470657
1749	1826	0.00268202333966515
1749	1964	0.0001786145394448775
1750	233	1.355376608153285e-26
1750	402	0.001918047269106832
1750	1037	0.0007876503519396658
1750	1750	0.9972943023789536
1751	1479	0.0006343749893674474
1751	1751	0.9977168525087142
1751	1856	0.00111874790422547
1751	1957	0.000500262093318664
1751	1970	2.976250437411742e-05
1752	18	0.003303105266097087
1752	1344	0.0005523179585686604
1752	1752	0.9915595932267716
1752	1918	0.004584983548562707
1753	373	0.000559765251505157
1753	774	0.001046444681474236
1753	1036	9.43525210724252e-09
1753	1753	0.9973741423614375
1753	1953	0.001019638270331073
1754	28	2.194373953259415e-07
1754	1127	6.761916694332032e-09
1754	1271	5.383521989316703e-05
1754	1740	4.171938602171017e-27
1754	1754	0.9966476382659947
1754	1822	0.002479771229353897
1754	1835	0.0008185290854461952
1755	1036	0.0008733964757685779
1755	1064	0.001955166152989871
1755	1116	0.001033679481887941
1755	1755	0.9961377578893537
1756	1	0.001995669944817818
1756	485	0.001964425905877567
1756	715	0.0008695653983406814
1756	1756	0.9951703387509639
1757	170	0.001022243736952719
1757	534	0.0003113394338472786
1757	670	0.0003444846659641082
1757	733	0.002148037115164706
1757	1289	0.0001124855745251334
1757	1757	0.9955032770824764
1757	1775	0.0005581323910696409
1758	934	0.01656749213488666
1758	1758	0.9771684542154608
1758	1773	0.000200089024857616
1758	1879	0.006063964624794967
1759	276	0.001676117829050798
1759	490	0.002480737145575407
1759	983	0.002689543570820262
1759	1759	0.9931536014545536
1759	1887	2.852569536203048e-27
1760	477	0.001403183176075316
1760	851	0.002461851130931176
1760	1003	0.00202988247262925
1760	1760	0.9938245803554456
1760	1780	0.0002805028649186
1761	159	0.002331269329002032
1761	349	0.000353408020523022
1761	500	0.0003698306282502824
1761	614	0.009181265319008076
1761	1761	0.9877642267032166
1762	115	0.001148779843695478
1762	262	0.001925563547854611
1762	427	1.712185655100054e-06
1762	635	0.001547715543709101
1762	775	0.0001290079907022155
1762	1762	0.9952472208883835
1763	284	0.0004802918606308167
1763	409	2.921119957472354e-06
1763	766	0.0001558507364211051
1763	904	0.001241012916679854
1763	1157	0.0008263773607027598
1763	1550	0.0004556740754524936
1763	1763	0.9968378719301555
1764	335	5.689619946859551e-06
1764	857	0.004096099281125865
1764	1167	0.0001517376282611675
1764	1764	0.9957464734706661
1765	354	0.001612374827298869
1765	715	4.352190181014589e-05
1765	873	0.000584287699225392
1765	1053	0.001430441801067554
1765	1476	0.001312232514810788
1765	1631	0.0001929197057939134
1765	1739	0.0005150465392936933
1765	1765	0.9943091750106996
1766	283	2.894566826163834e-27
1766	537	4.02971891815024e-27
1766	827	0.001068678340506896
1766	1450	0.001835721897376437
1766	1766	0.9970955997621167
1767	1136	0.001256530667982505
1767	1427	0.001263775865848843
1767	1539	0.001228023763614168
1767	1767	0.9953004704849028
1767	1892	0.0009511958671774123
1767	1904	3.350474363394602e-09
1767	1905	1.171816876410138e-26
1768	241	0.001975978841369433
1768	433	0.0005996353229205772
1768	1049	0.002198746168923689
1768	1355	0.0009744160540853052
1768	1768	0.994251223612701
1769	169	0.006836584467970599
1769	445	0.004165461994489997
1769	1497	0.002149021803543584
1769	1769	0.9781567763632705
1769	1786	0.003579797715759029
1769	1893	0.005112357654966279
1770	284	0.001976857418112843
1770	409	0.00126542247096725
1770	784	0.0002948437889310798
1770	1416	0.0001878321033347762
1770	1763	0.001403441428177774
1770	1770	0.9948716027904763
1771	399	0.00252017938376515
1771	755	0.0008427206024006185
1771	1150	1.739436406046236e-05
1771	1525	0.0005750047284799013
1771	1670	7.598684271804316e-08
1771	1771	0.9940778636949626
1771	1864	0.001966761239488488
1772	41	0.0039161629399114
1772	948	0.006232164788943413
1772	1313	0.0007643816968814022
1772	1772	0.9890872905742638
1773	320	0.004509767494974122
1773	678	0.002780263495556047
1773	1051	1.188476683460176e-06
1773	1746	0.002260760109546833
1773	1758	0.0007902240040036224
1773	1773	0.9896577964192359
1774	536	0.00177495475121104
1774	605	0.001639649851637523
1774	643	0.0006309474128482857
1774	1428	0.009717971426144105
1774	1551	0.0007063834858233429
1774	1774	0.9855300930723357
1775	216	0.001385351888193783
1775	281	1.573121751185728e-09
1775	534	0.0008973557267094834
1775	733	0.0009474130749369426
1775	892	0.0002622800285020252
1775	1340	0.0007380364415611745
1775	1757	0.0001569876329783133
1775	1775	0.9956125736339966
1776	320	0.0004931275385994154
1776	1746	0.02744240341546222
1776	1773	0.001138539529658191
1776	1776	0.9709259295162802
1777	1085	0.002266990855965266
1777	1167	7.144867635069332e-05
1777	1764	0.00222734567767106
1777	1777	0.9954342147900129
1778	197	0.001589134423780808
1778	718	0.0006921339612936786
1778	977	0.0004646368234433877
1778	1223	2.233145023971199e-09
1778	1450	0.0004868865485037048
1778	1778	0.9963392789593779
1778	1922	0.0004279270504555211
1779	276	0.003776861899787206
1779	983	0.0009695600986763115
1779	1417	0.003705593604272896
1779	1705	1.8193474297313e-06
1779	1779	0.9915461650498338
1780	477	0.001183486895844007
1780	570	0.0009834450221285266
1780	1376	0.0008949885153965753
1780	1760	0.001523475648177246
1780	1780	0.9954146039184536
1781	792	0.001026389885102399
1781	859	0.001741797048461179
1781	1102	0.0002733643939669934
1781	1781	0.9953468327608408
1781	1907	0.0009378286291473592
1781	1923	0.0006737872824812038
1782	88	0.0005089755712750693
1782	274	0.0008363917244603513
1782	830	0.0003423597046725206
1782	854	0.0009780194359197787
1782	925	0.0007498591367293218
1782	1658	6.212513247833771e-07
1782	1782	0.9943901387324703
1782	1818	0.002193634443147955
1783	301	0.001298164725631257
1783	434	0.001817047453978117
1783	1219	0.001413751947847819
1783	1783	0.9954710358725428
1784	330	0.0005374012608138666
1784	417	0.001513613974704347
1784	1235	0.0002447127755842782
1784	1316	0.0007524575085279752
1784	1521	0.0005953146014088695
1784	1593	0.0002237729418835698
1784	1784	0.9961327269370771
1785	218	0.003774732271319511
1785	286	0.001358089615129423
1785	1013	0.000222125699840256
1785	1030	0.0008575264180312916
1785	1480	0.0009325456386360862
1785	1785	0.9928549803570434
1786	41	0.001574859422881086
1786	169	0.0009551560247220101
1786	445	0.001406368834644847
1786	868	0.0009812322162224979
1786	1437	0.003708886940292267
1786	1769	0.003795726894365087
1786	1786	0.9875777696668722
1787	203	0.0001660691460221591
1787	587	0.000471004246245831
1787	779	0.0002236624120265706
1787	1071	2.765193901054995e-07
1787	1085	0.008192529831194527
1787	1777	0.004550405442982556
1787	1787	0.9863960524021382
1788	166	0.0005049058915735144
1788	308	0.0008731368874449372
1788	638	0.0002869377454707658
1788	986	0.0004159817814429498
1788	1146	4.477713890365001e-05
1788	1387	0.0003040927402734742
1788	1788	0.9975701678148907
1789	170	0.0005843990934409169
1789	345	0.0002712821718503605
1789	513	9.700801997198461e-05
1789	1007	0.0004445339993096719
1789	1289	0.001099164752885032
1789	1448	0.0004921545774961594
1789	1789	0.9970114573850459
1790	245	0.001118315936107653
1790	886	0.001761186873135982
1790	1430	0.0007499435581674096
1790	1519	0.0009473431999551601
1790	1790	0.9926184207219731
1790	1865	0.0006027430636101023
1790	1896	0.00220204664705063
1791	757	0.004504064513855164
1791	819	1.24183253732135e-06
1791	1693	0.0006153979786689799
1791	1791	0.9918230789432386
1791	1796	0.0002942313573191324
1791	1881	0.002761985374380744
1792	111	0.000272341385800785
1792	425	0.001075031411373221
1792	1328	0.001003952232467081
1792	1638	1.929525168624257e-05
1792	1792	0.9950343063745609
1792	1821	0.001686880927529607
1792	1823	0.0009078756772671918
1792	1908	3.167393149602279e-07
1793	433	7.192257122829033e-28
1793	724	0.001551331778005893
1793	1172	0.006065652393627322
1793	1793	0.9923600028736455
1793	1827	2.301295472120729e-05
1794	111	0.0004795219584458567
1794	190	0.0005320720914804228
1794	425	0.00126641838103646
1794	1794	0.9950565798134247
1794	1908	1.531500233310413e-05
1794	1969	0.002650092753279496
1795	184	8.27249942778906e-08
1795	931	0.0008792282936578442
1795	1312	0.0007226018406078675
1795	1729	0.0005671417559027341
1795	1736	0.0006690951017450796
1795	1795	0.9963221202762822
1795	1828	0.0008396760523666375
1795	1838	5.395444336260754e-08
1796	56	0.0001122097552655988
1796	757	2.478590981617715e-06
1796	787	0.00159577603739354
1796	819	0.002408744561705298
1796	1791	0.0006454149218791172
1796	1796	0.9952347594207687
1796	1819	6.16712006101296e-07
1797	131	0.000226864019911445
1797	506	0.0007188992027654287
1797	664	0.0007468876614114857
1797	1385	0.0002231453511879991
1797	1572	1.365594245292252e-08
1797	1616	0.0001794911209679437
1797	1797	0.996572693835436
1797	1808	0.001332005152377188
1798	608	0.0005308123877951571
1798	772	1.06734544001697e-05
1798	947	0.0006352533489357859
1798	1122	0.001047903964042958
1798	1727	0.001267511422427777
1798	1798	0.9965078454223982
1799	28	2.084608188328577e-07
1799	344	0.001000131912655147
1799	586	0.003408377914000418
1799	1127	0.0002326144123962025
1799	1799	0.9951227953375592
1799	1835	0.0002358719625702083
1800	442	0.0005839783199702427
1800	879	3.783145487339458e-05
1800	1249	0.0008720565938007263
1800	1269	0.001029046372648144
1800	1587	0.0005547851193543088
1800	1800	0.9967817456784293
1800	1805	0.0001405564609238989
1801	23	0.000883215275757787
1801	712	4.752323315705182e-05
1801	998	0.001114277801407333
1801	1801	0.9979549836896778
1802	190	0.001034456178888823
1802	815	0.003889165229497877
1802	1802	0.9928748905460382
1802	1954	6.179139786004578e-05
1802	1969	0.002139696647715146
1803	225	0.002046071707073186
1803	743	0.0002489362804022237
1803	762	8.802100956366135e-05
1803	1211	0.001396667075387332
1803	1283	0.001154597555599816
1803	1673	8.732480154066043e-05
1803	1803	0.9930698820729507
1803	1962	0.001908499497482493
1804	401	1.478910841983924e-26
1804	1112	0.005950737140858328
1804	1802	0.00137175146309804
1804	1804	0.9887417922500468
1804	1954	0.003926886400232374
1804	1960	8.83274576447265e-06
1805	442	0.001433391768867596
1805	565	0.0002296426310844743
1805	619	0.0008591789023771107
1805	1350	5.246963018952598e-08
1805	1587	7.840183475104458e-05
1805	1615	0.0004801805169725063
1805	1800	0.0002028426387914851
1805	1805	0.9967163092375256
1806	85	0.0008778769162646966
1806	319	0.000115713735057319
1806	840	0.0006985973615462835
1806	850	1.644558207712003e-05
1806	1267	0.00132912716617101
1806	1647	7.068005995165565e-05
1806	1806	0.9968915591789319
1807	5	0.001903854637866009
1807	247	0.000152123103815873
1807	636	2.884145087315905e-05
1807	885	0.002247285932877606
1807	1807	0.9956678948745673
1808	62	0.000378535394828547
1808	376	0.0003024876206895183
1808	506	0.0001792822957864009
1808	664	2.665501500158652e-08
1808	1130	0.001021154764526175
1808	1385	0.0006050478006503638
1808	1572	0.000578097764681559
1808	1797	0.0002089153283249268
1808	1808	0.9967264523754975
1809	50	0.008949768090130322
1809	207	0.000978550135488553
1809	549	0.000985489631655649
1809	923	1.594247777230958e-05
1809	1644	5.695039633990532e-08
1809	1809	0.9890701927145569
1810	134	0.0002968785274594835
1810	179	0.00218834383317235
1810	548	0.0002290895142460681
1810	1178	0.0006606213459270524
1810	1585	0.001714290548771143
1810	1810	0.9925228366048612
1810	1870	0.0004774498061704042
1810	1919	0.001910489819392324
1811	288	0.001421931249832354
1811	539	0.003046475383964115
1811	583	1.563039111208541e-08
1811	1073	0.001247000864630022
1811	1641	0.0007930989265092695
1811	1811	0.9932333134030279
1811	1876	0.0002581645416452312
1812	73	0.003876832875564579
1812	958	0.0002942167018729739
1812	965	0.002813949858202309
1812	1744	1.061851066589132e-07
1812	1812	0.9916390532780028
1812	1909	0.001375841101250641
1813	515	0.001012083624895577
1813	765	0.001583342089372281
1813	826	0.0002595555415991986
1813	1262	0.001772645253052672
1813	1813	0.9953723734910803
1814	806	0.003825382601072405
1814	875	0.0002749187019755338
1814	1208	1.349648533383161e-06
1814	1598	0.000169885797275901
1814	1652	0.001147262337587522
1814	1814	0.9945812009135553
1815	259	3.802753193645724e-05
1815	696	0.0002175957586425455
1815	945	0.0009867551266142531
1815	954	0.00107887599982143
1815	1697	4.369915503965984e-08
1815	1815	0.9967767777279329
1815	1898	0.0009019241558972624
1816	250	0.001365664889598882
1816	440	0.0003387758396964332
1816	469	0.002163151050638417
1816	623	0.001466076840549266
1816	750	0.000786132515810021
1816	1069	1.659664498090195e-07
1816	1816	0.9938800328972571
1817	158	0.0003747802007275227
1817	341	0.0009457575351253193
1817	530	0.001037872460035459
1817	973	3.996731177389785e-09
1817	1049	0.0002872643121048833
1817	1355	0.0008836759613442938
1817	1817	0.9964706455339314
1818	281	0.0008555042004319267
1818	344	0.000163033257103091
1818	854	0.0007312133584957741
1818	925	0.001592937765418291
1818	1280	0.001548721910192986
1818	1782	0.0002244101911736199
1818	1818	0.9948841793171843
1819	229	0.001814605816677891
1819	295	0.00242308078146385
1819	592	0.001762682036758643
1819	787	0.003190436196945989
1819	819	0.001382775472390138
1819	936	0.0003478240514697253
1819	1056	0.001546470446752102
1819	1819	0.9875320439922467
1819	1837	8.120529490799662e-08
1820	247	0.0007348149126247492
1820	316	0.0001264097299751746
1820	885	2.415656720048539e-08
1820	1031	0.0009524055654821905
1820	1807	0.002760167560318772
1820	1820	0.9954261780750319
1821	425	4.746427176329208e-05
1821	630	0.001557944770179019
1821	1328	0.001936055903763972
1821	1792	0.0005060947033718135
1821	1821	0.9950560651928223
1821	1842	1.764920434476637e-07
1821	1884	0.0004617503744881195
1821	1908	0.0004344482915680447
1822	389	0.005208906646067712
1822	574	0.0008538787542642789
1822	1271	0.0001711252484197596
1822	1822	0.9937660893512482
1823	666	0.0008980196362279853
1823	1023	0.0003853300928635982
1823	1042	0.0001530365759066182
1823	1328	0.002061399306231347
1823	1638	0.0002113004944627163
1823	1792	0.001110111935946413
1823	1823	0.9951808019583613
1824	482	0.002662966867432929
1824	554	0.0008580426163801504
1824	760	0.004600441346736475
1824	936	0.001140159383338381
1824	976	0.000711768846606531
1824	1681	0.002347380316631579
1824	1824	0.9876792406228739
1825	57	0.001264971842064576
1825	475	0.0009901927861664785
1825	479	0.0006816494599376754
1825	503	0.0004832998182405011
1825	820	0.001448693232911974
1825	1650	0.0005591835087835458
1825	1825	0.9945720093518953
1826	1143	0.0001141766638071382
1826	1749	0.003723527277078502
1826	1826	0.9924687183009667
1826	1964	0.003693577758147598
1827	454	0.0003577045461539129
1827	667	0.0002941874438843668
1827	724	0.00090900499077384
1827	943	0.002695620088620193
1827	970	0.000621834820780091
1827	1582	0.001737738498258982
1827	1793	4.64015763846154e-05
1827	1827	0.993337508035144
1828	215	0.0006053967457684167
1828	624	0.0007637673942732848
1828	657	2.162511884652347e-08
1828	931	0.0004188684608539774
1828	1736	0.0002683103679202388
1828	1795	0.0006288847642812128
1828	1828	0.9964912127848068
1828	1838	0.0008235378569772391
1829	118	0.002407418406250057
1829	514	0.001149426599190803
1829	703	0.0007323715906657472
1829	768	2.611740041996182e-09
1829	1530	1.870577839767508e-07
1829	1715	0.0007081392674473353
1829	1829	0.995002454466922
1830	60	0.003021941682039439
1830	1071	0.003509688422888609
1830	1190	0.001166561480387807
1830	1830	0.9923018084146842
1831	108	1.983189951320911e-07
1831	145	0.0002123115607717557
1831	389	0.0005162142740581433
1831	499	0.003464964239013168
1831	574	0.003293117918459938
1831	944	0.006484808588635395
1831	1831	0.9860283851000665
1832	76	0.0001746964801246187
1832	429	0.001071960708921295
1832	1176	0.0011147275893032
1832	1255	0.001901725011929849
1832	1832	0.995736890209721
1833	27	0.001792000575326263
1833	362	1.138047051412739e-07
1833	698	0.0002415544957059094
1833	1466	0.0008660244061482631
1833	1503	4.810486392365187e-05
1833	1567	0.001397955124418512
1833	1833	0.9956542467297722
1834	133	0.0002091611879985713
1834	1634	0.002116577478076379
1834	1645	0.0004483556656017778
1834	1834	0.9954229773649546
1834	1843	0.001802928303368661
1835	28	0.003262812338453738
1835	344	0.000414666252278964
1835	586	0.0004173523406783307
1835	1754	0.001340802288287097
1835	1799	0.0008019309705434481
1835	1835	0.9937624358097584
1836	226	0.002025645661732379
1836	525	0.0001787438755831155
1836	610	0.0002536362543881375
1836	768	0.0004160297074853906
1836	805	0.000718541420423118
1836	1671	0.0005546196373423264
1836	1836	0.9958527834430455
1837	295	0.002109147325572612
1837	674	0.002252415739479844
1837	1056	0.008644258670054838
1837	1142	0.0006667884471232486
1837	1819	7.522732451052314e-08
1837	1837	0.986327314590445
1838	215	0.0005380080490036023
1838	876	0.0008647488643321709
1838	918	0.0006571984229447398
1838	931	0.0004815629131215445
1838	1828	0.0005465769160330088
1838	1838	0.99641727404828
1838	1862	0.0004946307862849511
1839	106	0.004598324332142642
1839	402	0.001830190559870332
1839	527	0.000627073621942728
1839	1286	0.0003218443909493374
1839	1398	0.002397874549956013
1839	1839	0.9902246925451389
1840	183	0.0003265956011787961
1840	359	0.002310420815879801
1840	693	0.0006660398766426193
1840	1335	0.001321280140951953
1840	1435	0.0006659728953235617
1840	1652	0.0002605451457973748
1840	1840	0.9944491455242259
1841	83	0.001110307850316605
1841	465	0.001759529550632511
1841	985	0.0009228282739430842
1841	1841	0.9962073343251078
1842	447	0.0001834502824314202
1842	457	2.030647835046532e-07
1842	630	0.002239100713837092
1842	815	0.0004147538429199083
1842	1111	0.0009400125934513533
1842	1821	8.900785827024928e-07
1842	1842	0.9947562126589233
1842	1908	0.001464574884301817
1842	1960	8.018807687785984e-07
1843	133	0.001587415336410661
1843	488	0.001190459357109547
1843	516	3.467521647117175e-05
1843	1413	0.001158494296566114
1843	1634	2.407481657696535e-09
1843	1843	0.9960289533859609
1844	76	0.001328408857165859
1844	291	0.0003418358879009486
1844	1083	0.001387745537195844
1844	1164	0.001065252422804923
1844	1249	0.0002073004001360765
1844	1844	0.9956694568947964
1845	519	0.01567760840238244
1845	923	0.0005301134741102557
1845	1014	0.002238348808302619
1845	1142	0.0001630533075579241
1845	1845	0.9813908760076467
1846	51	0.001705470322281729
1846	277	0.0001069591505522777
1846	1141	0.001543702426144736
1846	1308	1.062720983199875e-06
1846	1846	0.9966427020374626
1846	1951	1.033425754033843e-07
1847	116	0.0002571221467249179
1847	326	9.288778125040982e-05
1847	451	0.0006637956890581581
1847	467	0.0003472218814088232
1847	1465	0.001320289399247213
1847	1682	5.647841809948662e-09
1847	1847	0.9964707015197508
1847	1849	0.0004102252219320772
1847	1886	0.0004377507127857599
1848	32	0.0002007134298235122
1848	821	3.699295639898257e-05
1848	1349	0.001265187668446621
1848	1581	0.0005518903622039783
1848	1621	2.96180338248693e-05
1848	1622	0.001795089738740851
1848	1848	0.9961205078105612
1849	116	0.0004048209252737349
1849	407	0.0004211877612996778
1849	451	0.0004867499331318772
1849	842	0.0009628374477216632
1849	1424	0.0003484252947452745
1849	1847	0.0001415316237067275
1849	1849	0.997234447014121
1850	427	1.492835730934356e-07
1850	1062	0.001606075430257963
1850	1850	0.9939845317744078
1850	1955	9.370013331809158e-28
1850	1956	0.004409243511761061
1851	1851	0.9997951139093088
1851	1907	0.0002048860906912903
1852	426	0.000751238393673946
1852	1394	3.033515097124393e-08
1852	1447	0.003798331235162015
1852	1852	0.995450400036013
1853	21	1.03905390278358e-26
1853	348	0.001005085146272748
1853	497	0.004168900716154261
1853	857	6.237357254731262e-07
1853	1853	0.9948253904018475
1854	352	0.0005925467422766392
1854	1672	0.002947662633448329
1854	1747	0.004544735026510541
1854	1854	0.9919014534009374
1854	1900	1.360219682711916e-05
1855	51	0.001405819580416607
1855	292	0.0004900875125402862
1855	435	6.290727061411046e-10
1855	642	0.0003076082389147837
1855	807	0.0002745820112031033
1855	1689	0.002881575885059215
1855	1708	6.77450463205286e-05
1855	1855	0.9943794459359063
1855	1948	0.0001931351605664262
1856	1479	0.0007792810921277044
1856	1751	0.0003683540483809819
1856	1856	0.9988523021170433
1856	1970	6.274244799793892e-08
1857	874	6.293875536685484e-10
1857	1479	7.622055461739497e-28
1857	1741	0.0003434676080770489
1857	1857	0.9993863515285708
1857	1920	0.0002701802339646596
1857	1941	2.812249349548742e-27
1858	195	0.001611864474756476
1858	350	0.0001439351031818358
1858	649	0.000832788516456588
1858	1034	0.001584794072706793
1858	1858	0.9958266178328983
1859	68	0.0004977406653661866
1859	256	2.722071506979343e-05
1859	372	0.0005916652193055584
1859	808	0.0035694107443266
1859	877	0.0005308786421006125
1859	1859	0.9945402340880919
1859	1928	0.0002428499257393047
1860	79	0.0003231371120399172
1860	293	0.0007940816057432859
1860	618	0.00100563956746287
1860	987	0.002117710103900381
1860	1378	0.0010611033157624
1860	1457	0.0002925388796136135
1860	1860	0.9944057894154775
1861	664	0.001120409615943979
1861	907	0.0001356866951995301
1861	1021	0.0005231752991185297
1861	1037	0.001141749872455673
1861	1385	0.0007851467023918284
1861	1750	0.0002364174871417898
1861	1861	0.9960574143277486
1862	45	0.00137962077125213
1862	771	2.806254982366397e-08
1862	836	0.0005248492307720003
1862	876	0.0005226447101448942
1862	918	0.0006184630761173968
1862	1632	0.000309862102184061
1862	1838	0.0004256824305674155
1862	1862	0.9962187240582723
1862	1940	1.255581399724185e-07
1863	1649	0.001731875766030413
1863	1674	8.031828571047102e-10
1863	1863	0.9971838115951692
1863	1919	0.0006889729634651117
1863	1936	0.0003953388721523873
1864	471	2.178668386982506e-05
1864	755	0.0007952508140943191
1864	1150	0.001520392136399343
1864	1618	0.001198376291612401
1864	1771	0.001120239819606594
1864	1864	0.9953439542544176
1865	245	0.002599926543897241
1865	940	0.0008857271047130393
1865	1430	0.002972596346653975
1865	1790	0.001110374785261048
1865	1865	0.9924313752194747
1866	220	2.371267439598183e-09
1866	319	0.001393548708809789
1866	763	0.001260973245974573
1866	840	0.0008432275776169214
1866	1148	0.0006689607853290249
1866	1866	0.9958332873110023
1867	1867	0.9996496959199762
1867	1938	0.0003503040800238194
1868	289	0.0005828713994819198
1868	1744	0.0009153474386353273
1868	1745	0.001246493685155989
1868	1868	0.9972552874767268
1869	347	0.0009916142117781315
1869	1201	0.0003074934527843915
1869	1509	0.001283549877716547
1869	1747	0.004547925903874184
1869	1869	0.9905718668835207
1869	1930	0.002297549670326041
1870	179	0.001168650284571697
1870	394	0.0009409377509369095
1870	660	3.656002150870135e-08
1870	1178	0.0009753212390239188
1870	1810	0.0001402018899955937
1870	1870	0.9967748522754504
1871	577	7.474830573677796e-05
1871	694	0.001578579561994812
1871	812	4.560818216895107e-05
1871	849	0.0006779075579743996
1871	1583	0.0009259563134239958
1871	1871	0.9966972000787011
1872	272	0.0007404553487795159
1872	782	2.171257590007953e-06
1872	1140	0.0004032513310179763
1872	1177	0.002082528158856208
1872	1872	0.9925789540802182
1872	1874	0.0001745947955287465
1872	1878	9.670159684555774e-12
1872	1911	0.004018045018339128
1873	56	0.0004325116214166075
1873	1094	6.501812546064933e-12
1873	1204	0.0001858747630356276
1873	1693	0.000792900892653562
1873	1791	0.002580014185512948
1873	1873	0.9954283047247224
1873	1942	0.00058039380615699
1874	531	9.42510502119125e-07
1874	1065	6.385816755626384e-09
1874	1619	0.0004058720679356142
1874	1872	0.003554636238910691
1874	1874	0.9911648844735207
1874	1878	0.001110031358880389
1874	1906	0.002470504328151477
1874	1911	0.001289585040586974
1874	1916	3.537595695271759e-06
1875	229	0.005439753947758156
1875	818	0.001157945584494958
1875	936	0.0001673700959815802
1875	1875	0.9912816067960687
1875	1876	2.891007140031819e-08
1875	1877	0.001953294665625203
1876	583	0.001453593855814718
1876	818	0.001350813831099778
1876	1073	0.001629756071732544
1876	1641	7.294218746964466e-06
1876	1681	0.0002496864874634966
1876	1811	0.00074003905997092
1876	1875	4.554997226753273e-08
1876	1876	0.9945687709251994
1877	222	0.001280174190571958
1877	229	9.404820543096669e-05
1877	818	0.003218537950409222
1877	819	0.0003932640079961336
1877	1875	0.0002746408813396613
1877	1877	0.994739334764252
1878	531	0.001259800569802929
1878	1140	0.000603255039603667
1878	1533	0.0001139094576230289
1878	1619	0.00015893985579096
1878	1872	1.418691012520718e-07
1878	1874	0.002425097307866769
1878	1878	0.9934001644018118
1878	1906	0.001458110795658916
1878	1917	0.0005805807027406488
1879	256	0.001725127560098518
1879	678	0.001802376363742687
1879	934	0.0001685325318838618
1879	1773	0.005147865362346313
1879	1879	0.9911560981819286
1880	578	0.002395137037393303
1880	604	0.0003299413066464643
1880	1405	2.948721132080715e-08
1880	1521	2.5619058488833e-05
1880	1700	0.002155295681358389
1880	1880	0.9950939774289017
1881	222	0.001166985443594534
1881	757	0.0002353796963087873
1881	837	0.001630215286818738
1881	881	0.001294804793200424
1881	1693	0.0007041032406025256
1881	1881	0.994968511539475
1882	26	0.001401824490899162
1882	550	0.00339711894850633
1882	1126	0.004181625484686467
1882	1561	0.0002837757896593158
1882	1648	0.0003486125657166443
1882	1882	0.9903870427205321
1883	568	6.091489900989569e-07
1883	825	0.002555592554543901
1883	828	3.102275869164872e-07
1883	879	0.0008322808521516316
1883	954	9.669858182337762e-05
1883	1090	0.0008278813626421464
1883	1883	0.995686627272262
1884	160	0.001842629935700285
1884	612	0.0005661304796376953
1884	630	5.168598828684506e-05
1884	883	0.0007231421126873511
1884	1328	0.0005271544210144874
1884	1726	5.552217192119137e-08
1884	1821	4.130237520552608e-05
1884	1884	0.9948413612388475
1884	1967	0.001406537926448396
1885	200	2.090832420438009e-28
1885	503	0.003435831670745991
1885	1885	0.9958358596581487
1885	1964	0.0007283086711053215
1886	92	6.952919777498328e-05
1886	326	0.0008347252376449792
1886	467	0.0006344884975676549
1886	1058	0.001405952714038527
1886	1241	0.0002864358138086091
1886	1465	1.178498868110544e-07
1886	1847	0.0008464762938639003
1886	1886	0.9959222743954146
1887	433	0.0007151809068644849
1887	454	7.930088175466896e-28
1887	983	0.0004024545286335139
1887	1417	1.13288018931242e-27
1887	1737	0.003693802977231175
1887	1759	2.963786062314972e-27
1887	1887	0.9951885615872709
1888	79	0.0005375797976204051
1888	597	0.001484762293740498
1888	883	5.826644448137891e-05
1888	930	0.0005544215663614809
1888	1126	0.0004890442657845103
1888	1595	0.0008035053290889904
1888	1648	0.0003668119141420564
1888	1888	0.9957056083887806
1889	466	0.001280849128382892
1889	704	0.001991928188831826
1889	712	0.0003051166453756773
1889	1889	0.9964033139877457
1889	1933	1.879204966406142e-05
1890	115	0.002013961564547728
1890	427	0.001572956803786035
1890	1890	0.9945348107446442
1890	1892	0.001878270887021929
1891	662	0.0003174223518127975
1891	1891	0.9963719134182377
1891	1900	0.00236447230202443
1891	1921	0.0009461919279251267
1892	115	0.001211680666867321
1892	776	0.002031646548376371
1892	1767	9.235194256661414e-05
1892	1890	0.001303968795772849
1892	1892	0.9945280089938974
1892	1905	0.0008322512111340746
1892	1968	9.184138538842487e-08
1893	445	0.0003981011973963264
1893	1497	0.003400212967055327
1893	1769	0.00259354624705863
1893	1893	0.9936081395884897
1894	358	0.0009696807110670461
1894	1468	0.0005099396364257427
1894	1894	0.9958636588930094
1894	1903	0.00265672075949776
1895	102	0.002538009729515212
1895	267	0.0008837794567984457
1895	737	0.003910348949176959
1895	1624	1.851993629821198e-07
1895	1895	0.9926676766651464
1896	1430	0.002141251185933265
1896	1519	0.001548635744773764
1896	1790	0.0009632392505265102
1896	1896	0.9953468738187664
1897	206	9.515511951492581e-06
1897	613	0.000485057168406988
1897	776	0.0001417067592360542
1897	856	0.001914725878132754
1897	1195	0.001939071265669217
1897	1748	0.003890154556037788
1897	1897	0.9916197688605657
1898	879	0.0005500316080182976
1898	945	0.000376368991980562
1898	1249	4.446879894662485e-09
1898	1587	0.0008970461061879837
1898	1800	0.001302489885773518
1898	1898	0.9968740589611598
1899	372	5.312617640280061e-05
1899	1899	0.9895636382707984
1899	1912	0.009750773295866572
1899	1928	0.0006324622569321314
1900	352	0.00330792169396868
1900	1854	0.003782872402483438
1900	1891	0.0004056844550558361
1900	1900	0.9925035214484921
1901	160	1.61246641236749e-07
1901	293	0.0008592110523285212
1901	666	0.00110319109236464
1901	987	0.0006439429138059175
1901	1042	0.0007592173816145474
1901	1494	0.0002338570321563769
1901	1726	0.001074809585286995
1901	1901	0.9953256096958017
1902	48	5.158586100760754e-08
1902	193	0.004278887882893547
1902	893	0.0006909375924439214
1902	1559	7.475083272127021e-07
1902	1571	0.001323078064521159
1902	1649	1.659914980940273e-09
1902	1902	0.9937062957060382
1903	358	0.001343791219864024
1903	1342	0.0009663690674789541
1903	1894	0.001419426001140123
1903	1903	0.9962704137115169
1904	150	0.005063663050685647
1904	1427	0.001379039204135894
1904	1481	1.823564243137952e-27
1904	1767	4.017209832026837e-08
1904	1904	0.9930654713663905
1904	1947	0.0004917862066897095
1905	137	1.352014148513626e-27
1905	206	0.003017082762129949
1905	776	0.000683830711202202
1905	1539	2.113488293030583e-05
1905	1767	1.124300705194476e-26
1905	1892	0.0005823335630651359
1905	1905	0.9956956180806724
1906	1065	0.001812443776731832
1906	1695	0.0001223328411839658
1906	1872	2.912901123421535e-07
1906	1874	0.0008005228832709341
1906	1878	0.0006198842647520168
1906	1906	0.9937629596412495
1906	1911	0.00199112423853596
1906	1917	0.0008904410641634249
1907	1781	0.0002954605974459462
1907	1851	7.814763994863283e-05
1907	1907	0.9974082605479603
1907	1923	0.002218131214645042
1908	425	0.0008236757629633019
1908	630	2.627413945956012e-07
1908	815	0.0002489682123023411
1908	1794	0.0001375376360478648
1908	1802	4.617025799202119e-07
1908	1821	0.001672882318767148
1908	1842	0.002033318255344686
1908	1908	0.9944756616107483
1908	1969	0.0006072317598518912
1909	73	2.950488017964567e-08
1909	289	0.0004823904411531943
1909	501	1.285064448098271e-07
1909	965	0.0005298764194106564
1909	1744	0.003655118870164114
1909	1812	0.002430750257823991
1909	1909	0.9929017060001231
1910	189	0.0001322587143851545
1910	584	0.003113134856892849
1910	759	5.827637982331242e-07
1910	836	0.001818629834262969
1910	1910	0.9946914295999096
1910	1940	0.0002439642307511437
1911	264	0.00273177363783825
1911	272	1.827541394922462e-10
1911	782	0.004293767220359747
1911	1065	0.0002660506772526859
1911	1177	0.0001657462124683842
1911	1911	0.9925426620693268
1912	13	5.084147832321931e-07
1912	214	0.0006466968338848491
1912	807	1.223230641649697e-07
1912	1912	0.9846492513331963
1912	1928	0.001743129805432187
1912	1949	2.140520553931119e-07
1912	1950	0.01296007723758391
1913	69	0.001043707861144925
1913	583	0.001536931257392725
1913	837	0.0001223811005421626
1913	845	0.002325227035428781
1913	1073	1.885103263419137e-07
1913	1913	0.9949715642351651
1914	64	0.0005099641547896171
1914	138	0.0003039794222809602
1914	307	0.002743197095624822
1914	331	4.281752262377746e-05
1914	1285	0.00338080482389842
1914	1389	0.001261371112703294
1914	1559	0.001180082094835173
1914	1571	1.350000044783542e-07
1914	1914	0.9905776487732395
1915	53	7.375105273208112e-12
1915	261	5.043828001154662e-07
1915	828	0.0001375178593489364
1915	879	1.346139666872175e-10
1915	954	0.0001544922663344162
1915	1090	0.001234026994516342
1915	1697	5.005984153482519e-05
1915	1883	0.003013047368175559
1915	1915	0.9954103511453007
1916	272	0.002526452033788854
1916	495	1.478260372977452e-06
1916	633	0.001835942511628827
1916	1140	0.0002026734400051607
1916	1872	0.002608873165432412
1916	1874	0.0002779416990988526
1916	1916	0.9925466388896729
1917	531	0.0009485561942594447
1917	669	0.0003360892031477284
1917	1533	0.0008557373910641898
1917	1878	0.003260929384663929
1917	1906	0.001896371098023972
1917	1917	0.9927023167288407
1918	1171	0.002493663288810536
1918	1344	0.0002755973302488619
1918	1752	0.001198088355288815
1918	1918	0.9960326510256517
1919	179	0.0002476474599107539
1919	660	1.176626256784514e-07
1919	1585	0.0002461404184954682
1919	1649	0.0005021881810687921
1919	1863	0.001222548143557581
1919	1919	0.9949483218028868
1919	1931	0.002833036331454976
1920	874	0.0008351603652107878
1920	1741	0.0003587609630512957
1920	1857	0.000506778010399454
1920	1920	0.9974461194170468
1920	1941	0.0008531812442916437
1921	352	0.002650868904960891
1921	662	0.0002471614028982162
1921	1279	0.0009253363273756883
1921	1891	0.001753948225086713
1921	1900	0.00397517304087225
1921	1921	0.9904475120988062
1922	82	1.093038582141007e-06
1922	197	0.0004935825095015885
1922	778	0.0005502296597091798
1922	959	8.966630749508745e-27
1922	1450	1.770602763317504e-27
1922	1529	0.001370128683522399
1922	1778	0.001109249063714885
1922	1922	0.9964757170449698
1923	859	0.001121047900673051
1923	1591	0.001995918201245688
1923	1781	8.219684217341283e-05
1923	1907	0.0009687657322814609
1923	1923	0.9958320713236264
1924	81	0.001866544186775715
1924	800	0.0002100444043439981
1924	1139	0.000344272709519443
1924	1177	7.558459981084849e-05
1924	1204	0.001079013025967898
1924	1924	0.9964245410735821
1925	728	0.0002239113261205256
1925	738	0.000183497856596626
1925	754	0.001354922260008978
1925	1113	5.683805990971581e-05
1925	1612	6.509377962614181e-05
1925	1640	0.001213728691069824
1925	1691	0.001624956647519473
1925	1925	0.9952770513791487
1926	250	7.573533872349709e-07
1926	455	0.002129532764962073
1926	540	3.152422607560324e-07
1926	567	0.001533910705244885
1926	777	0.001958403391346261
1926	1069	0.001091857471688588
1926	1178	4.027401251481196e-05
1926	1926	0.9932449490585954
1927	1356	0.001816798643748634
1927	1677	0.00165716261349755
1927	1927	0.9953554599221737
1927	1930	0.001170578820580102
1928	214	0.00226956956922073
1928	372	0.0003863531146176087
1928	808	0.0009805754119723
1928	865	4.462907161264211e-10
1928	1859	0.0001560359767094489
1928	1912	0.0006207789349579127
1928	1928	0.9955218089573084
1928	1950	6.487758892287878e-05
1929	641	0.001103083618837715
1929	729	0.001125257278337806
1929	1220	0.0002367021793138929
1929	1677	0.001263317428393377
1929	1927	0.001153326673892131
1929	1929	0.9951183128212251
1930	347	7.399059467384973e-05
1930	1201	0.0008816997220630978
1930	1356	0.001481389019391596
1930	1672	0.0006725240288067511
1930	1747	0.0006667422411054711
1930	1869	0.001677177129542181
1930	1927	0.0001149145326822253
1930	1930	0.9944315627317348
1931	64	8.423174402962632e-07
1931	307	1.620941897473061e-06
1931	492	0.003843443213073426
1931	1559	0.001495625475791086
1931	1649	0.0003612379523014478
1931	1863	9.619799074337933e-08
1931	1919	0.0002208558782627468
1931	1931	0.9940762780232428
1932	165	9.689517259755693e-08
1932	189	0.0001693514045291545
1932	591	0.0001278714781820395
1932	759	0.0003188312465300009
1932	1580	5.178867850168691e-07
1932	1910	0.003236253312384999
1932	1932	0.9949899724205357
1932	1940	0.001157105355880521
1933	35	0.0003798231891572557
1933	466	0.001376772128030601
1933	562	3.81162038014675e-05
1933	712	0.0007147701637204962
1933	1712	0.0008590354471997386
1933	1889	3.991696341544962e-05
1933	1933	0.996591565904675
1934	267	0.0007697820082277092
1934	1934	0.9984828258328012
1934	1938	0.0007473921589709625
1935	589	0.0003303208915168022
1935	602	0.0001238824410281327
1935	696	0.0008587632553140756
1935	1815	0.001002475778250694
1935	1935	0.9964999886109209
1935	1939	0.001184569022969426
1936	560	2.509852366661954e-05
1936	660	0.0002125857080573796
1936	1649	0.0002360056513359099
1936	1674	0.001320800494153916
1936	1863	0.001364866134489125
1936	1936	0.996840643488297
1937	33	0.001087885523162544
1937	620	0.002353131451114916
1937	887	0.0001377791011929287
1937	1170	0.0001008743947053522
1937	1937	0.9951014873405507
1937	1958	0.001218842189273623
1938	1867	0.001688145273389598
1938	1934	0.00037994627533732
1938	1938	0.9979319084512731
1939	151	7.668786890377329e-05
1939	954	1.9314954349217e-07
1939	1191	0.0002286295269476543
1939	1697	0.001889362794698841
1939	1815	0.001191041703815418
1939	1935	0.0004222881675469693
1939	1939	0.9961917967885439
1940	165	2.554573148370165e-05
1940	836	0.0007657415177234992
1940	876	0.001327304575065988
1940	931	0.0001758359635755833
1940	1910	0.0002464642682052636
1940	1932	0.001272978743628058
1940	1940	0.9961861292003179
1941	23	0.0004178629777932104
1941	998	0.0007507262775747726
1941	1857	2.926420401524429e-27
1941	1920	0.0003441451004194894
1941	1941	0.9984872656442125
1942	240	0.0001626514533340931
1942	800	0.001033394765650519
1942	860	0.001504520598485071
1942	1693	0.0004530545980045285
1942	1873	0.0004228815045756216
1942	1942	0.9960024736765295
1942	1944	0.0004210234034206167
1943	1372	3.766285403522209e-07
1943	1661	0.001405998410631527
1943	1698	0.004112626771210383
1943	1943	0.9928863982510783
1943	1971	0.001594599938539453
1944	56	0.00171777893476025
1944	800	0.0007011957167357858
1944	1094	5.464990494013074e-07
1944	1873	0.003296619625568222
1944	1942	0.0005691489629245691
1944	1944	0.9937147102609618
1945	189	0.002815384221051574
1945	759	0.002756496178241489
1945	796	0.0002697865130436292
1945	1698	0.0001954350676655453
1945	1945	0.99317307766607
1945	1971	0.0007898203539277438
1946	213	0.001877618581320498
1946	401	0.0006927799737558172
1946	1036	0.0003341351940279025
1946	1481	0.0004847003472204996
1946	1946	0.9951190204386722
1946	1947	0.001491745465003044
1947	511	3.153918456269975e-27
1947	1136	9.71362649199908e-27
1947	1481	0.0004961676947524811
1947	1904	0.001790100761067227
1947	1946	0.001536180347075797
1947	1947	0.9961775511971045
1948	51	2.06301297549205e-26
1948	204	5.227777315869857e-07
1948	1846	0.001890968250475333
1948	1855	0.001745027296063881
1948	1948	0.9954329517003929
1948	1949	8.486075575495765e-11
1948	1951	0.0009305298904754754
1949	1708	0.00206754384507717
1949	1912	0.001213671545301369
1949	1948	1.67186382506685e-07
1949	1949	0.9887579995523778
1949	1951	0.007960617870861195
1950	214	0.0006638488906493341
1950	807	0.001575655490873484
1950	1708	0.002545133946016997
1950	1928	5.259351666685713e-05
1950	1949	0.008998847460648994
1950	1950	0.9861639206951444
1951	204	0.008168094557381359
1951	1708	0.0003087712357508197
1951	1846	4.556860671785821e-07
1951	1948	0.00195230271635655
1951	1951	0.9895703758044441
1952	190	0.002433443985555275
1952	774	9.464527778096065e-05
1952	1952	0.9946174768400223
1952	1953	0.001090888453283945
1952	1954	0.001763545443357451
1953	774	0.001814005587253268
1953	1753	0.0004993247141401684
1953	1952	0.001117476451099769
1953	1953	0.9965282584542707
1953	1954	4.093479323609068e-05
1954	190	0.0008679760155847304
1954	774	0.0001779531323417023
1954	1112	1.75516096990982e-05
1954	1802	0.003924435976217328
1954	1804	0.00198448851049761
1954	1952	0.001633930874501224
1954	1953	0.0001257173003957072
1954	1954	0.9912678363001335
1954	1969	1.102806291248685e-07
1955	447	4.410962670124493e-27
1955	511	8.990354611741671e-05
1955	1112	8.84944714260297e-27
1955	1735	0.003000127603850833
1955	1850	4.842278764874686e-08
1955	1955	0.9965395587375737
1955	1956	0.0003703616896703694
1955	1960	4.424273261595257e-27
1956	251	1.962483469823981e-07
1956	447	2.831001239270448e-27
1956	1112	1.421977524507537e-27
1956	1547	0.001164315303751182
1956	1955	0.002300010450702522
1956	1956	0.9965354779971993
1956	1960	1.420860311184839e-27
1957	1751	0.00137599395337201
1957	1957	0.9973532816695719
1957	1970	0.001270724377056058
1958	186	0.0005438038445345459
1958	620	0.001141094642366795
1958	835	0.00177427344643795
1958	1937	2.648709485026612e-05
1958	1958	0.9965143409718105
1959	639	4.832583059238253e-27
1959	846	3.534709167088848e-05
1959	1187	0.001273589077869036
1959	1586	0.0003218560877119275
1959	1696	0.002887472241254857
1959	1959	0.9952913285432405
1959	1962	0.0001904069582528119
1960	447	0.007062331901183229
1960	815	0.004346869703005819
1960	1111	1.62157080478523e-05
1960	1802	0.00153048030700641
1960	1804	0.0004175250559038039
1960	1955	4.280156920949492e-27
1960	1956	1.426718973702273e-27
1960	1960	0.9866265773248529
1961	122	0.005887653039005467
1961	145	8.09263733991157e-08
1961	581	0.000748450388661635
1961	605	7.756797836670049e-05
1961	1096	0.00116326982936447
1961	1428	4.548198618652248e-08
1961	1961	0.9921229323562422
1962	225	0.002286599528719968
1962	1187	6.253841526252691e-08
1962	1586	0.00267895477922109
1962	1803	0.0009576755892989482
1962	1959	6.134296041865748e-06
1962	1962	0.9940705732683028
1963	405	0.0002284979580601265
1963	426	0.001539572290373321
1963	1186	5.574571818109961e-09
1963	1325	0.002698463081597613
1963	1852	0.001478203021074439
1963	1963	0.9940552580743227
1964	1143	9.544662032316909e-05
1964	1749	0.0003567758614710608
1964	1826	0.003902913929011074
1964	1885	0.0003137344376397964
1964	1964	0.9953311291515549
1965	200	0.0008799074354019996
1965	938	0.002651860153070783
1965	1965	0.9964682324115273
1966	123	0.0002062833067754359
1966	552	0.00102936467191322
1966	584	0.001181946218676166
1966	1619	0.004043694705464394
1966	1910	3.473473931271497e-07
1966	1966	0.9935383637497777
1967	457	0.0003834549426785773
1967	612	0.001723631816225806
1967	630	8.49344796321016e-05
1967	1643	0.0005165650432042698
1967	1821	9.434605841990867e-08
1967	1884	0.00127838217084149
1967	1967	0.9960129372013593
1968	40	9.57341507500053e-27
1968	115	0.001488149243911375
1968	776	0.0008656157497749353
1968	1195	0.001396415261123563
1968	1762	6.99741017995916e-07
1968	1892	2.181349461399083e-08
1968	1968	0.9962490981906775
1969	190	0.0003078662190452041
1969	425	1.709896221720798e-06
1969	815	0.0002765927429050208
1969	1794	0.00166972759456671
1969	1802	0.001210061958350373
1969	1842	2.430664076602721e-07
1969	1908	0.002407378655439421
1969	1954	1.482687199036194e-09
1969	1969	0.9941264183843767
1970	1751	0.001301197819788152
1970	1957	0.002527509052121385
1970	1970	0.9961712931280905
1971	123	0.0006652132274884481
1971	189	0.002045219412758799
1971	1698	0.0005881146456086331
1971	1943	0.002250651378928974
1971	1945	0.0006074174130909683
1971	1966	0.002103798110296077
1971	1971	0.9917395858118281
1972	142	0.002109839188901637
1972	436	0.004439776551758218
1972	716	0.002398875911170598
1972	816	4.04578847447459e-05
1972	978	0.001470600329343457
1972	1044	0.0002161348274523348
1972	1464	0.001644872539605268
1972	1972	0.9876794427670238
